검토ID,우선순위,분류,문구ID,경로,소스,위치,현재원문,검토이유,수정방향,출처판단
F001,P2,중복,T00037,/cases/,content/pages.json,/3/description,영통탑내과 홈페이지에 게시된 진단 사례의 원문 링크를 안내합니다. 개인별 진료 경과는 서로 다르므로 본인의 증상과 검사 필요성은 의료진과 상담하세요.,사례의 개인차를 도입과 본문에서 연속 고지한다. 원문 연결과 개인차 안내 자체는 필요하다.,원문으로 이동한다는 설명과 개인차 안내를 한 번으로 합친다.,현재 구현에서 확인; 원 작성 주체는 이 문구만으로 단정하지 않음
F001,P2,중복,T00039,/cases/,content/pages.json,/3/intro,영통탑내과 홈페이지에 게시된 진단 사례의 원문 링크를 안내합니다. 개인별 진료 경과는 서로 다르므로 본인의 증상과 검사 필요성은 의료진과 상담하세요.,사례의 개인차를 도입과 본문에서 연속 고지한다. 원문 연결과 개인차 안내 자체는 필요하다.,원문으로 이동한다는 설명과 개인차 안내를 한 번으로 합친다.,현재 구현에서 확인; 원 작성 주체는 이 문구만으로 단정하지 않음
F001,P2,중복,T00041,/cases/,content/pages.json,/3/blocks/0/text,아래 링크를 선택하면 기존 병원 홈페이지의 사례 원문으로 이동합니다. 원문에 소개된 진단과 치료 결과가 같은 증상을 가진 모든 사람에게 적용되는 것은 아닙니다.,사례의 개인차를 도입과 본문에서 연속 고지한다. 원문 연결과 개인차 안내 자체는 필요하다.,원문으로 이동한다는 설명과 개인차 안내를 한 번으로 합친다.,현재 구현에서 확인; 원 작성 주체는 이 문구만으로 단정하지 않음
F002,P1,문맥불일치,T00045,/checkups/,content/pages.json,/4/description,건강 상태를 확인하는 검진과 제출용 서류를 구분해 안내합니다. 제출처의 양식·검사 항목·기한이 있다면 방문 전에 확인하세요.,건강검진과 제출 서류를 모두 다루는 허브인데 일반 진행 순서가 양식·봉인·사진 등 제출용 검진에 치우쳐 있다.,진행 순서의 대상을 제출용 검진으로 명시하고 국가검진 동선과 구별한다.,현재 구현에서 확인; 원 작성 주체는 이 문구만으로 단정하지 않음
F002,P1,문맥불일치,T00047,/checkups/,content/pages.json,/4/intro,건강 상태를 확인하는 검진과 제출용 서류를 구분해 안내합니다. 제출처의 양식·검사 항목·기한이 있다면 방문 전에 확인하세요.,건강검진과 제출 서류를 모두 다루는 허브인데 일반 진행 순서가 양식·봉인·사진 등 제출용 검진에 치우쳐 있다.,진행 순서의 대상을 제출용 검진으로 명시하고 국가검진 동선과 구별한다.,현재 구현에서 확인; 원 작성 주체는 이 문구만으로 단정하지 않음
F002,P1,문맥불일치,T00049,/checkups/,content/pages.json,/4/blocks/0/text,제출 기관마다 검사 항목과 양식이 다를 수 있습니다. 필요한 서류와 제출 기한을 확인한 뒤 해당 검진 안내를 선택하세요.,건강검진과 제출 서류를 모두 다루는 허브인데 일반 진행 순서가 양식·봉인·사진 등 제출용 검진에 치우쳐 있다.,진행 순서의 대상을 제출용 검진으로 명시하고 국가검진 동선과 구별한다.,현재 구현에서 확인; 원 작성 주체는 이 문구만으로 단정하지 않음
F002,P1,문맥불일치,T00052,/checkups/,content/pages.json,/4/blocks/1/heading,일반적인 진행 순서,건강검진과 제출 서류를 모두 다루는 허브인데 일반 진행 순서가 양식·봉인·사진 등 제출용 검진에 치우쳐 있다.,진행 순서의 대상을 제출용 검진으로 명시하고 국가검진 동선과 구별한다.,현재 구현에서 확인; 원 작성 주체는 이 문구만으로 단정하지 않음
F002,P1,문맥불일치,T00053,/checkups/,content/pages.json,/4/blocks/1/steps/0,제출 양식과 수검자 본인 확인,건강검진과 제출 서류를 모두 다루는 허브인데 일반 진행 순서가 양식·봉인·사진 등 제출용 검진에 치우쳐 있다.,진행 순서의 대상을 제출용 검진으로 명시하고 국가검진 동선과 구별한다.,현재 구현에서 확인; 원 작성 주체는 이 문구만으로 단정하지 않음
F002,P1,문맥불일치,T00059,/checkups/,content/pages.json,/4/blocks/1/steps/6,"사진 압인·계인, 직인, 봉인 등 제출 형식 확인",건강검진과 제출 서류를 모두 다루는 허브인데 일반 진행 순서가 양식·봉인·사진 등 제출용 검진에 치우쳐 있다.,진행 순서의 대상을 제출용 검진으로 명시하고 국가검진 동선과 구별한다.,현재 구현에서 확인; 원 작성 주체는 이 문구만으로 단정하지 않음
F003,P1,답변회피,T00081,/checkups/cancer-screening/,content/pages.json,/5/questions/0/answer,"검진마다 대상과 살펴보는 부위가 다릅니다. 본인의 검진 항목이 무엇인지 확인하고, 특정 증상이나 가족력에 관해 궁금한 점은 별도로 진료에서 상담하세요.",모든 암을 확인하느냐는 질문에 본원 5대 국가암검진 범위를 답하지 않고 항목 확인과 상담으로 끝난다. 같은 페이지에 범위가 있다.,"아니요라는 직접 답과 위·대장·간·유방·자궁경부 검진 범위, 검진의 한계를 먼저 설명한다.",현재 구현에서 확인; 원 작성 주체는 이 문구만으로 단정하지 않음
F004,P2,정보확인필요,T00083,/checkups/cancer-screening/,content/pages.json,/5/questions/1/answer,본인에게 해당하는 항목과 원하는 검사를 알려 가능 여부를 문의하세요. 같은 날 진행할 수 있는지와 준비·비용 조건을 함께 확인해 주세요.,동시 검진 가능 여부에 대한 운영 정보가 없어 문의 방법만 제공한다. 가능하다고 임의로 바꿀 수는 없다.,"동시 검진 가능 항목·예약 조건을 병원에 확인해 답변하고, 확인 전에는 불확실한 대상을 구체적으로 한정한다.",현재 구현에서 확인; 원 작성 주체는 이 문구만으로 단정하지 않음
F005,P1,요구사항대체,T00095,/checkups/drug-screening/,content/pages.json,/6/intro,"마약검사·영문서류는 제출처가 요구하는 검사 항목과 양식, 언어와 기한을 먼저 확인해 문의하세요. 영통탑내과에서 가능한 검사와 발급 조건을 대조하는 방법을 안내합니다.",검사·서류 안내가 아니라 환자가 무엇을 문의해야 하는지를 여러 문단으로 나열한다. 실제 시행하는 6종은 뒤에 묻혀 있다.,"시행 항목, 준비물, 결과·발급 예상 시간을 앞에 배치하고 제출기관별 차이만 뒤에 보완한다.",현재 구현에서 확인; 원 작성 주체는 이 문구만으로 단정하지 않음
F005,P1,요구사항대체,T00097,/checkups/drug-screening/,content/pages.json,/6/blocks/0/text,제출기관이 요구하는 검사 목록과 양식을 준비하세요. 마약검사라는 이름이 같아도 요구 항목과 결과지 형식이 같다고 볼 수 없습니다. 검사명만 말하기보다 필요한 항목이 적힌 안내문을 기준으로 가능 여부를 문의하는 것이 좋습니다.,검사·서류 안내가 아니라 환자가 무엇을 문의해야 하는지를 여러 문단으로 나열한다. 실제 시행하는 6종은 뒤에 묻혀 있다.,"시행 항목, 준비물, 결과·발급 예상 시간을 앞에 배치하고 제출기관별 차이만 뒤에 보완한다.",현재 구현에서 확인; 원 작성 주체는 이 문구만으로 단정하지 않음
F005,P1,요구사항대체,T00099,/checkups/drug-screening/,content/pages.json,/6/blocks/1/text,"영문서류가 필요하면 제출 목적, 요구 언어, 이름 표기와 지정 양식 여부를 함께 알려주세요. 필요한 신분 확인 자료는 방문 전에 문의하세요. 검사 시행 가능 여부와 제출처가 그 서류를 인정하는지는 각각 확인할 사항입니다.",검사·서류 안내가 아니라 환자가 무엇을 문의해야 하는지를 여러 문단으로 나열한다. 실제 시행하는 6종은 뒤에 묻혀 있다.,"시행 항목, 준비물, 결과·발급 예상 시간을 앞에 배치하고 제출기관별 차이만 뒤에 보완한다.",현재 구현에서 확인; 원 작성 주체는 이 문구만으로 단정하지 않음
F005,P1,요구사항대체,T00112,/checkups/drug-screening/,content/pages.json,/6/blocks/2/text,"검사 가능한 날짜와 결과지 발급 시점을 나누어 문의하세요. 제출 마감이 가까우면 그 날짜를 먼저 알리고, 원본 수령 방법과 재방문 필요 여부까지 확인하세요. 검사받는 날 곧바로 제출 가능한 서류가 완성된다고 가정하지 마세요.",검사·서류 안내가 아니라 환자가 무엇을 문의해야 하는지를 여러 문단으로 나열한다. 실제 시행하는 6종은 뒤에 묻혀 있다.,"시행 항목, 준비물, 결과·발급 예상 시간을 앞에 배치하고 제출기관별 차이만 뒤에 보완한다.",현재 구현에서 확인; 원 작성 주체는 이 문구만으로 단정하지 않음
F005,P1,요구사항대체,T00115,/checkups/drug-screening/,content/pages.json,/6/blocks/3/text,병원에 필요한 항목의 검사 가능 여부와 비용을 문의하세요. 다른 기관의 검사 패널이나 과거 안내의 항목 수만으로 현재 필요한 검사를 대신 확인할 수는 없습니다. 요구가 변경됐다면 예약 전에 다시 알려주세요.,검사·서류 안내가 아니라 환자가 무엇을 문의해야 하는지를 여러 문단으로 나열한다. 실제 시행하는 6종은 뒤에 묻혀 있다.,"시행 항목, 준비물, 결과·발급 예상 시간을 앞에 배치하고 제출기관별 차이만 뒤에 보완한다.",현재 구현에서 확인; 원 작성 주체는 이 문구만으로 단정하지 않음
F006,P1,방어적표현,T00112,/checkups/drug-screening/,content/pages.json,/6/blocks/2/text,"검사 가능한 날짜와 결과지 발급 시점을 나누어 문의하세요. 제출 마감이 가까우면 그 날짜를 먼저 알리고, 원본 수령 방법과 재방문 필요 여부까지 확인하세요. 검사받는 날 곧바로 제출 가능한 서류가 완성된다고 가정하지 마세요.",가정하지 마세요·대신 확인할 수는 없습니다·임의 표기로 접수하지 않도록 주의하세요 등 독자의 오판을 훈계하지만 실제 기준이 부족하다.,"제출기한과 검사별 소요시간, 공식 신분서류의 영문명 등 확인 가능한 기준을 설명하고 예외만 안내한다.",현재 구현에서 확인; 원 작성 주체는 이 문구만으로 단정하지 않음
F006,P1,방어적표현,T00115,/checkups/drug-screening/,content/pages.json,/6/blocks/3/text,병원에 필요한 항목의 검사 가능 여부와 비용을 문의하세요. 다른 기관의 검사 패널이나 과거 안내의 항목 수만으로 현재 필요한 검사를 대신 확인할 수는 없습니다. 요구가 변경됐다면 예약 전에 다시 알려주세요.,가정하지 마세요·대신 확인할 수는 없습니다·임의 표기로 접수하지 않도록 주의하세요 등 독자의 오판을 훈계하지만 실제 기준이 부족하다.,"제출기한과 검사별 소요시간, 공식 신분서류의 영문명 등 확인 가능한 기준을 설명하고 예외만 안내한다.",현재 구현에서 확인; 원 작성 주체는 이 문구만으로 단정하지 않음
F006,P1,방어적표현,T00139,/checkups/drug-screening/,content/pages.json,/6/questions/1/answer,"제출처가 요구하는 신분 서류와 이름 표기 기준을 먼저 확인해 알려주세요. 필요한 신분 확인 자료와 발급 조건은 병원에 문의하고, 임의 영문 표기로 접수하지 않도록 주의하세요.",가정하지 마세요·대신 확인할 수는 없습니다·임의 표기로 접수하지 않도록 주의하세요 등 독자의 오판을 훈계하지만 실제 기준이 부족하다.,"제출기한과 검사별 소요시간, 공식 신분서류의 영문명 등 확인 가능한 기준을 설명하고 예외만 안내한다.",현재 구현에서 확인; 원 작성 주체는 이 문구만으로 단정하지 않음
F007,P1,문맥불일치,T00118,/checkups/drug-screening/,content/pages.json,/6/blocks/4/text,현재 공식 서식의 검사 항목은 다음과 같습니다.,현재 공식 서식이라는 표현의 대상이 없다. 일반 마약검사 페이지에서 특정 공무원 서식을 모든 제출처에 적용하는 것으로 읽힐 수 있다.,해당 서식의 기관·대상·시행일을 바로 밝혀 일반 검사 항목과 제도상 의무를 구별한다.,현재 구현에서 확인; 원 작성 주체는 이 문구만으로 단정하지 않음
F008,P1,답변회피,T00138,/checkups/drug-screening/,content/pages.json,/6/questions/1/question,영문 결과지 이름은 무엇을 기준으로 문의하나요?,영문 이름 기준과 당일 발급 질문의 답이 반복적으로 문의로 끝난다. 질문도 무엇을 기준으로 문의하나요처럼 문의 행위 중심이다.,이름 표기 기준과 검사별 예상 발급일을 확인해 직접 답한다. 운영 정보가 없으면 확보 과제로 기록한다.,현재 구현에서 확인; 원 작성 주체는 이 문구만으로 단정하지 않음
F008,P1,답변회피,T00139,/checkups/drug-screening/,content/pages.json,/6/questions/1/answer,"제출처가 요구하는 신분 서류와 이름 표기 기준을 먼저 확인해 알려주세요. 필요한 신분 확인 자료와 발급 조건은 병원에 문의하고, 임의 영문 표기로 접수하지 않도록 주의하세요.",영문 이름 기준과 당일 발급 질문의 답이 반복적으로 문의로 끝난다. 질문도 무엇을 기준으로 문의하나요처럼 문의 행위 중심이다.,이름 표기 기준과 검사별 예상 발급일을 확인해 직접 답한다. 운영 정보가 없으면 확보 과제로 기록한다.,현재 구현에서 확인; 원 작성 주체는 이 문구만으로 단정하지 않음
F008,P1,답변회피,T00140,/checkups/drug-screening/,content/pages.json,/6/questions/2/question,마약검사 영문서류를 당일 받을 수 있나요?,영문 이름 기준과 당일 발급 질문의 답이 반복적으로 문의로 끝난다. 질문도 무엇을 기준으로 문의하나요처럼 문의 행위 중심이다.,이름 표기 기준과 검사별 예상 발급일을 확인해 직접 답한다. 운영 정보가 없으면 확보 과제로 기록한다.,현재 구현에서 확인; 원 작성 주체는 이 문구만으로 단정하지 않음
F008,P1,답변회피,T00141,/checkups/drug-screening/,content/pages.json,/6/questions/2/answer,당일 수령 가능 여부는 검사 항목과 발급 절차에 따라 확인해야 합니다. 필요한 항목·양식·제출 기한을 알려 검사 일정과 결과지 수령 일정을 함께 문의하세요.,영문 이름 기준과 당일 발급 질문의 답이 반복적으로 문의로 끝난다. 질문도 무엇을 기준으로 문의하나요처럼 문의 행위 중심이다.,이름 표기 기준과 검사별 예상 발급일을 확인해 직접 답한다. 운영 정보가 없으면 확보 과제로 기록한다.,현재 구현에서 확인; 원 작성 주체는 이 문구만으로 단정하지 않음
F009,P1,요구사항대체,T00148,/checkups/employment/,content/pages.json,/7/intro,"채용검진은 제출기관의 양식과 요구 항목을 확인한 뒤 예약하세요. 준비물, 검사 일정과 결과지 수령을 미리 문의하는 방법을 안내합니다.",채용검진의 준비와 발급기간이 아니라 미리 문의하는 방법을 안내한다는 소개문이다. 본문에는 준비물과 통상 발급기간이 있다.,본문의 준비물·금식 조건·발급기간을 짧게 요약해 페이지의 실질적 답을 제시한다.,현재 구현에서 확인; 원 작성 주체는 이 문구만으로 단정하지 않음
F010,P1,답변회피,T00177,/checkups/employment/,content/pages.json,/7/questions/0/answer,회사나 채용기관에 지정 양식과 요구 검사 항목을 먼저 확인하세요. 해당 양식을 준비해 영통탑내과에서 검사·작성 가능한 범위를 문의하면 제출 조건을 맞추는 데 도움이 됩니다.,FAQ가 본문에 있는 기본서식 가능 여부·통상 1일/2~3일·공복검사 금식 조건을 답하지 않고 재문의로 돌린다.,동일 페이지의 조건부 사실을 답변에 반영하고 회사별 추가 요구만 예외로 설명한다.,현재 구현에서 확인; 원 작성 주체는 이 문구만으로 단정하지 않음
F010,P1,답변회피,T00179,/checkups/employment/,content/pages.json,/7/questions/1/answer,"회사가 요구한 검사 목록과 제출 마감일을 알려주세요. 검사 가능한 날짜, 결과지 발급일과 수령 방법을 각각 확인하고 추가 확인에 시간이 필요한지도 문의하세요.",FAQ가 본문에 있는 기본서식 가능 여부·통상 1일/2~3일·공복검사 금식 조건을 답하지 않고 재문의로 돌린다.,동일 페이지의 조건부 사실을 답변에 반영하고 회사별 추가 요구만 예외로 설명한다.,현재 구현에서 확인; 원 작성 주체는 이 문구만으로 단정하지 않음
F010,P1,답변회피,T00181,/checkups/employment/,content/pages.json,/7/questions/2/answer,"회사에서 요구하는 검사 목록을 병원에 알려 필요한 준비를 확인하세요. 본인의 예약 항목에 맞는 음식·음료·복약 안내를 따르고, 다른 회사의 검진 안내와 혼동하지 마세요.",FAQ가 본문에 있는 기본서식 가능 여부·통상 1일/2~3일·공복검사 금식 조건을 답하지 않고 재문의로 돌린다.,동일 페이지의 조건부 사실을 답변에 반영하고 회사별 추가 요구만 예외로 설명한다.,현재 구현에서 확인; 원 작성 주체는 이 문구만으로 단정하지 않음
F011,P1,문맥불일치,T00189,/checkups/national/,content/pages.json,/8/intro,"국가건강검진은 본인의 대상 여부와 해당 항목을 먼저 확인한 뒤 예약하세요. 영통탑내과의 검사 가능 항목, 준비물과 결과 상담을 확인하는 순서를 안내합니다.",도입은 국가검진을 예약하라고 하지만 바로 아래에는 일반검진 당일 접수가 가능하다고 적혀 있다.,일반검진의 당일 접수와 내시경 예약을 도입부터 구분하고 예약 전 확인이라는 소제목도 범위에 맞춘다.,현재 구현에서 확인; 원 작성 주체는 이 문구만으로 단정하지 않음
F011,P1,문맥불일치,T00194,/checkups/national/,content/pages.json,/8/blocks/2/heading,영통탑내과 예약 전 확인,도입은 국가검진을 예약하라고 하지만 바로 아래에는 일반검진 당일 접수가 가능하다고 적혀 있다.,일반검진의 당일 접수와 내시경 예약을 도입부터 구분하고 예약 전 확인이라는 소제목도 범위에 맞춘다.,현재 구현에서 확인; 원 작성 주체는 이 문구만으로 단정하지 않음
F011,P1,문맥불일치,T00195,/checkups/national/,content/pages.json,/8/blocks/2/text,검진 안내문과 원하는 검사 목록을 준비하여 실제 가능한 항목과 예약 필요 여부를 문의하세요. 같은 날 내시경이나 초음파를 함께 원하는 경우에도 알려주세요. 추가 검사와 비용을 확인하면 예약 목적에 맞게 방문을 준비할 수 있습니다.,도입은 국가검진을 예약하라고 하지만 바로 아래에는 일반검진 당일 접수가 가능하다고 적혀 있다.,일반검진의 당일 접수와 내시경 예약을 도입부터 구분하고 예약 전 확인이라는 소제목도 범위에 맞춘다.,현재 구현에서 확인; 원 작성 주체는 이 문구만으로 단정하지 않음
F012,P1,중복,T00193,/checkups/national/,content/pages.json,/8/blocks/1/text,검진 안내문이나 국민건강보험공단의 대상 조회에서 본인에게 해당하는 검진을 확인하세요. 일반검진과 암검진의 대상·항목은 구분해서 확인해야 합니다. 대상 여부만으로 원하는 모든 검사가 같은 조건으로 포함된다고 판단하지 마세요.,대상 확인과 결과 상담이 각각 두 묶음으로 반복돼 기존 문단 위에 새 요구사항을 덧붙인 형태다.,대상·본원 항목·준비·진행·결과의 흐름으로 묶고 구체 정보가 있는 문단을 중심으로 통합한다.,현재 구현에서 확인; 원 작성 주체는 이 문구만으로 단정하지 않음
F012,P1,중복,T00202,/checkups/national/,content/pages.json,/8/blocks/4/text,"결과 수령 방법과 예상 일정, 추가 상담이 필요한 경우의 방문 방법을 확인하세요. 결과지의 표시만으로 질환을 확정하거나 치료를 중단하지 말고, 현재 증상이나 기존 진료와 함께 설명받으세요. 제출용 서류가 필요하면 용도와 기한도 문의해 주세요.",대상 확인과 결과 상담이 각각 두 묶음으로 반복돼 기존 문단 위에 새 요구사항을 덧붙인 형태다.,대상·본원 항목·준비·진행·결과의 흐름으로 묶고 구체 정보가 있는 문단을 중심으로 통합한다.,현재 구현에서 확인; 원 작성 주체는 이 문구만으로 단정하지 않음
F012,P1,중복,T00204,/checkups/national/,content/pages.json,/8/blocks/5/text,"국민건강보험공단 홈페이지 또는 건강검진표에서 올해 일반건강검진과 암검진 대상 여부를 확인합니다. 같은 국가검진이라도 연령, 성별, 과거력과 고위험군 여부에 따라 항목이 달라집니다.",대상 확인과 결과 상담이 각각 두 묶음으로 반복돼 기존 문단 위에 새 요구사항을 덧붙인 형태다.,대상·본원 항목·준비·진행·결과의 흐름으로 묶고 구체 정보가 있는 문단을 중심으로 통합한다.,현재 구현에서 확인; 원 작성 주체는 이 문구만으로 단정하지 않음
F012,P1,중복,T00221,/checkups/national/,content/pages.json,/8/blocks/9/text,"검진은 결과지를 받는 것으로 끝나지 않습니다. 혈압, 공복혈당, 당화혈색소, 지질, 간수치, 빈혈, 소변 이상, 흉부 X선 또는 암검진에서 이상이 확인되면 재검사 시점과 치료 필요성을 결정합니다.",대상 확인과 결과 상담이 각각 두 묶음으로 반복돼 기존 문단 위에 새 요구사항을 덧붙인 형태다.,대상·본원 항목·준비·진행·결과의 흐름으로 묶고 구체 정보가 있는 문단을 중심으로 통합한다.,현재 구현에서 확인; 원 작성 주체는 이 문구만으로 단정하지 않음
F013,P1,방어적표현,T00193,/checkups/national/,content/pages.json,/8/blocks/1/text,검진 안내문이나 국민건강보험공단의 대상 조회에서 본인에게 해당하는 검진을 확인하세요. 일반검진과 암검진의 대상·항목은 구분해서 확인해야 합니다. 대상 여부만으로 원하는 모든 검사가 같은 조건으로 포함된다고 판단하지 마세요.,판단하지 마세요·자동으로 시행한다고 생각하지 마세요·스스로 가능 또는 불가를 결정하지 마세요가 설명을 대신한다.,포함·추가 항목의 차이와 섭취 후 연락이 필요한 이유를 말한다. 금식 위반 시 개별 진행 판단의 필요성은 유지한다.,현재 구현에서 확인; 원 작성 주체는 이 문구만으로 단정하지 않음
F013,P1,방어적표현,T00224,/checkups/national/,content/pages.json,/8/questions/0/answer,"본인에게 해당하는 검진 항목과 추가로 원하는 검사를 구분해 확인해야 합니다. 검사 가능 여부와 비용·예약 조건을 문의하고, 포함되지 않은 검사를 자동으로 시행한다고 생각하지 마세요.",판단하지 마세요·자동으로 시행한다고 생각하지 마세요·스스로 가능 또는 불가를 결정하지 마세요가 설명을 대신한다.,포함·추가 항목의 차이와 섭취 후 연락이 필요한 이유를 말한다. 금식 위반 시 개별 진행 판단의 필요성은 유지한다.,현재 구현에서 확인; 원 작성 주체는 이 문구만으로 단정하지 않음
F013,P1,방어적표현,T00227,/checkups/national/,content/pages.json,/8/questions/1/answer,검사 항목과 섭취 내용에 따라 확인할 사항이 달라집니다. 종류·양·시각과 예약한 검진 내용을 병원에 알려 진행 여부를 문의하세요. 스스로 가능 또는 불가를 결정하지 마세요.,판단하지 마세요·자동으로 시행한다고 생각하지 마세요·스스로 가능 또는 불가를 결정하지 마세요가 설명을 대신한다.,포함·추가 항목의 차이와 섭취 후 연락이 필요한 이유를 말한다. 금식 위반 시 개별 진행 판단의 필요성은 유지한다.,현재 구현에서 확인; 원 작성 주체는 이 문구만으로 단정하지 않음
F014,P1,답변회피,T00230,/checkups/national/,content/pages.json,/8/questions/2/answer,결과지의 권고와 표시를 확인하고 필요한 상담을 받으세요. 한 항목의 표시만으로 병명을 확정하기보다 검사 내용과 과거 결과·증상을 함께 설명받는 것이 좋습니다.,이상 표시가 확진인지 묻는데 직접 답 대신 권고 확인·상담을 먼저 요구한다.,이상 표시와 확진의 차이를 먼저 답하고 재검·이전 결과 비교가 필요한 이유를 보완한다.,현재 구현에서 확인; 원 작성 주체는 이 문구만으로 단정하지 않음
F015,P2,문맥불일치,T00218,/checkups/national/,content/pages.json,/8/blocks/8/text,"생리 중에는 소변에 혈액이 섞여 잠혈·단백뇨 등 일부 결과 해석이 어려울 수 있고 자궁경부암검사가 제한될 수 있습니다. 가능하면 생리가 끝난 뒤 검사하는 것이 좋으며, 예정일과 겹치면 병원에 미리 문의하십시오. 생리 자체가 마약류검사 양성을 만드는 것은 아니지만, 일반 소변검사 결과에는 영향을 줄 수 있습니다.",국가검진의 여성 준비 문단에 마약류검사 양성 설명이 끼어 있어 해당 페이지 목적에서 벗어난다.,생리와 소변검사·자궁경부검사 내용은 유지하고 마약류 검사 설명은 해당 검사 페이지에 둔다.,현재 구현에서 확인; 원 작성 주체는 이 문구만으로 단정하지 않음
F016,P1,문맥불일치,T00238,/checkups/tuberculosis/,content/pages.json,/9/blocks/0/heading,모든 외국인에게 필요한가요?,기숙사·비자 결핵검진 페이지이지만 첫 질문과 준비물이 외국인 비자만 대상으로 한다.,기숙사 제출과 비자 제출의 준비물·제출기관을 구분한다. 공통 검사 설명은 공유한다.,현재 구현에서 확인; 원 작성 주체는 이 문구만으로 단정하지 않음
F016,P1,문맥불일치,T00242,/checkups/tuberculosis/,content/pages.json,/9/blocks/1/items/0,여권,기숙사·비자 결핵검진 페이지이지만 첫 질문과 준비물이 외국인 비자만 대상으로 한다.,기숙사 제출과 비자 제출의 준비물·제출기관을 구분한다. 공통 검사 설명은 공유한다.,현재 구현에서 확인; 원 작성 주체는 이 문구만으로 단정하지 않음
F016,P1,문맥불일치,T00244,/checkups/tuberculosis/,content/pages.json,/9/blocks/1/items/2,출입국기관에서 받은 안내문 또는 양식,기숙사·비자 결핵검진 페이지이지만 첫 질문과 준비물이 외국인 비자만 대상으로 한다.,기숙사 제출과 비자 제출의 준비물·제출기관을 구분한다. 공통 검사 설명은 공유한다.,현재 구현에서 확인; 원 작성 주체는 이 문구만으로 단정하지 않음
F017,P1,답변회피,T00263,/checkups/tuberculosis/,content/pages.json,/9/questions/1/question,기숙사에 제출할 결핵검진 결과지를 당일 받을 수 있나요?,"본문의 흉부 X선 1~2시간, IGRA 3~4일 설명을 활용하지 않고 당일 수령 질문을 문의로 돌린다.",검사 종류별 통상 소요시간과 추가검사 등 예외를 답변에 직접 제시한다.,현재 구현에서 확인; 원 작성 주체는 이 문구만으로 단정하지 않음
F017,P1,답변회피,T00264,/checkups/tuberculosis/,content/pages.json,/9/questions/1/answer,"요구 검사와 발급 절차에 맞춰 확인해야 합니다. 기숙사 제출 기한을 먼저 알리고 검진 일정과 서류 수령일, 방문 수령 방법을 문의하세요.","본문의 흉부 X선 1~2시간, IGRA 3~4일 설명을 활용하지 않고 당일 수령 질문을 문의로 돌린다.",검사 종류별 통상 소요시간과 추가검사 등 예외를 답변에 직접 제시한다.,현재 구현에서 확인; 원 작성 주체는 이 문구만으로 단정하지 않음
F018,P1,답변회피,T00291,/checkups/visa/,content/pages.json,/10/questions/1/question,비자검진 서류의 발급일은 어떻게 문의하나요?,비자 페이지 본문은 2~3일·1~2시간·여권 영문명을 명시하지만 FAQ는 발급일을 어떻게 문의하는지로 질문을 바꾸고 실제 답을 생략한다.,발급일·준비물·영문명 기준을 직접 묻고 본문의 조건부 답을 재사용한다.,현재 구현에서 확인; 원 작성 주체는 이 문구만으로 단정하지 않음
F018,P1,답변회피,T00292,/checkups/visa/,content/pages.json,/10/questions/1/answer,"비자 종류와 필요한 검사·언어·양식, 제출 마감일을 알려주세요. 검사 가능한 날짜와 서류 준비 날짜를 나누어 확인하고 수령 방식도 함께 문의하세요.",비자 페이지 본문은 2~3일·1~2시간·여권 영문명을 명시하지만 FAQ는 발급일을 어떻게 문의하는지로 질문을 바꾸고 실제 답을 생략한다.,발급일·준비물·영문명 기준을 직접 묻고 본문의 조건부 답을 재사용한다.,현재 구현에서 확인; 원 작성 주체는 이 문구만으로 단정하지 않음
F018,P1,답변회피,T00293,/checkups/visa/,content/pages.json,/10/questions/2/question,비자검진 영문 이름과 준비물은 무엇을 확인하나요?,비자 페이지 본문은 2~3일·1~2시간·여권 영문명을 명시하지만 FAQ는 발급일을 어떻게 문의하는지로 질문을 바꾸고 실제 답을 생략한다.,발급일·준비물·영문명 기준을 직접 묻고 본문의 조건부 답을 재사용한다.,현재 구현에서 확인; 원 작성 주체는 이 문구만으로 단정하지 않음
F018,P1,답변회피,T00294,/checkups/visa/,content/pages.json,/10/questions/2/answer,"제출처의 이름 표기 기준과 신분 확인 서류, 지정 양식 요구를 확인해 알려주세요. 예약한 항목에 필요한 음식·복약 준비와 발급에 필요한 원본·사본을 방문 전에 문의하세요.",비자 페이지 본문은 2~3일·1~2시간·여권 영문명을 명시하지만 FAQ는 발급일을 어떻게 문의하는지로 질문을 바꾸고 실제 답을 생략한다.,발급일·준비물·영문명 기준을 직접 묻고 본문의 조건부 답을 재사용한다.,현재 구현에서 확인; 원 작성 주체는 이 문구만으로 단정하지 않음
F019,P2,방어적표현,T00288,/checkups/visa/,content/pages.json,/10/blocks/5/text,번역문과 한국어 병원 안내 또는 제출기관 서식이 다르면 한국어 안내와 제출기관의 최신 공식 서식을 확인하세요. 번역 안내 제공이 해당 언어의 진료·통역 서비스를 뜻하지는 않습니다. 필요한 의사소통 지원은 방문 전에 확인해 주세요.,언어 안내 첫 문장이 번역 오류가 생겼을 때 독자가 한국어를 확인하라는 면책으로 시작한다. 통역 가능 여부를 따로 알리는 것은 유용하다.,제공 언어와 문의 방법을 먼저 안내한다. 제도 기준은 제출기관 원문을 따르되 번역문 정확성은 제작 측 검토 대상으로 관리한다.,현재 구현에서 확인; 원 작성 주체는 이 문구만으로 단정하지 않음
F020,P1,요구사항대체,T00310,/conditions/acute-care/,content/pages.json,/12/description,"갑자기 생긴 발열·기침·복통 등으로 진료를 준비할 때는 증상 시작과 변화, 복용약을 알려주세요. 영통탑내과의 진료 가능 시간과 긴급 도움을 구분해 안내합니다.",급성 증상 페이지 첫 문장이 진료 준비와 알려줄 정보로 시작하며 가장 중요한 응급·외래 선택 답을 뒤로 미룬다.,즉시 119가 필요한 대표 상황과 안정적일 때 외래에서 평가하는 범위를 먼저 제시한다.,현재 구현에서 확인; 원 작성 주체는 이 문구만으로 단정하지 않음
F020,P1,요구사항대체,T00312,/conditions/acute-care/,content/pages.json,/12/intro,"갑자기 생긴 발열·기침·복통 등으로 진료를 준비할 때는 증상 시작과 변화, 복용약을 알려주세요. 영통탑내과의 진료 가능 시간과 긴급 도움을 구분해 안내합니다.",급성 증상 페이지 첫 문장이 진료 준비와 알려줄 정보로 시작하며 가장 중요한 응급·외래 선택 답을 뒤로 미룬다.,즉시 119가 필요한 대표 상황과 안정적일 때 외래에서 평가하는 범위를 먼저 제시한다.,현재 구현에서 확인; 원 작성 주체는 이 문구만으로 단정하지 않음
F021,P1,정보위계,T00317,/conditions/acute-care/,content/pages.json,/12/blocks/0/items/1,Troponin I 상승 또는 심전도에서 급성 허혈·위험 부정맥이 의심됨,일반 환자가 행동을 결정하는 위험 신호와 의료진의 검사 후 의뢰 기준이 같은 목록에 섞인다. 또 마지막에 응급 신호가 반복된다.,"환자가 알아볼 증상을 앞에, 진료 후 확인하는 소견을 별도 단락에 둔다. 핵심 119 안내는 유지한다.",현재 구현에서 확인; 원 작성 주체는 이 문구만으로 단정하지 않음
F021,P1,정보위계,T00318,/conditions/acute-care/,content/pages.json,/12/blocks/0/items/2,"심장초음파에서 심한 심기능 저하, 중증 판막 이상, 심낭압전 가능성 등 고위험 소견이 보임",일반 환자가 행동을 결정하는 위험 신호와 의료진의 검사 후 의뢰 기준이 같은 목록에 섞인다. 또 마지막에 응급 신호가 반복된다.,"환자가 알아볼 증상을 앞에, 진료 후 확인하는 소견을 별도 단락에 둔다. 핵심 119 안내는 유지한다.",현재 구현에서 확인; 원 작성 주체는 이 문구만으로 단정하지 않음
F021,P1,정보위계,T00331,/conditions/acute-care/,content/pages.json,/12/blocks/2/items/5,"초음파에서 혈복강, 상당한 복수, 종괴, 심한 담낭염 소견, 장관 부종·폐색 의심, 수신증, 췌장 부종 등이 확인됨",일반 환자가 행동을 결정하는 위험 신호와 의료진의 검사 후 의뢰 기준이 같은 목록에 섞인다. 또 마지막에 응급 신호가 반복된다.,"환자가 알아볼 증상을 앞에, 진료 후 확인하는 소견을 별도 단락에 둔다. 핵심 119 안내는 유지한다.",현재 구현에서 확인; 원 작성 주체는 이 문구만으로 단정하지 않음
F021,P1,정보위계,T00338,/conditions/acute-care/,content/pages.json,/12/blocks/5/heading,119를 바로 불러야 하는 대표 증상,일반 환자가 행동을 결정하는 위험 신호와 의료진의 검사 후 의뢰 기준이 같은 목록에 섞인다. 또 마지막에 응급 신호가 반복된다.,"환자가 알아볼 증상을 앞에, 진료 후 확인하는 소견을 별도 단락에 둔다. 핵심 119 안내는 유지한다.",현재 구현에서 확인; 원 작성 주체는 이 문구만으로 단정하지 않음
F022,P2,방어적표현,T00352,/conditions/acute-care/,content/pages.json,/12/questions/2/answer,"증상 시작 시각과 변화, 동반 증상과 복용약을 정리하면 상담에 도움이 됩니다. 없는 결과를 추정해 설명하지 말고 실제 받은 진료와 검사를 알려주세요.",기록이 도움이 되느냐는 질문에 없는 결과를 추정하지 말라는 불필요한 경고가 붙는다.,기억나는 증상과 확인 가능한 기록만 전달해도 된다고 긍정적으로 답한다.,현재 구현에서 확인; 원 작성 주체는 이 문구만으로 단정하지 않음
F023,P1,요구사항대체,T00360,/conditions/chronic-cough/,content/pages.json,/13/description,"기침이 계속된다면 시작 시점과 양상, 동반 증상과 복용약을 정리해 진료 때 알려주세요. 영통탑내과 기침 상담에서 준비할 정보와 신속한 진료가 필요한 상황을 안내합니다.",기침의 원인과 평가를 설명하기보다 무엇을 기록·상담하라는 요구가 앞부분을 차지한다. 구체적 폐기능·흉부 X선 설명은 뒤에 있다.,지속 기간·동반 증상으로 무엇을 구분하는지와 기존 검사 설명을 앞에 배치하고 준비 목록은 한 번으로 묶는다.,현재 구현에서 확인; 원 작성 주체는 이 문구만으로 단정하지 않음
F023,P1,요구사항대체,T00362,/conditions/chronic-cough/,content/pages.json,/13/intro,"기침이 계속된다면 시작 시점과 양상, 동반 증상과 복용약을 정리해 진료 때 알려주세요. 영통탑내과 기침 상담에서 준비할 정보와 신속한 진료가 필요한 상황을 안내합니다.",기침의 원인과 평가를 설명하기보다 무엇을 기록·상담하라는 요구가 앞부분을 차지한다. 구체적 폐기능·흉부 X선 설명은 뒤에 있다.,지속 기간·동반 증상으로 무엇을 구분하는지와 기존 검사 설명을 앞에 배치하고 준비 목록은 한 번으로 묶는다.,현재 구현에서 확인; 원 작성 주체는 이 문구만으로 단정하지 않음
F023,P1,요구사항대체,T00364,/conditions/chronic-cough/,content/pages.json,/13/blocks/0/text,"기침은 한 가지 원인만으로 생기는 증상이 아닙니다. 시작한 때와 얼마나 이어졌는지, 특정 시간·활동과 관계가 있는지 정리하세요. 가래나 발열 등 함께 나타난 변화, 이미 받은 검사와 치료 내용도 진료에서 알려주세요.",기침의 원인과 평가를 설명하기보다 무엇을 기록·상담하라는 요구가 앞부분을 차지한다. 구체적 폐기능·흉부 X선 설명은 뒤에 있다.,지속 기간·동반 증상으로 무엇을 구분하는지와 기존 검사 설명을 앞에 배치하고 준비 목록은 한 번으로 묶는다.,현재 구현에서 확인; 원 작성 주체는 이 문구만으로 단정하지 않음
F023,P1,요구사항대체,T00368,/conditions/chronic-cough/,content/pages.json,/13/blocks/2/text,"기침의 경과와 동반 증상, 진찰에 따라 필요한 검사를 상의합니다. 온라인 설명만으로 원인을 골라 진단하거나 특정 검사를 반드시 받아야 한다고 판단하지 마세요. 이전 검사 결과가 있다면 날짜와 함께 준비해 주세요.",기침의 원인과 평가를 설명하기보다 무엇을 기록·상담하라는 요구가 앞부분을 차지한다. 구체적 폐기능·흉부 X선 설명은 뒤에 있다.,지속 기간·동반 증상으로 무엇을 구분하는지와 기존 검사 설명을 앞에 배치하고 준비 목록은 한 번으로 묶는다.,현재 구현에서 확인; 원 작성 주체는 이 문구만으로 단정하지 않음
F024,P1,방어적표현,T00368,/conditions/chronic-cough/,content/pages.json,/13/blocks/2/text,"기침의 경과와 동반 증상, 진찰에 따라 필요한 검사를 상의합니다. 온라인 설명만으로 원인을 골라 진단하거나 특정 검사를 반드시 받아야 한다고 판단하지 마세요. 이전 검사 결과가 있다면 날짜와 함께 준비해 주세요.",온라인 설명만으로 판단하지 말라는 금지문이 검사 선택의 이유를 대신한다.,검사별로 확인하는 대상을 설명하고 어떤 상황에서 추가 평가가 필요한지 말한다.,현재 구현에서 확인; 원 작성 주체는 이 문구만으로 단정하지 않음
F025,P1,문맥불일치,T00375,/conditions/chronic-cough/,content/pages.json,/13/blocks/5/text,"기침이 오래되고 체중감소, 야간발한, 객혈이 있거나 흉부 X선에서 활동성 결핵이 의심되면 단순 서류발급이 아니라 감염관리와 정밀진단이 우선입니다.",결핵 의심 증상에 대한 진료 문단 다음에 서류 당일 발급을 나열해 증상 평가와 행정 검진이 혼재한다.,만성기침 문단은 진단 목적과 위험 신호에 집중하고 발급 일정은 결핵검진 페이지로 연결한다.,현재 구현에서 확인; 원 작성 주체는 이 문구만으로 단정하지 않음
F025,P1,문맥불일치,T00376,/conditions/chronic-cough/,content/pages.json,/13/blocks/5/items/0,"흉부 X선 기반 결핵 확인서: 당일 촬영과 판독, 당일 발급 가능",결핵 의심 증상에 대한 진료 문단 다음에 서류 당일 발급을 나열해 증상 평가와 행정 검진이 혼재한다.,만성기침 문단은 진단 목적과 위험 신호에 집중하고 발급 일정은 결핵검진 페이지로 연결한다.,현재 구현에서 확인; 원 작성 주체는 이 문구만으로 단정하지 않음
F025,P1,문맥불일치,T00377,/conditions/chronic-cough/,content/pages.json,/13/blocks/5/items/1,IGRA 혈액검사: 약 3~4일,결핵 의심 증상에 대한 진료 문단 다음에 서류 당일 발급을 나열해 증상 평가와 행정 검진이 혼재한다.,만성기침 문단은 진단 목적과 위험 신호에 집중하고 발급 일정은 결핵검진 페이지로 연결한다.,현재 구현에서 확인; 원 작성 주체는 이 문구만으로 단정하지 않음
F025,P1,문맥불일치,T00378,/conditions/chronic-cough/,content/pages.json,/13/blocks/5/items/2,객담 결핵균 배양검사: 외부 전문검사기관에서 수주 이상 걸릴 수 있어 최종 보고 일정 확인,결핵 의심 증상에 대한 진료 문단 다음에 서류 당일 발급을 나열해 증상 평가와 행정 검진이 혼재한다.,만성기침 문단은 진단 목적과 위험 신호에 집중하고 발급 일정은 결핵검진 페이지로 연결한다.,현재 구현에서 확인; 원 작성 주체는 이 문구만으로 단정하지 않음
F026,P2,요구사항대체,T00389,/conditions/heart-disease/,content/pages.json,/14/description,흉부 불편·두근거림 등 심장 관련 증상은 발생 상황과 이전 검사 결과를 함께 상담해야 합니다. 영통탑내과 진료와 검사 선택을 준비하는 방법을 안내합니다.,본문 도입에는 실제 검사와 응급 기준이 있으나 검색 설명은 상담·준비 방법이라는 추상 문구다.,메타 설명도 본원의 실제 평가 범위와 핵심 응급 기준을 요약한다.,현재 구현에서 확인; 원 작성 주체는 이 문구만으로 단정하지 않음
F027,P2,방어적표현,T00435,/conditions/heart-disease/,content/pages.json,/14/blocks/10/text,"증상이 비슷해도 원인과 필요한 검사는 다를 수 있습니다. 아래 설명은 질환을 이해하고 상담을 준비하기 위한 정보이며, 증상만으로 스스로 진단하지 마십시오.",관련 링크 앞에 글의 성격과 스스로 진단하지 말라는 안내를 반복한다. 이미 도입·검사 한계·공통 하단에서 설명한다.,해당 증상과 질환 설명을 연결하는 한 문장으로 바꾸고 공통 안전 고지와 중복을 줄인다.,현재 구현에서 확인; 원 작성 주체는 이 문구만으로 단정하지 않음
F027,P2,방어적표현,T00683,/health/palpitations-test-followup/,content/pages.json,/23/blocks/8/text,"증상이 비슷해도 원인과 필요한 검사는 다를 수 있습니다. 아래 설명은 질환을 이해하고 상담을 준비하기 위한 정보이며, 증상만으로 스스로 진단하지 마십시오.",관련 링크 앞에 글의 성격과 스스로 진단하지 말라는 안내를 반복한다. 이미 도입·검사 한계·공통 하단에서 설명한다.,해당 증상과 질환 설명을 연결하는 한 문장으로 바꾸고 공통 안전 고지와 중복을 줄인다.,현재 구현에서 확인; 원 작성 주체는 이 문구만으로 단정하지 않음
F027,P2,방어적표현,T00947,/services/heart/arterial-assessment/,content/pages.json,/33/blocks/4/text,"증상이 비슷해도 원인과 필요한 검사는 다를 수 있습니다. 아래 설명은 질환을 이해하고 상담을 준비하기 위한 정보이며, 증상만으로 스스로 진단하지 마십시오.",관련 링크 앞에 글의 성격과 스스로 진단하지 말라는 안내를 반복한다. 이미 도입·검사 한계·공통 하단에서 설명한다.,해당 증상과 질환 설명을 연결하는 한 문장으로 바꾸고 공통 안전 고지와 중복을 줄인다.,현재 구현에서 확인; 원 작성 주체는 이 문구만으로 단정하지 않음
F027,P2,방어적표현,T01002,/services/heart/cardiac-markers/,content/pages.json,/34/blocks/6/text,"증상이 비슷해도 원인과 필요한 검사는 다를 수 있습니다. 아래 설명은 질환을 이해하고 상담을 준비하기 위한 정보이며, 증상만으로 스스로 진단하지 마십시오.",관련 링크 앞에 글의 성격과 스스로 진단하지 말라는 안내를 반복한다. 이미 도입·검사 한계·공통 하단에서 설명한다.,해당 증상과 질환 설명을 연결하는 한 문장으로 바꾸고 공통 안전 고지와 중복을 줄인다.,현재 구현에서 확인; 원 작성 주체는 이 문구만으로 단정하지 않음
F027,P2,방어적표현,T01036,/services/heart/carotid-ultrasound/,content/pages.json,/35/blocks/5/text,"증상이 비슷해도 원인과 필요한 검사는 다를 수 있습니다. 아래 설명은 질환을 이해하고 상담을 준비하기 위한 정보이며, 증상만으로 스스로 진단하지 마십시오.",관련 링크 앞에 글의 성격과 스스로 진단하지 말라는 안내를 반복한다. 이미 도입·검사 한계·공통 하단에서 설명한다.,해당 증상과 질환 설명을 연결하는 한 문장으로 바꾸고 공통 안전 고지와 중복을 줄인다.,현재 구현에서 확인; 원 작성 주체는 이 문구만으로 단정하지 않음
F027,P2,방어적표현,T01067,/services/heart/echocardiography/,content/pages.json,/36/blocks/5/text,"증상이 비슷해도 원인과 필요한 검사는 다를 수 있습니다. 아래 설명은 질환을 이해하고 상담을 준비하기 위한 정보이며, 증상만으로 스스로 진단하지 마십시오.",관련 링크 앞에 글의 성격과 스스로 진단하지 말라는 안내를 반복한다. 이미 도입·검사 한계·공통 하단에서 설명한다.,해당 증상과 질환 설명을 연결하는 한 문장으로 바꾸고 공통 안전 고지와 중복을 줄인다.,현재 구현에서 확인; 원 작성 주체는 이 문구만으로 단정하지 않음
F027,P2,방어적표현,T01135,/services/heart/holter/,content/pages.json,/38/blocks/5/text,"증상이 비슷해도 원인과 필요한 검사는 다를 수 있습니다. 아래 설명은 질환을 이해하고 상담을 준비하기 위한 정보이며, 증상만으로 스스로 진단하지 마십시오.",관련 링크 앞에 글의 성격과 스스로 진단하지 말라는 안내를 반복한다. 이미 도입·검사 한계·공통 하단에서 설명한다.,해당 증상과 질환 설명을 연결하는 한 문장으로 바꾸고 공통 안전 고지와 중복을 줄인다.,현재 구현에서 확인; 원 작성 주체는 이 문구만으로 단정하지 않음
F027,P2,방어적표현,T01612,/health/cancer-treatment-symptoms/,content/pages.json,/48/blocks/22/text,"증상이 비슷해도 원인과 필요한 검사는 다를 수 있습니다. 아래 설명은 질환을 이해하고 상담을 준비하기 위한 정보이며, 증상만으로 스스로 진단하지 마십시오.",관련 링크 앞에 글의 성격과 스스로 진단하지 말라는 안내를 반복한다. 이미 도입·검사 한계·공통 하단에서 설명한다.,해당 증상과 질환 설명을 연결하는 한 문장으로 바꾸고 공통 안전 고지와 중복을 줄인다.,현재 구현에서 확인; 원 작성 주체는 이 문구만으로 단정하지 않음
F027,P2,방어적표현,T02156,/health/heart-valve-regurgitation/,content/pages.json,/57/blocks/7/text,"증상이 비슷해도 원인과 필요한 검사는 다를 수 있습니다. 아래 설명은 질환을 이해하고 상담을 준비하기 위한 정보이며, 증상만으로 스스로 진단하지 마십시오.",관련 링크 앞에 글의 성격과 스스로 진단하지 말라는 안내를 반복한다. 이미 도입·검사 한계·공통 하단에서 설명한다.,해당 증상과 질환 설명을 연결하는 한 문장으로 바꾸고 공통 안전 고지와 중복을 줄인다.,현재 구현에서 확인; 원 작성 주체는 이 문구만으로 단정하지 않음
F027,P2,방어적표현,T02181,/health/angina-treatment/,content/pages.json,/58/blocks/6/text,"증상이 비슷해도 원인과 필요한 검사는 다를 수 있습니다. 아래 설명은 질환을 이해하고 상담을 준비하기 위한 정보이며, 증상만으로 스스로 진단하지 마십시오.",관련 링크 앞에 글의 성격과 스스로 진단하지 말라는 안내를 반복한다. 이미 도입·검사 한계·공통 하단에서 설명한다.,해당 증상과 질환 설명을 연결하는 한 문장으로 바꾸고 공통 안전 고지와 중복을 줄인다.,현재 구현에서 확인; 원 작성 주체는 이 문구만으로 단정하지 않음
F028,P2,답변회피,T00443,/conditions/heart-disease/,content/pages.json,/14/questions/1/answer,검사 때 증상이 있었는지와 현재 반복되는 양상을 정리하고 결과지를 준비하세요. 재상담에서 이번 검사로 확인한 점과 추가로 확인할 점을 나누어 질문하세요.,정상 검사 뒤 지속 증상이라는 임상적 맥락이 있는데 확인한 점·추가 확인할 점을 질문하라는 추상적 표현으로 끝난다.,검사 당시 증상 유무와 검사 종류가 왜 다음 평가에 중요한지 본문의 설명을 활용한다.,현재 구현에서 확인; 원 작성 주체는 이 문구만으로 단정하지 않음
F029,P1,요구사항대체,T00478,/fees/,content/pages.json,/18/description,검사와 서류 비용은 적용 항목을 먼저 확인해 주세요.,비용·서류 안내라는 제목에 비해 가격·발급정보로 연결하지 않고 문의할 항목만 반복한다. 과거 가격을 믿지 말라는 지시도 불필요하다.,검증된 비용표나 원 병원의 현행 고지 연결을 확보한다. 미확인 가격을 만들지 말고 비용 구성과 확인 경로를 명확히 표시한다. 서류별 기간은 기존 상세 페이지 정보를 요약한다.,현재 구현에서 확인; 원 작성 주체는 이 문구만으로 단정하지 않음
F029,P1,요구사항대체,T00480,/fees/,content/pages.json,/18/intro,검사와 서류 비용은 적용 항목을 먼저 확인해 주세요.,비용·서류 안내라는 제목에 비해 가격·발급정보로 연결하지 않고 문의할 항목만 반복한다. 과거 가격을 믿지 말라는 지시도 불필요하다.,검증된 비용표나 원 병원의 현행 고지 연결을 확보한다. 미확인 가격을 만들지 말고 비용 구성과 확인 경로를 명확히 표시한다. 서류별 기간은 기존 상세 페이지 정보를 요약한다.,현재 구현에서 확인; 원 작성 주체는 이 문구만으로 단정하지 않음
F029,P1,요구사항대체,T00482,/fees/,content/pages.json,/18/blocks/0/text,"검사 이름과 진정 여부, 추가 처치·검사에 관해 문의할 내용을 준비하세요. 기본 검사비와 별도 발생할 수 있는 항목을 나누어 확인하고, 건강보험·검진 적용 조건도 함께 문의해 주세요. 과거 안내 가격만으로 현재 총비용을 정하지 마세요.",비용·서류 안내라는 제목에 비해 가격·발급정보로 연결하지 않고 문의할 항목만 반복한다. 과거 가격을 믿지 말라는 지시도 불필요하다.,검증된 비용표나 원 병원의 현행 고지 연결을 확보한다. 미확인 가격을 만들지 말고 비용 구성과 확인 경로를 명확히 표시한다. 서류별 기간은 기존 상세 페이지 정보를 요약한다.,현재 구현에서 확인; 원 작성 주체는 이 문구만으로 단정하지 않음
F029,P1,요구사항대체,T00493,/fees/,content/pages.json,/18/blocks/1/text,"제출기관의 양식·검사 목록·언어와 제출 기한을 준비하세요. 검사 가능한 날짜와 서류 발급일을 구분하고, 필요한 신분 확인 자료와 수령 방법을 방문 전에 문의해 주세요. 제출처가 해당 서류를 인정하는지도 확인하세요.",비용·서류 안내라는 제목에 비해 가격·발급정보로 연결하지 않고 문의할 항목만 반복한다. 과거 가격을 믿지 말라는 지시도 불필요하다.,검증된 비용표나 원 병원의 현행 고지 연결을 확보한다. 미확인 가격을 만들지 말고 비용 구성과 확인 경로를 명확히 표시한다. 서류별 기간은 기존 상세 페이지 정보를 요약한다.,현재 구현에서 확인; 원 작성 주체는 이 문구만으로 단정하지 않음
F029,P1,요구사항대체,T00499,/fees/,content/pages.json,/18/questions/1/answer,"검사 결과와 서류 준비에 필요한 절차를 확인해야 합니다. 제출 기한을 알려 검사 일정과 발급일, 방문 수령 등 방법을 각각 문의해 주세요.",비용·서류 안내라는 제목에 비해 가격·발급정보로 연결하지 않고 문의할 항목만 반복한다. 과거 가격을 믿지 말라는 지시도 불필요하다.,검증된 비용표나 원 병원의 현행 고지 연결을 확보한다. 미확인 가격을 만들지 말고 비용 구성과 확인 경로를 명확히 표시한다. 서류별 기간은 기존 상세 페이지 정보를 요약한다.,현재 구현에서 확인; 원 작성 주체는 이 문구만으로 단정하지 않음
F030,P1,방어적표현,T00515,/health/checkup-preparation-checklist/,content/pages.json,/20/blocks/0/text,"검진이라는 이름이 같아도 실제로 예약한 검사는 다를 수 있습니다. 안내문에서 검사명과 방문 시각을 확인하고, 내시경이나 초음파를 함께 받는지 병원에 알려주세요. 다른 사람이 받은 검진 안내를 본인의 준비 지침으로 그대로 적용하지 마세요.",준비가 다른 이유를 설명하는 대신 다른 사람 지침을 적용하지 말라·단정하지 말라·강행하지 말라는 문장이 누적된다. 섭취 후 병원에 알릴 항목은 유용하다.,금식·장정결·진정의 목적 차이를 구체적으로 설명하고 섭취 종류·양·시각 전달은 간결한 행동 안내로 유지한다.,현재 구현에서 확인; 원 작성 주체는 이 문구만으로 단정하지 않음
F030,P1,방어적표현,T00518,/health/checkup-preparation-checklist/,content/pages.json,/20/blocks/1/text,검사는 무엇을 관찰하거나 측정하는지에 따라 준비가 달라집니다. 내시경은 검사할 부위와 진정 여부를 고려한 별도 준비가 필요할 수 있습니다. 금식 지침 하나로 모든 검진 준비를 끝내기보다 예약한 검사별 음식·음료·복약 안내를 확인하세요.,준비가 다른 이유를 설명하는 대신 다른 사람 지침을 적용하지 말라·단정하지 말라·강행하지 말라는 문장이 누적된다. 섭취 후 병원에 알릴 항목은 유용하다.,금식·장정결·진정의 목적 차이를 구체적으로 설명하고 섭취 종류·양·시각 전달은 간결한 행동 안내로 유지한다.,현재 구현에서 확인; 원 작성 주체는 이 문구만으로 단정하지 않음
F030,P1,방어적표현,T00520,/health/checkup-preparation-checklist/,content/pages.json,/20/blocks/2/text,"먹거나 마신 종류와 양, 시각을 기억해 예약한 병원에 알려주세요. 커피에 우유 등 첨가물이 있었는지도 함께 전달하세요. 검사마다 확인할 점이 다르므로 임의로 예약을 취소하거나 검사를 강행하지 말고 진행 여부와 일정을 문의하세요.",준비가 다른 이유를 설명하는 대신 다른 사람 지침을 적용하지 말라·단정하지 말라·강행하지 말라는 문장이 누적된다. 섭취 후 병원에 알릴 항목은 유용하다.,금식·장정결·진정의 목적 차이를 구체적으로 설명하고 섭취 종류·양·시각 전달은 간결한 행동 안내로 유지한다.,현재 구현에서 확인; 원 작성 주체는 이 문구만으로 단정하지 않음
F030,P1,방어적표현,T00553,/health/checkup-preparation-checklist/,content/pages.json,/20/questions/1/answer,"예약한 검사명·시각과 섭취한 음료 종류·양·시각을 알려주세요. 우유나 시럽 등 첨가물도 전달하고, 해당 검사의 진행 여부를 병원에 확인하세요. 모든 검사가 자동으로 취소되거나 가능하다고 단정하지 마세요.",준비가 다른 이유를 설명하는 대신 다른 사람 지침을 적용하지 말라·단정하지 말라·강행하지 말라는 문장이 누적된다. 섭취 후 병원에 알릴 항목은 유용하다.,금식·장정결·진정의 목적 차이를 구체적으로 설명하고 섭취 종류·양·시각 전달은 간결한 행동 안내로 유지한다.,현재 구현에서 확인; 원 작성 주체는 이 문구만으로 단정하지 않음
F031,P1,요구사항대체,T00518,/health/checkup-preparation-checklist/,content/pages.json,/20/blocks/1/text,검사는 무엇을 관찰하거나 측정하는지에 따라 준비가 달라집니다. 내시경은 검사할 부위와 진정 여부를 고려한 별도 준비가 필요할 수 있습니다. 금식 지침 하나로 모든 검진 준비를 끝내기보다 예약한 검사별 음식·음료·복약 안내를 확인하세요.,검사에 따라 준비가 다른 이유라는 제목에 관찰·측정 대상이 다르다는 일반론만 있고 실제 예가 없다.,이미 본문에 있는 혈액검사·내시경·복약의 서로 다른 준비 이유를 짧은 비교로 연결한다.,현재 구현에서 확인; 원 작성 주체는 이 문구만으로 단정하지 않음
F031,P1,요구사항대체,T00551,/health/checkup-preparation-checklist/,content/pages.json,/20/questions/0/answer,"검사할 부위와 측정 항목, 진정 여부처럼 준비에 영향을 주는 조건이 다르기 때문입니다. 예약한 검사 목록을 기준으로 지침을 받고, 여러 검사를 함께 받으면 서로 맞는 준비 일정을 병원에 확인하세요.",검사에 따라 준비가 다른 이유라는 제목에 관찰·측정 대상이 다르다는 일반론만 있고 실제 예가 없다.,이미 본문에 있는 혈액검사·내시경·복약의 서로 다른 준비 이유를 짧은 비교로 연결한다.,현재 구현에서 확인; 원 작성 주체는 이 문구만으로 단정하지 않음
F032,P1,답변회피,T00567,/health/colonoscopy-preparation-questions/,content/pages.json,/21/blocks/0/text,"음식 조절은 장 준비를 위한 과정이고, 검사 직전 음식·음료 섭취 안내는 검사 시각과 방식에 맞춰 확인할 내용입니다. 정결제 안내까지 한 가지 금식 규칙으로 묶지 마세요. 본인이 받은 안내서에서 준비 단계와 시각을 나누어 확인하세요.",대장내시경 준비 페이지의 본문·표·FAQ가 모두 무엇을 확인할지만 나열하고 음식·물·약별 실제 준비 설명을 거의 제공하지 않는다. 질문이 약속한 답이 없다.,기존 대장내시경·오라팡·플렌뷰 페이지의 검증된 준비 정보를 가져와 단계별로 설명한다. 예약별 시각과 개인별 금기만 개별 안내로 남긴다.,현재 구현에서 확인; 원 작성 주체는 이 문구만으로 단정하지 않음
F032,P1,답변회피,T00569,/health/colonoscopy-preparation-questions/,content/pages.json,/21/blocks/1/text,"검사 예약 시각과 실제 도착 시각이 같은지 확인하세요. 예약이 변경됐다면 기존 준비 시간표를 그대로 적용하지 말고 정결제·음식·물 섭취 지침도 다시 확인하세요. 문의할 때에는 예약 날짜·시각과 받은 안내서, 약 이름을 함께 준비하면 정확한 안내를 받는 데 도움이 됩니다.",대장내시경 준비 페이지의 본문·표·FAQ가 모두 무엇을 확인할지만 나열하고 음식·물·약별 실제 준비 설명을 거의 제공하지 않는다. 질문이 약속한 답이 없다.,기존 대장내시경·오라팡·플렌뷰 페이지의 검증된 준비 정보를 가져와 단계별로 설명한다. 예약별 시각과 개인별 금기만 개별 안내로 남긴다.,현재 구현에서 확인; 원 작성 주체는 이 문구만으로 단정하지 않음
F032,P1,답변회피,T00571,/health/colonoscopy-preparation-questions/,content/pages.json,/21/blocks/2/text,"전날 식사, 정결제와 함께 마시는 물, 검사 직전 음료는 확인할 조건이 다릅니다. 커피도 우유 등 첨가물이 있는지와 마신 시각을 함께 알려주세요. 특정 음식이 가능하다는 다른 사람의 상담을 본인의 모든 준비 단계에 적용하지 마세요.",대장내시경 준비 페이지의 본문·표·FAQ가 모두 무엇을 확인할지만 나열하고 음식·물·약별 실제 준비 설명을 거의 제공하지 않는다. 질문이 약속한 답이 없다.,기존 대장내시경·오라팡·플렌뷰 페이지의 검증된 준비 정보를 가져와 단계별로 설명한다. 예약별 시각과 개인별 금기만 개별 안내로 남긴다.,현재 구현에서 확인; 원 작성 주체는 이 문구만으로 단정하지 않음
F032,P1,답변회피,T00572,/health/colonoscopy-preparation-questions/,content/pages.json,/21/blocks/2/table/caption,준비 안내서를 볼 때 구분할 질문,대장내시경 준비 페이지의 본문·표·FAQ가 모두 무엇을 확인할지만 나열하고 음식·물·약별 실제 준비 설명을 거의 제공하지 않는다. 질문이 약속한 답이 없다.,기존 대장내시경·오라팡·플렌뷰 페이지의 검증된 준비 정보를 가져와 단계별로 설명한다. 예약별 시각과 개인별 금기만 개별 안내로 남긴다.,현재 구현에서 확인; 원 작성 주체는 이 문구만으로 단정하지 않음
F032,P1,답변회피,T00604,/health/colonoscopy-preparation-questions/,content/pages.json,/21/questions/0/answer,"식사 조절·정결제 복용·검사 직전 섭취 지침을 각각 확인하세요. 모두 같은 시작·종료 시각을 뜻하지 않으므로 예약 안내서의 단계별 내용을 따르고, 서로 다르게 보이는 지침은 병원에 문의하세요.",대장내시경 준비 페이지의 본문·표·FAQ가 모두 무엇을 확인할지만 나열하고 음식·물·약별 실제 준비 설명을 거의 제공하지 않는다. 질문이 약속한 답이 없다.,기존 대장내시경·오라팡·플렌뷰 페이지의 검증된 준비 정보를 가져와 단계별로 설명한다. 예약별 시각과 개인별 금기만 개별 안내로 남긴다.,현재 구현에서 확인; 원 작성 주체는 이 문구만으로 단정하지 않음
F032,P1,답변회피,T00606,/health/colonoscopy-preparation-questions/,content/pages.json,/21/questions/1/answer,검사 시각과 정결제 종류에 맞는 시간표를 예약한 병원에서 확인해야 합니다. 오전 검사라는 이유만으로 인터넷의 단일 시간을 적용하지 마세요. 예약이 바뀌면 받은 시간표도 함께 다시 확인하세요.,대장내시경 준비 페이지의 본문·표·FAQ가 모두 무엇을 확인할지만 나열하고 음식·물·약별 실제 준비 설명을 거의 제공하지 않는다. 질문이 약속한 답이 없다.,기존 대장내시경·오라팡·플렌뷰 페이지의 검증된 준비 정보를 가져와 단계별로 설명한다. 예약별 시각과 개인별 금기만 개별 안내로 남긴다.,현재 구현에서 확인; 원 작성 주체는 이 문구만으로 단정하지 않음
F032,P1,답변회피,T00608,/health/colonoscopy-preparation-questions/,content/pages.json,/21/questions/2/answer,"정결제와 함께 마시는 물과 검사 직전 섭취 지침을 구분해 확인하세요. 받은 정결제 안내와 예약 시각을 알려 병원에 문의하고, 이미 마셨다면 양과 시각을 전달하세요. 이 페이지의 일반 안내로 본인의 금식 종료를 정하지 마세요.",대장내시경 준비 페이지의 본문·표·FAQ가 모두 무엇을 확인할지만 나열하고 음식·물·약별 실제 준비 설명을 거의 제공하지 않는다. 질문이 약속한 답이 없다.,기존 대장내시경·오라팡·플렌뷰 페이지의 검증된 준비 정보를 가져와 단계별로 설명한다. 예약별 시각과 개인별 금기만 개별 안내로 남긴다.,현재 구현에서 확인; 원 작성 주체는 이 문구만으로 단정하지 않음
F032,P1,답변회피,T00610,/health/colonoscopy-preparation-questions/,content/pages.json,/21/questions/3/answer,"병원에서 받은 음식 목록과 적용 시각을 함께 확인하세요. 음식 이름만 보고 판단하기보다 조리 방식·첨가물까지 안내에 포함되는지 확인하고, 다른 검사나 식이 제한이 있으면 함께 알려주세요.",대장내시경 준비 페이지의 본문·표·FAQ가 모두 무엇을 확인할지만 나열하고 음식·물·약별 실제 준비 설명을 거의 제공하지 않는다. 질문이 약속한 답이 없다.,기존 대장내시경·오라팡·플렌뷰 페이지의 검증된 준비 정보를 가져와 단계별로 설명한다. 예약별 시각과 개인별 금기만 개별 안내로 남긴다.,현재 구현에서 확인; 원 작성 주체는 이 문구만으로 단정하지 않음
F033,P1,방어적표현,T00567,/health/colonoscopy-preparation-questions/,content/pages.json,/21/blocks/0/text,"음식 조절은 장 준비를 위한 과정이고, 검사 직전 음식·음료 섭취 안내는 검사 시각과 방식에 맞춰 확인할 내용입니다. 정결제 안내까지 한 가지 금식 규칙으로 묶지 마세요. 본인이 받은 안내서에서 준비 단계와 시각을 나누어 확인하세요.",한 규칙으로 묶지 마세요·다른 상담을 적용하지 마세요·인터넷 시간을 적용하지 마세요·이 페이지로 금식 종료를 정하지 마세요가 일반 정보를 제공하지 않는 이유처럼 사용된다.,왜 다른지와 실제 적용 범위를 답한다. 개인별 일정이 필요한 이유는 구체적으로 한 번 설명한다.,현재 구현에서 확인; 원 작성 주체는 이 문구만으로 단정하지 않음
F033,P1,방어적표현,T00571,/health/colonoscopy-preparation-questions/,content/pages.json,/21/blocks/2/text,"전날 식사, 정결제와 함께 마시는 물, 검사 직전 음료는 확인할 조건이 다릅니다. 커피도 우유 등 첨가물이 있는지와 마신 시각을 함께 알려주세요. 특정 음식이 가능하다는 다른 사람의 상담을 본인의 모든 준비 단계에 적용하지 마세요.",한 규칙으로 묶지 마세요·다른 상담을 적용하지 마세요·인터넷 시간을 적용하지 마세요·이 페이지로 금식 종료를 정하지 마세요가 일반 정보를 제공하지 않는 이유처럼 사용된다.,왜 다른지와 실제 적용 범위를 답한다. 개인별 일정이 필요한 이유는 구체적으로 한 번 설명한다.,현재 구현에서 확인; 원 작성 주체는 이 문구만으로 단정하지 않음
F033,P1,방어적표현,T00606,/health/colonoscopy-preparation-questions/,content/pages.json,/21/questions/1/answer,검사 시각과 정결제 종류에 맞는 시간표를 예약한 병원에서 확인해야 합니다. 오전 검사라는 이유만으로 인터넷의 단일 시간을 적용하지 마세요. 예약이 바뀌면 받은 시간표도 함께 다시 확인하세요.,한 규칙으로 묶지 마세요·다른 상담을 적용하지 마세요·인터넷 시간을 적용하지 마세요·이 페이지로 금식 종료를 정하지 마세요가 일반 정보를 제공하지 않는 이유처럼 사용된다.,왜 다른지와 실제 적용 범위를 답한다. 개인별 일정이 필요한 이유는 구체적으로 한 번 설명한다.,현재 구현에서 확인; 원 작성 주체는 이 문구만으로 단정하지 않음
F033,P1,방어적표현,T00608,/health/colonoscopy-preparation-questions/,content/pages.json,/21/questions/2/answer,"정결제와 함께 마시는 물과 검사 직전 섭취 지침을 구분해 확인하세요. 받은 정결제 안내와 예약 시각을 알려 병원에 문의하고, 이미 마셨다면 양과 시각을 전달하세요. 이 페이지의 일반 안내로 본인의 금식 종료를 정하지 마세요.",한 규칙으로 묶지 마세요·다른 상담을 적용하지 마세요·인터넷 시간을 적용하지 마세요·이 페이지로 금식 종료를 정하지 마세요가 일반 정보를 제공하지 않는 이유처럼 사용된다.,왜 다른지와 실제 적용 범위를 답한다. 개인별 일정이 필요한 이유는 구체적으로 한 번 설명한다.,현재 구현에서 확인; 원 작성 주체는 이 문구만으로 단정하지 않음
F034,P1,문맥불일치,T00589,/health/colonoscopy-preparation-questions/,content/pages.json,/21/blocks/4/heading,보호자가 필요한 이유,비진정·진정 구분 없이 보호자와 다음 날까지 운전 제한을 일반 대장내시경 조건처럼 제시한다.,각 문장의 적용 대상이 진정 검사인지 시술 후 상태인지 명시하고 원 지침과 대조한다. 안전 제한 자체를 삭제하지 않는다.,현재 구현에서 확인; 원 작성 주체는 이 문구만으로 단정하지 않음
F034,P1,문맥불일치,T00590,/health/colonoscopy-preparation-questions/,content/pages.json,/21/blocks/4/text,보호자 동행이 어려운 경우에는 검사 전에 반드시 병원에 알려 검사 가능 여부와 귀가방법을 상의하십시오.,비진정·진정 구분 없이 보호자와 다음 날까지 운전 제한을 일반 대장내시경 조건처럼 제시한다.,각 문장의 적용 대상이 진정 검사인지 시술 후 상태인지 명시하고 원 지침과 대조한다. 안전 제한 자체를 삭제하지 않는다.,현재 구현에서 확인; 원 작성 주체는 이 문구만으로 단정하지 않음
F034,P1,문맥불일치,T00595,/health/colonoscopy-preparation-questions/,content/pages.json,/21/blocks/5/heading,검사 당일 하지 말아야 할 일,비진정·진정 구분 없이 보호자와 다음 날까지 운전 제한을 일반 대장내시경 조건처럼 제시한다.,각 문장의 적용 대상이 진정 검사인지 시술 후 상태인지 명시하고 원 지침과 대조한다. 안전 제한 자체를 삭제하지 않는다.,현재 구현에서 확인; 원 작성 주체는 이 문구만으로 단정하지 않음
F034,P1,문맥불일치,T00596,/health/colonoscopy-preparation-questions/,content/pages.json,/21/blocks/5/text,"검사 당일은 충분히 쉬고, 운전은 다음 날까지 피하는 것이 안전합니다.",비진정·진정 구분 없이 보호자와 다음 날까지 운전 제한을 일반 대장내시경 조건처럼 제시한다.,각 문장의 적용 대상이 진정 검사인지 시술 후 상태인지 명시하고 원 지침과 대조한다. 안전 제한 자체를 삭제하지 않는다.,현재 구현에서 확인; 원 작성 주체는 이 문구만으로 단정하지 않음
F035,P2,요구사항대체,T00637,/health/heart-test-differences/,content/pages.json,/22/blocks/1/text,각 검사는 관찰하는 대상이 달라 한 검사의 결과만으로 다른 결과를 무효라고 판단하기 어렵습니다. 검사명·시행 날짜·당시 증상을 함께 제시하고 어느 소견이 어떤 질문에 답하는지 설명을 요청하세요. 추가 평가가 필요한지도 같은 진료에서 상의할 수 있습니다.,검사 차이의 실제 예가 뒤에 있는데 앞부분은 설명 요청·질문 준비로 돌아간다.,서로 다른 정상 결과의 의미와 간헐적 부정맥 예시를 먼저 설명하고 진료 준비를 한 단락으로 합친다.,현재 구현에서 확인; 원 작성 주체는 이 문구만으로 단정하지 않음
F035,P2,요구사항대체,T00639,/health/heart-test-differences/,content/pages.json,/22/blocks/2/text,"증상이 진료실 밖에서 나타나는지, 얼마나 반복되고 어떤 활동과 관련되는지 기록해 보세요. 생활 중 기록하는 검사는 이런 정보를 평가하는 데 쓰일 수 있지만, 필요한 장비와 기록 기간은 진료에서 정합니다. 스스로 특정 검사만 예약하기보다 증상부터 전달해 주세요.",검사 차이의 실제 예가 뒤에 있는데 앞부분은 설명 요청·질문 준비로 돌아간다.,서로 다른 정상 결과의 의미와 간헐적 부정맥 예시를 먼저 설명하고 진료 준비를 한 단락으로 합친다.,현재 구현에서 확인; 원 작성 주체는 이 문구만으로 단정하지 않음
F035,P2,요구사항대체,T00642,/health/heart-test-differences/,content/pages.json,/22/blocks/3/text,"이전 결과지, 현재 복용약, 증상이 있었던 상황을 준비하세요. 새 검사만 반복하기보다 이미 받은 검사에서 무엇을 확인했는지 먼저 설명하는 것이 좋습니다. 영통탑내과의 검사 예약과 접수 가능 시간은 방문 전에 확인하세요.",검사 차이의 실제 예가 뒤에 있는데 앞부분은 설명 요청·질문 준비로 돌아간다.,서로 다른 정상 결과의 의미와 간헐적 부정맥 예시를 먼저 설명하고 진료 준비를 한 단락으로 합친다.,현재 구현에서 확인; 원 작성 주체는 이 문구만으로 단정하지 않음
F036,P1,답변회피,T00654,/health/heart-test-differences/,content/pages.json,/22/questions/2/answer,필요한 검사는 증상과 진료 목적에 따라 달라집니다. 이미 시행한 검사가 있다면 결과를 준비하고 이번 검사로 확인하려는 점이 무엇인지 의료진에게 질문하세요.,세 검사를 모두 해야 하느냐는 같은 질문에 본문은 직접 답과 사례를 주지만 FAQ는 의료진에게 질문하라는 말로 끝난다.,본문의 아니요와 검사 선택 예를 FAQ에 반영하고 중복 섹션을 정리한다.,현재 구현에서 확인; 원 작성 주체는 이 문구만으로 단정하지 않음
F037,P1,정보위계,T00662,/health/palpitations-test-followup/,content/pages.json,/23/description,"검사 후 두근거림이 계속된다면 검사 중 증상이 있었는지, 언제 어떤 상황에서 반복되는지 기록해 진료 때 알려주세요. 검사 결과를 이해하는 데 필요한 정보와 긴급 도움 안내입니다.",정상 심전도에서도 간헐적 부정맥이 기록되지 않을 수 있다는 핵심 답이 기록·질문 준비 세 문단 뒤에 있다.,검사 후 증상 지속의 해석을 먼저 설명하고 증상 기록과 재진 준비는 뒤에 묶는다.,현재 구현에서 확인; 원 작성 주체는 이 문구만으로 단정하지 않음
F037,P1,정보위계,T00664,/health/palpitations-test-followup/,content/pages.json,/23/intro,"검사 후 두근거림이 계속된다면 검사 중 증상이 있었는지, 언제 어떤 상황에서 반복되는지 기록해 진료 때 알려주세요. 검사 결과를 이해하는 데 필요한 정보와 긴급 도움 안내입니다.",정상 심전도에서도 간헐적 부정맥이 기록되지 않을 수 있다는 핵심 답이 기록·질문 준비 세 문단 뒤에 있다.,검사 후 증상 지속의 해석을 먼저 설명하고 증상 기록과 재진 준비는 뒤에 묶는다.,현재 구현에서 확인; 원 작성 주체는 이 문구만으로 단정하지 않음
F037,P1,정보위계,T00666,/health/palpitations-test-followup/,content/pages.json,/23/blocks/0/text,"심장 리듬 기록은 측정한 기간의 정보를 담습니다. 평소 느끼던 증상이 검사 중에도 있었는지, 증상 메모의 시각과 장치 기록을 함께 보았는지 결과 상담에서 확인하세요. 검사 이름이나 정상이라는 요약만으로 현재 증상의 원인을 확정하지 않습니다.",정상 심전도에서도 간헐적 부정맥이 기록되지 않을 수 있다는 핵심 답이 기록·질문 준비 세 문단 뒤에 있다.,검사 후 증상 지속의 해석을 먼저 설명하고 증상 기록과 재진 준비는 뒤에 묶는다.,현재 구현에서 확인; 원 작성 주체는 이 문구만으로 단정하지 않음
F037,P1,정보위계,T00671,/health/palpitations-test-followup/,content/pages.json,/23/blocks/2/text,"시행한 검사명과 날짜, 결과지, 현재 복용약을 준비하세요. 이번 검사에서 확인한 점과 아직 설명이 필요한 점을 나누어 질문하면 상담에 도움이 됩니다. 추가 검사나 치료 변경 여부는 증상 경과와 진료 결과에 따라 상의합니다.",정상 심전도에서도 간헐적 부정맥이 기록되지 않을 수 있다는 핵심 답이 기록·질문 준비 세 문단 뒤에 있다.,검사 후 증상 지속의 해석을 먼저 설명하고 증상 기록과 재진 준비는 뒤에 묶는다.,현재 구현에서 확인; 원 작성 주체는 이 문구만으로 단정하지 않음
F037,P1,정보위계,T00677,/health/palpitations-test-followup/,content/pages.json,/23/blocks/5/text,"부정맥이 하루에 몇 분만 발생한다면 진료실에서 시행하는 심전도에는 정상 리듬만 기록될 수 있습니다. 반대로 스마트워치에 빠른 맥박이 찍혀도 운동, 측정오류 또는 정상적인 동성빈맥일 수 있어 원본 파형과 증상을 확인해야 합니다.",정상 심전도에서도 간헐적 부정맥이 기록되지 않을 수 있다는 핵심 답이 기록·질문 준비 세 문단 뒤에 있다.,검사 후 증상 지속의 해석을 먼저 설명하고 증상 기록과 재진 준비는 뒤에 묶는다.,현재 구현에서 확인; 원 작성 주체는 이 문구만으로 단정하지 않음
F038,P2,방어적표현,T00683,/health/palpitations-test-followup/,content/pages.json,/23/blocks/8/text,"증상이 비슷해도 원인과 필요한 검사는 다를 수 있습니다. 아래 설명은 질환을 이해하고 상담을 준비하기 위한 정보이며, 증상만으로 스스로 진단하지 마십시오.",관련 질환 링크 앞에 다른 페이지와 동일한 자가진단 금지문이 중복된다.,증상과 관련 질환의 연결 이유를 짧게 설명하고 공통 면책을 반복하지 않는다.,현재 구현에서 확인; 원 작성 주체는 이 문구만으로 단정하지 않음
F039,P2,중복,T00681,/health/palpitations-test-followup/,content/pages.json,/23/blocks/7/text,"도움이 됩니다. 증상 당시 심박수, 시간, 심전도 파형이 있다면 삭제하지 말고 보여주십시오. 다만 스마트워치의 자동진단 문구만으로 확진하지는 않습니다.",스마트워치 기록 질문과 답이 본문·FAQ에 중복되며 FAQ 쪽이 더 추상적이다.,하나의 분명한 답으로 합치고 시각·원본 파형 보존과 자동판정의 한계를 유지한다.,현재 구현에서 확인; 원 작성 주체는 이 문구만으로 단정하지 않음
F039,P2,중복,T00693,/health/palpitations-test-followup/,content/pages.json,/23/questions/2/answer,"증상 시각과 함께 저장한 기록은 참고 자료로 제시할 수 있습니다. 다만 기기의 알림이나 숫자를 확정 진단으로 해석하지 말고, 의료용 검사 결과와 함께 상담하세요.",스마트워치 기록 질문과 답이 본문·FAQ에 중복되며 FAQ 쪽이 더 추상적이다.,하나의 분명한 답으로 합치고 시각·원본 파형 보존과 자동판정의 한계를 유지한다.,현재 구현에서 확인; 원 작성 주체는 이 문구만으로 단정하지 않음
F040,P2,방어적표현,T00764,/services/cancer-support/,content/pages.json,/28/blocks/4/text,"호중구 증가 주사제는 항암 종류, 투여시기, 혈액검사 결과, 감염 위험과 기존 치료계획을 고려해 결정해야 합니다. 환자가 원한다고 예방적으로 임의 투여하는 주사가 아니며, 필요한 경우 기존 항암치료팀과 치료계획을 확인합니다.",환자가 원한다고 임의 투여하는 주사가 아니라는 표현이 치료 선택 설명에 불필요한 대립을 만든다.,이미 앞에 있는 항암 종류·투여시기·호중구·감염 위험에 따른 결정 이유로 설명한다.,현재 구현에서 확인; 원 작성 주체는 이 문구만으로 단정하지 않음
F041,P1,답변회피,T00778,/services/cancer-support/,content/pages.json,/28/questions/0/answer,기존 치료기관의 치료 계획을 임의로 대체하거나 중단하지 마세요. 상담하려는 내용과 현재 치료를 알려 영통탑내과에서 가능한 진료 범위를 확인하세요.,지지진료가 항암치료를 대신하느냐는 질문에 본문에 있는 두 기관의 역할 대신 치료를 중단하지 말라는 지시로 답한다.,기존 항암치료를 이어가며 지역 내과가 치료 사이의 증상을 관리한다는 직접 답을 제시한다.,현재 구현에서 확인; 원 작성 주체는 이 문구만으로 단정하지 않음
F042,P2,방어적표현,T00780,/services/cancer-support/,content/pages.json,/28/questions/1/answer,"복용 중인 제품 이름과 용량을 알려주세요. 약과의 상호작용이나 치료에 미칠 영향을 확인해야 하며, 안전성·효과를 광고나 다른 사람의 경험만으로 판단하지 마세요.",보충제를 알려야 하는 이유는 상호작용으로 설명되는데 광고·타인 경험으로 판단하지 말라는 경고가 덧붙는다.,제품명·성분·용량과 상호작용 확인에 집중한다.,현재 구현에서 확인; 원 작성 주체는 이 문구만으로 단정하지 않음
F043,P1,요구사항대체,T00790,/services/endoscopy/,content/pages.json,/29/description,위·대장내시경의 검사 목적과 결과 설명은 각 검사 안내에서 확인하세요. 이미 대장내시경을 예약했다면 준비 안내서와 검사 시각을 맞춰 보는 것이 먼저입니다.,위·대장내시경 허브 전체가 안내를 확인하는 순서만 설명한다. 위와 대장 검사의 차이를 설명하는 답이 없다.,관찰 부위·장정결 필요 여부·검사 후 결과 확인의 차이를 짧게 보여주고 자세한 준비로 연결한다. 안내도와 단계 나열의 중복도 조정한다.,현재 구현에서 확인; 원 작성 주체는 이 문구만으로 단정하지 않음
F043,P1,요구사항대체,T00792,/services/endoscopy/,content/pages.json,/29/intro,위·대장내시경의 검사 목적과 결과 설명은 각 검사 안내에서 확인하세요. 이미 대장내시경을 예약했다면 준비 안내서와 검사 시각을 맞춰 보는 것이 먼저입니다.,위·대장내시경 허브 전체가 안내를 확인하는 순서만 설명한다. 위와 대장 검사의 차이를 설명하는 답이 없다.,관찰 부위·장정결 필요 여부·검사 후 결과 확인의 차이를 짧게 보여주고 자세한 준비로 연결한다. 안내도와 단계 나열의 중복도 조정한다.,현재 구현에서 확인; 원 작성 주체는 이 문구만으로 단정하지 않음
F043,P1,요구사항대체,T00794,/services/endoscopy/,content/pages.json,/29/blocks/0/text,위내시경과 대장내시경은 살펴보는 부위와 준비가 다릅니다. 검사 종류를 확인한 뒤 예약·준비·검사 후 관리 순서로 안내를 살펴보세요.,위·대장내시경 허브 전체가 안내를 확인하는 순서만 설명한다. 위와 대장 검사의 차이를 설명하는 답이 없다.,관찰 부위·장정결 필요 여부·검사 후 결과 확인의 차이를 짧게 보여주고 자세한 준비로 연결한다. 안내도와 단계 나열의 중복도 조정한다.,현재 구현에서 확인; 원 작성 주체는 이 문구만으로 단정하지 않음
F043,P1,요구사항대체,T00798,/services/endoscopy/,content/pages.json,/29/blocks/1/text,각 안내에서 검사별 준비와 결과를 이해할 때 필요한 내용을 확인할 수 있습니다.,위·대장내시경 허브 전체가 안내를 확인하는 순서만 설명한다. 위와 대장 검사의 차이를 설명하는 답이 없다.,관찰 부위·장정결 필요 여부·검사 후 결과 확인의 차이를 짧게 보여주고 자세한 준비로 연결한다. 안내도와 단계 나열의 중복도 조정한다.,현재 구현에서 확인; 원 작성 주체는 이 문구만으로 단정하지 않음
F043,P1,요구사항대체,T00799,/services/endoscopy/,content/pages.json,/29/blocks/1/steps/0,검사 목적과 예약 확인,위·대장내시경 허브 전체가 안내를 확인하는 순서만 설명한다. 위와 대장 검사의 차이를 설명하는 답이 없다.,관찰 부위·장정결 필요 여부·검사 후 결과 확인의 차이를 짧게 보여주고 자세한 준비로 연결한다. 안내도와 단계 나열의 중복도 조정한다.,현재 구현에서 확인; 원 작성 주체는 이 문구만으로 단정하지 않음
F043,P1,요구사항대체,T00800,/services/endoscopy/,content/pages.json,/29/blocks/1/steps/1,금식·복용약·장정결 준비 확인,위·대장내시경 허브 전체가 안내를 확인하는 순서만 설명한다. 위와 대장 검사의 차이를 설명하는 답이 없다.,관찰 부위·장정결 필요 여부·검사 후 결과 확인의 차이를 짧게 보여주고 자세한 준비로 연결한다. 안내도와 단계 나열의 중복도 조정한다.,현재 구현에서 확인; 원 작성 주체는 이 문구만으로 단정하지 않음
F043,P1,요구사항대체,T00801,/services/endoscopy/,content/pages.json,/29/blocks/1/steps/2,진정 여부와 귀가 시 동행 확인,위·대장내시경 허브 전체가 안내를 확인하는 순서만 설명한다. 위와 대장 검사의 차이를 설명하는 답이 없다.,관찰 부위·장정결 필요 여부·검사 후 결과 확인의 차이를 짧게 보여주고 자세한 준비로 연결한다. 안내도와 단계 나열의 중복도 조정한다.,현재 구현에서 확인; 원 작성 주체는 이 문구만으로 단정하지 않음
F043,P1,요구사항대체,T00802,/services/endoscopy/,content/pages.json,/29/blocks/1/steps/3,검사 결과와 조직검사·용종절제 후 안내 확인,위·대장내시경 허브 전체가 안내를 확인하는 순서만 설명한다. 위와 대장 검사의 차이를 설명하는 답이 없다.,관찰 부위·장정결 필요 여부·검사 후 결과 확인의 차이를 짧게 보여주고 자세한 준비로 연결한다. 안내도와 단계 나열의 중복도 조정한다.,현재 구현에서 확인; 원 작성 주체는 이 문구만으로 단정하지 않음
F044,P1,요구사항대체,T00813,/services/endoscopy/colonoscopy/,content/pages.json,/30/description,"대장내시경은 대장 안쪽을 관찰하는 검사입니다. 검사 목적과 결과 상담, 준비 안내서를 확인하는 방법, 비용에 포함되는 항목을 예약 전에 살펴보세요.",대장내시경의 실제 목적·준비·결과보다 안내서와 일정을 확인하라는 문장이 본문 앞부분을 차지한다. 구체적 음식·장정결 설명은 뒤에 붙어 있다.,"검사 목적, 준비, 관찰 결과와 조직검사 결과의 차이를 먼저 설명하고 연락·예약 조건을 뒤에 묶는다.",현재 구현에서 확인; 원 작성 주체는 이 문구만으로 단정하지 않음
F044,P1,요구사항대체,T00815,/services/endoscopy/colonoscopy/,content/pages.json,/30/intro,"대장내시경은 대장 안쪽을 관찰하는 검사입니다. 검사 목적과 결과 상담, 준비 안내서를 확인하는 방법, 비용에 포함되는 항목을 예약 전에 살펴보세요.",대장내시경의 실제 목적·준비·결과보다 안내서와 일정을 확인하라는 문장이 본문 앞부분을 차지한다. 구체적 음식·장정결 설명은 뒤에 붙어 있다.,"검사 목적, 준비, 관찰 결과와 조직검사 결과의 차이를 먼저 설명하고 연락·예약 조건을 뒤에 묶는다.",현재 구현에서 확인; 원 작성 주체는 이 문구만으로 단정하지 않음
F044,P1,요구사항대체,T00819,/services/endoscopy/colonoscopy/,content/pages.json,/30/blocks/1/text,"검사를 원하는 이유, 이전 내시경 결과와 처치 경험, 현재 복용약을 알려주세요. 영통탑내과에서 상담·검사·결과 설명을 어떤 일정으로 진행하는지 문의하고, 제출할 서류나 같은 날 받을 다른 검사가 있으면 함께 확인하세요.",대장내시경의 실제 목적·준비·결과보다 안내서와 일정을 확인하라는 문장이 본문 앞부분을 차지한다. 구체적 음식·장정결 설명은 뒤에 붙어 있다.,"검사 목적, 준비, 관찰 결과와 조직검사 결과의 차이를 먼저 설명하고 연락·예약 조건을 뒤에 묶는다.",현재 구현에서 확인; 원 작성 주체는 이 문구만으로 단정하지 않음
F044,P1,요구사항대체,T00822,/services/endoscopy/colonoscopy/,content/pages.json,/30/blocks/2/text,"대장 내부를 관찰하기 위해서는 장 준비가 필요합니다. 음식 조절, 정결제, 물·음료 섭취 안내를 구분하고 본인이 받은 안내서의 검사 시각과 일정이 맞는지 확인하세요. 약 복용 시간이나 양은 다른 병원의 예시를 가져와 바꾸지 마세요.",대장내시경의 실제 목적·준비·결과보다 안내서와 일정을 확인하라는 문장이 본문 앞부분을 차지한다. 구체적 음식·장정결 설명은 뒤에 붙어 있다.,"검사 목적, 준비, 관찰 결과와 조직검사 결과의 차이를 먼저 설명하고 연락·예약 조건을 뒤에 묶는다.",현재 구현에서 확인; 원 작성 주체는 이 문구만으로 단정하지 않음
F044,P1,요구사항대체,T00825,/services/endoscopy/colonoscopy/,content/pages.json,/30/blocks/3/text,"검사 중 관찰한 소견과 조직검사 등 추가 검사의 결과는 구분해서 설명받을 수 있습니다. 어떤 결과가 언제 나오는지, 추후 상담이 필요한지 확인하세요. 검사 뒤 생활·복약·이상 증상에 관한 안내는 실제 받은 처치에 맞게 따르세요.",대장내시경의 실제 목적·준비·결과보다 안내서와 일정을 확인하라는 문장이 본문 앞부분을 차지한다. 구체적 음식·장정결 설명은 뒤에 붙어 있다.,"검사 목적, 준비, 관찰 결과와 조직검사 결과의 차이를 먼저 설명하고 연락·예약 조건을 뒤에 묶는다.",현재 구현에서 확인; 원 작성 주체는 이 문구만으로 단정하지 않음
F045,P2,방어적표현,T00822,/services/endoscopy/colonoscopy/,content/pages.json,/30/blocks/2/text,"대장 내부를 관찰하기 위해서는 장 준비가 필요합니다. 음식 조절, 정결제, 물·음료 섭취 안내를 구분하고 본인이 받은 안내서의 검사 시각과 일정이 맞는지 확인하세요. 약 복용 시간이나 양은 다른 병원의 예시를 가져와 바꾸지 마세요.",다른 병원 예시로 바꾸지 말라·이전 행사 가격으로 판단하지 말라는 지시가 환자에게 오류 책임을 돌리는 어조다.,처방 정결제마다 용량이 다르다는 이유와 진정·조직검사 등 추가 비용 항목을 직접 설명한다.,현재 구현에서 확인; 원 작성 주체는 이 문구만으로 단정하지 않음
F045,P2,방어적표현,T00844,/services/endoscopy/colonoscopy/,content/pages.json,/30/questions/1/answer,"예약할 때 검사비에 포함되는 항목과 별도 비용을 나누어 확인해 주세요. 진정 여부나 실제 처치, 건강보험·검진 적용에 따라 확인할 내용이 다르므로 이전 행사 가격만으로 총액을 판단하지 마세요.",다른 병원 예시로 바꾸지 말라·이전 행사 가격으로 판단하지 말라는 지시가 환자에게 오류 책임을 돌리는 어조다.,처방 정결제마다 용량이 다르다는 이유와 진정·조직검사 등 추가 비용 항목을 직접 설명한다.,현재 구현에서 확인; 원 작성 주체는 이 문구만으로 단정하지 않음
F046,P1,답변회피,T00847,/services/endoscopy/colonoscopy/,content/pages.json,/30/questions/2/answer,관찰 소견과 추가 검사의 결과 설명 일정은 다를 수 있습니다. 조직검사 등 추가 결과가 있는지와 영통탑내과의 결과 상담 방법을 확인하세요. 당일에 설명받을 수 있는 범위를 예약할 때 확인해 주세요.,조직검사 결과가 바로 나오느냐는 질문에 다를 수 있다는 표현만 쓰고 관찰 결과와 병리검사의 처리 차이를 설명하지 않는다.,당일 관찰 소견과 별도 처리되는 조직검사를 구분해 답하고 병원에서 확인한 예상 기간을 제시한다. 확인 전 기간을 만들지 않는다.,현재 구현에서 확인; 원 작성 주체는 이 문구만으로 단정하지 않음
F046,P1,답변회피,T00887,/services/endoscopy/gastroscopy/,content/pages.json,/31/questions/2/answer,"내시경으로 관찰한 내용과 조직검사 결과는 설명 시점이 다를 수 있습니다. 추가 검사가 있었는지, 결과 상담이 언제인지 확인하고 받은 검사 후 안내를 보관해 주세요.",조직검사 결과가 바로 나오느냐는 질문에 다를 수 있다는 표현만 쓰고 관찰 결과와 병리검사의 처리 차이를 설명하지 않는다.,당일 관찰 소견과 별도 처리되는 조직검사를 구분해 답하고 병원에서 확인한 예상 기간을 제시한다. 확인 전 기간을 만들지 않는다.,현재 구현에서 확인; 원 작성 주체는 이 문구만으로 단정하지 않음
F047,P1,요구사항대체,T00859,/services/endoscopy/gastroscopy/,content/pages.json,/31/blocks/1/text,"진정 검사를 고려한다면 과거 진정·마취 경험과 불편했던 점, 현재 복용약을 알려주세요. 실제 선택 가능한 검사 방식과 준비 사항은 영통탑내과에 문의하세요. 진정 여부는 검사 전 준비와 검사 후 이동 계획을 세울 때도 확인해야 할 항목입니다.",선택 가능한 방식·금식·귀가·결과에 대해 거의 모두 문의를 지시한다. 보호자와 운전 기준은 같은 페이지 뒤쪽에 구체적으로 있다.,이미 확인된 진정·귀가 기준을 앞에 제시하고 실제 미확정 일정만 문의 대상으로 남긴다.,현재 구현에서 확인; 원 작성 주체는 이 문구만으로 단정하지 않음
F047,P1,요구사항대체,T00862,/services/endoscopy/gastroscopy/,content/pages.json,/31/blocks/2/text,예약한 검사와 시각을 기준으로 음식·음료와 복약 지침을 확인하세요. 다른 검사 안내와 섞어서 금식 시간을 정하거나 약을 스스로 중단하지 마세요. 안내와 다르게 먹거나 마신 경우에는 섭취한 종류와 시각을 알려 검사 진행 여부를 문의하세요.,선택 가능한 방식·금식·귀가·결과에 대해 거의 모두 문의를 지시한다. 보호자와 운전 기준은 같은 페이지 뒤쪽에 구체적으로 있다.,이미 확인된 진정·귀가 기준을 앞에 제시하고 실제 미확정 일정만 문의 대상으로 남긴다.,현재 구현에서 확인; 원 작성 주체는 이 문구만으로 단정하지 않음
F047,P1,요구사항대체,T00864,/services/endoscopy/gastroscopy/,content/pages.json,/31/blocks/3/text,"진정 검사를 받는다면 보호자 동행과 귀가 방법, 검사 후 제한되는 활동을 미리 확인하세요. 관찰 소견과 추가 검사 결과를 언제 듣는지도 문의하세요. 검사 후 안내는 실제 받은 검사와 처치에 맞게 따라야 합니다.",선택 가능한 방식·금식·귀가·결과에 대해 거의 모두 문의를 지시한다. 보호자와 운전 기준은 같은 페이지 뒤쪽에 구체적으로 있다.,이미 확인된 진정·귀가 기준을 앞에 제시하고 실제 미확정 일정만 문의 대상으로 남긴다.,현재 구현에서 확인; 원 작성 주체는 이 문구만으로 단정하지 않음
F048,P1,답변회피,T00883,/services/endoscopy/gastroscopy/,content/pages.json,/31/questions/0/answer,진정 여부는 검사 전 준비와 검사 후 이동·활동 안내를 확인할 때 필요한 조건입니다. 예약한 검진 항목과 진정 여부를 함께 알리고 음식·음료·복약·동행 지침을 병원 안내에서 확인하세요.,진정 여부에 따라 무엇이 달라지는지 답하지 않고 진정 여부는 필요한 조건이라고 되풀이한다.,"보호자 동행과 당일 운전 제한, 검사 조합에 따른 금식 조건을 명시한다.",현재 구현에서 확인; 원 작성 주체는 이 문구만으로 단정하지 않음
F049,P1,요구사항대체,T00895,/services/heart/,content/pages.json,/32/intro,검사 간 차이를 먼저 확인하고 개별 검사 안내로 이동하세요. 증상 때문에 진료를 준비한다면 발생 상황과 이전 결과를 정리해 상담하는 것이 좋습니다.,심장검사 허브의 도입이 개별 안내로 이동하고 상담을 준비하라는 동선 지시다.,각 검사가 확인하는 정보와 증상에 따라 선택한다는 핵심을 먼저 설명한다.,현재 구현에서 확인; 원 작성 주체는 이 문구만으로 단정하지 않음
F050,P1,문맥불일치,T00908,/services/heart/,content/pages.json,/32/blocks/2/heading,3단계: 12유도 심전도,심전도·추가검사·심장초음파·홀터를 연속 단계로 붙여 모든 환자가 모두 받는 과정처럼 보인다. 같은 페이지 안내도는 선택 검사라고 설명한다.,공통 진료 과정과 증상별 선택 검사를 구분한다. 안내도와 본문을 같은 구조로 맞춘다.,현재 구현에서 확인; 원 작성 주체는 이 문구만으로 단정하지 않음
F050,P1,문맥불일치,T00911,/services/heart/,content/pages.json,/32/blocks/3/heading,4단계: 증상에 맞는 추가검사,심전도·추가검사·심장초음파·홀터를 연속 단계로 붙여 모든 환자가 모두 받는 과정처럼 보인다. 같은 페이지 안내도는 선택 검사라고 설명한다.,공통 진료 과정과 증상별 선택 검사를 구분한다. 안내도와 본문을 같은 구조로 맞춘다.,현재 구현에서 확인; 원 작성 주체는 이 문구만으로 단정하지 않음
F050,P1,문맥불일치,T00914,/services/heart/,content/pages.json,/32/blocks/4/heading,5단계: 심장초음파,심전도·추가검사·심장초음파·홀터를 연속 단계로 붙여 모든 환자가 모두 받는 과정처럼 보인다. 같은 페이지 안내도는 선택 검사라고 설명한다.,공통 진료 과정과 증상별 선택 검사를 구분한다. 안내도와 본문을 같은 구조로 맞춘다.,현재 구현에서 확인; 원 작성 주체는 이 문구만으로 단정하지 않음
F050,P1,문맥불일치,T00916,/services/heart/,content/pages.json,/32/blocks/5/heading,6단계: 주로 72시간 홀터검사,심전도·추가검사·심장초음파·홀터를 연속 단계로 붙여 모든 환자가 모두 받는 과정처럼 보인다. 같은 페이지 안내도는 선택 검사라고 설명한다.,공통 진료 과정과 증상별 선택 검사를 구분한다. 안내도와 본문을 같은 구조로 맞춘다.,현재 구현에서 확인; 원 작성 주체는 이 문구만으로 단정하지 않음
F051,P1,요구사항대체,T00933,/services/heart/arterial-assessment/,content/pages.json,/33/description,"동맥경화도 검사의 목적과 결과를 이해할 때 필요한 조건을 안내합니다. 영통탑내과 방문 전 검사 부위·항목과 준비, 이전 결과를 함께 확인하세요.",검사명만 다른 동일 도입문이며 검사가 무엇을 보는지 답하지 않는다. HRV에도 검사 부위라는 어색한 공통 표현이 적용된다.,검사별 관찰 대상과 주요 목적을 본문에서 끌어올려 고유한 도입문을 쓴다.,현재 구현에서 확인; 원 작성 주체는 이 문구만으로 단정하지 않음
F051,P1,요구사항대체,T00935,/services/heart/arterial-assessment/,content/pages.json,/33/intro,"동맥경화도 검사의 목적과 결과를 이해할 때 필요한 조건을 안내합니다. 영통탑내과 방문 전 검사 부위·항목과 준비, 이전 결과를 함께 확인하세요.",검사명만 다른 동일 도입문이며 검사가 무엇을 보는지 답하지 않는다. HRV에도 검사 부위라는 어색한 공통 표현이 적용된다.,검사별 관찰 대상과 주요 목적을 본문에서 끌어올려 고유한 도입문을 쓴다.,현재 구현에서 확인; 원 작성 주체는 이 문구만으로 단정하지 않음
F051,P1,요구사항대체,T01020,/services/heart/carotid-ultrasound/,content/pages.json,/35/description,"경동맥 초음파의 목적과 결과를 이해할 때 필요한 조건을 안내합니다. 영통탑내과 방문 전 검사 부위·항목과 준비, 이전 결과를 함께 확인하세요.",검사명만 다른 동일 도입문이며 검사가 무엇을 보는지 답하지 않는다. HRV에도 검사 부위라는 어색한 공통 표현이 적용된다.,검사별 관찰 대상과 주요 목적을 본문에서 끌어올려 고유한 도입문을 쓴다.,현재 구현에서 확인; 원 작성 주체는 이 문구만으로 단정하지 않음
F051,P1,요구사항대체,T01022,/services/heart/carotid-ultrasound/,content/pages.json,/35/intro,"경동맥 초음파의 목적과 결과를 이해할 때 필요한 조건을 안내합니다. 영통탑내과 방문 전 검사 부위·항목과 준비, 이전 결과를 함께 확인하세요.",검사명만 다른 동일 도입문이며 검사가 무엇을 보는지 답하지 않는다. HRV에도 검사 부위라는 어색한 공통 표현이 적용된다.,검사별 관찰 대상과 주요 목적을 본문에서 끌어올려 고유한 도입문을 쓴다.,현재 구현에서 확인; 원 작성 주체는 이 문구만으로 단정하지 않음
F051,P1,요구사항대체,T01084,/services/heart/heart-rate-variability/,content/pages.json,/37/description,"심박 변이도 검사의 목적과 결과를 이해할 때 필요한 조건을 안내합니다. 영통탑내과 방문 전 검사 부위·항목과 준비, 이전 결과를 함께 확인하세요.",검사명만 다른 동일 도입문이며 검사가 무엇을 보는지 답하지 않는다. HRV에도 검사 부위라는 어색한 공통 표현이 적용된다.,검사별 관찰 대상과 주요 목적을 본문에서 끌어올려 고유한 도입문을 쓴다.,현재 구현에서 확인; 원 작성 주체는 이 문구만으로 단정하지 않음
F051,P1,요구사항대체,T01086,/services/heart/heart-rate-variability/,content/pages.json,/37/intro,"심박 변이도 검사의 목적과 결과를 이해할 때 필요한 조건을 안내합니다. 영통탑내과 방문 전 검사 부위·항목과 준비, 이전 결과를 함께 확인하세요.",검사명만 다른 동일 도입문이며 검사가 무엇을 보는지 답하지 않는다. HRV에도 검사 부위라는 어색한 공통 표현이 적용된다.,검사별 관찰 대상과 주요 목적을 본문에서 끌어올려 고유한 도입문을 쓴다.,현재 구현에서 확인; 원 작성 주체는 이 문구만으로 단정하지 않음
F052,P1,문맥불일치,T00937,/services/heart/arterial-assessment/,content/pages.json,/33/blocks/0/text,"말초동맥 평가에 사용하는 ABI는 팔과 발목의 혈압을 비교하는 지표입니다. 동맥경화도 검사에서 어떤 항목을 측정하는지 먼저 확인하고, 실제 측정 항목에 맞는 설명을 받으세요. 이 안내의 ABI 설명을 모든 혈관 검사 장비에 동일하게 적용하지 마세요.",동맥경화도 상세는 본원 측정 항목을 환자가 확인하라고 하지만 검사·장비 페이지는 ABI 검사 시행을 명시한다. 같은 사이트의 확정도와 설명 범위가 맞지 않는다.,검사·장비 원장과 실제 본원 시행 근거를 대조해 상세 페이지를 일치시킨다. 내부에서 확인할 운영 사실을 환자의 질문 과제로 남기지 않는다.,현재 구현에서 확인; 원 작성 주체는 이 문구만으로 단정하지 않음
F052,P1,문맥불일치,T00951,/services/heart/arterial-assessment/,content/pages.json,/33/questions/0/answer,"ABI는 팔과 발목의 혈압을 비교하는 지표로 말초동맥 평가에 사용됩니다. 영통탑내과의 동맥경화도 검사에서 실제 어떤 항목을 측정하는지 확인하고, 본인의 측정값에 맞는 설명을 받으세요.",동맥경화도 상세는 본원 측정 항목을 환자가 확인하라고 하지만 검사·장비 페이지는 ABI 검사 시행을 명시한다. 같은 사이트의 확정도와 설명 범위가 맞지 않는다.,검사·장비 원장과 실제 본원 시행 근거를 대조해 상세 페이지를 일치시킨다. 내부에서 확인할 운영 사실을 환자의 질문 과제로 남기지 않는다.,현재 구현에서 확인; 원 작성 주체는 이 문구만으로 단정하지 않음
F052,P1,문맥불일치,T01324,/services/examinations/,content/pages.json,/45/blocks/4/items/3,ABI 검사로 하지동맥 순환 평가,동맥경화도 상세는 본원 측정 항목을 환자가 확인하라고 하지만 검사·장비 페이지는 ABI 검사 시행을 명시한다. 같은 사이트의 확정도와 설명 범위가 맞지 않는다.,검사·장비 원장과 실제 본원 시행 근거를 대조해 상세 페이지를 일치시킨다. 내부에서 확인할 운영 사실을 환자의 질문 과제로 남기지 않는다.,현재 구현에서 확인; 원 작성 주체는 이 문구만으로 단정하지 않음
F053,P1,요구사항대체,T00944,/services/heart/arterial-assessment/,content/pages.json,/33/blocks/3/text,"동맥경화도 검사에서 실제로 측정한 항목과 결과 설명 방법을 확인하세요. 이전 검사와 비교할 수 있는지, 추가 상담이 필요한지 질문하고 안내받은 일정을 기록해 두세요. 비용과 결과지 발급 목적이 있다면 예약할 때 함께 문의하세요.",검사명만 바꾼 결과 상담 준비 문단이 네 페이지에서 같은 질문·비용·서류 지시를 반복한다.,각 검사의 결과지 항목과 추적 판단에 필요한 정보로 바꾸고 공통 문의는 한 번으로 줄인다.,현재 구현에서 확인; 원 작성 주체는 이 문구만으로 단정하지 않음
F053,P1,요구사항대체,T00993,/services/heart/cardiac-markers/,content/pages.json,/34/blocks/3/text,"심장 관련 혈액검사에서 실제로 측정한 항목과 결과 설명 방법을 확인하세요. 이전 검사와 비교할 수 있는지, 추가 상담이 필요한지 질문하고 안내받은 일정을 기록해 두세요. 비용과 결과지 발급 목적이 있다면 예약할 때 함께 문의하세요.",검사명만 바꾼 결과 상담 준비 문단이 네 페이지에서 같은 질문·비용·서류 지시를 반복한다.,각 검사의 결과지 항목과 추적 판단에 필요한 정보로 바꾸고 공통 문의는 한 번으로 줄인다.,현재 구현에서 확인; 원 작성 주체는 이 문구만으로 단정하지 않음
F053,P1,요구사항대체,T01031,/services/heart/carotid-ultrasound/,content/pages.json,/35/blocks/3/text,"경동맥 초음파에서 실제로 측정한 항목과 결과 설명 방법을 확인하세요. 이전 검사와 비교할 수 있는지, 추가 상담이 필요한지 질문하고 안내받은 일정을 기록해 두세요. 비용과 결과지 발급 목적이 있다면 예약할 때 함께 문의하세요.",검사명만 바꾼 결과 상담 준비 문단이 네 페이지에서 같은 질문·비용·서류 지시를 반복한다.,각 검사의 결과지 항목과 추적 판단에 필요한 정보로 바꾸고 공통 문의는 한 번으로 줄인다.,현재 구현에서 확인; 원 작성 주체는 이 문구만으로 단정하지 않음
F053,P1,요구사항대체,T01095,/services/heart/heart-rate-variability/,content/pages.json,/37/blocks/3/text,"심박 변이도 검사에서 실제로 측정한 항목과 결과 설명 방법을 확인하세요. 이전 검사와 비교할 수 있는지, 추가 상담이 필요한지 질문하고 안내받은 일정을 기록해 두세요. 비용과 결과지 발급 목적이 있다면 예약할 때 함께 문의하세요.",검사명만 바꾼 결과 상담 준비 문단이 네 페이지에서 같은 질문·비용·서류 지시를 반복한다.,각 검사의 결과지 항목과 추적 판단에 필요한 정보로 바꾸고 공통 문의는 한 번으로 줄인다.,현재 구현에서 확인; 원 작성 주체는 이 문구만으로 단정하지 않음
F054,P2,답변회피,T00953,/services/heart/arterial-assessment/,content/pages.json,/33/questions/1/answer,걷는 중과 쉬는 동안의 통증 양상이 어떻게 다른지 알려주세요. 통증이 있다는 사실만으로 혈관 문제를 확정하지 말고 기존 질환과 진찰 내용을 함께 상담하세요.,보행통을 왜 알려야 하는지와 결과가 무엇을 뜻하는지보다 확정하지 말고 설명받으라는 지시가 앞선다.,보행·휴식에 따른 증상이 평가에 필요한 이유와 해당 지표의 해석 범위를 설명한다.,현재 구현에서 확인; 원 작성 주체는 이 문구만으로 단정하지 않음
F054,P2,답변회피,T00955,/services/heart/arterial-assessment/,content/pages.json,/33/questions/2/answer,"어느 부위의 측정값인지와 이번 검사에서 확인한 점을 질문하세요. 이전 결과가 있다면 검사 날짜를 함께 보여주고, 추가 평가나 경과 관찰이 필요한지 설명받으세요.",보행통을 왜 알려야 하는지와 결과가 무엇을 뜻하는지보다 확정하지 말고 설명받으라는 지시가 앞선다.,보행·휴식에 따른 증상이 평가에 필요한 이유와 해당 지표의 해석 범위를 설명한다.,현재 구현에서 확인; 원 작성 주체는 이 문구만으로 단정하지 않음
F055,P2,방어적표현,T00991,/services/heart/cardiac-markers/,content/pages.json,/34/blocks/2/text,"트로포닌 등 표지자의 해석에는 증상과 발생 시점, 다른 검사 정보가 필요합니다. 정상·상승이라는 표현만으로 모든 심장질환을 배제하거나 심근경색을 스스로 확정하지 마세요.",검사 한계의 타당한 내용 뒤에 스스로 확정하지 말라·단순 비교하지 말라는 어조가 붙는다.,발생 시각·측정 항목·단위 등 해석이 달라지는 이유를 설명하고 위험 신호는 유지한다.,현재 구현에서 확인; 원 작성 주체는 이 문구만으로 단정하지 않음
F055,P2,방어적표현,T01011,/services/heart/cardiac-markers/,content/pages.json,/34/questions/2/answer,"검사 항목과 채혈한 시각, 증상 시작 시각과 이전 결과지를 준비하세요. 서로 다른 날짜나 항목의 숫자만 단순 비교하지 말고 어떤 변화인지 의료진의 설명을 받으세요.",검사 한계의 타당한 내용 뒤에 스스로 확정하지 말라·단순 비교하지 말라는 어조가 붙는다.,발생 시각·측정 항목·단위 등 해석이 달라지는 이유를 설명하고 위험 신호는 유지한다.,현재 구현에서 확인; 원 작성 주체는 이 문구만으로 단정하지 않음
F056,P2,문맥불일치,T01007,/services/heart/cardiac-markers/,content/pages.json,/34/questions/0/answer,"심장 관련 혈액검사는 목적이 서로 다릅니다. 영통탑내과에서는 Troponin I·CK-MB·Troponin T·CPK·D-dimer·NT-proBNP를 시행할 수 있습니다. Troponin I는 원내 약 20분, 나머지는 일반적으로 다음 날 결과를 확인합니다. 정상 결과 하나로 모든 심장 응급질환을 배제할 수는 없습니다.",트로포닌만 있는지를 묻는 답에 전체 항목·결과시간·응급 고지가 한꺼번에 들어가 초점이 흐려진다.,아니요와 검사별 목적 차이를 먼저 답하고 결과시간은 표로 연결한다.,현재 구현에서 확인; 원 작성 주체는 이 문구만으로 단정하지 않음
F057,P1,답변회피,T01026,/services/heart/carotid-ultrasound/,content/pages.json,/35/blocks/1/text,"이전 경동맥 검사 결과와 치료 이력, 복용약을 준비하세요. 실제 검사 예약과 복장 등 준비 방법은 방문 전에 문의해 주세요.",복장 등 준비를 문의하라고 하지만 같은 페이지 T01034에 금식·목걸이·복장 안내가 있다.,확인된 준비를 답변에 직접 반영한다.,현재 구현에서 확인; 원 작성 주체는 이 문구만으로 단정하지 않음
F057,P1,답변회피,T01042,/services/heart/carotid-ultrasound/,content/pages.json,/35/questions/1/answer,"검사한 부위와 날짜, 이전 결과와 치료 이력을 알려주세요. 현재 복용약을 정리하고 목 부위를 검사할 때의 복장 등 준비는 예약할 때 문의하세요.",복장 등 준비를 문의하라고 하지만 같은 페이지 T01034에 금식·목걸이·복장 안내가 있다.,확인된 준비를 답변에 직접 반영한다.,현재 구현에서 확인; 원 작성 주체는 이 문구만으로 단정하지 않음
F058,P2,방어적표현,T01029,/services/heart/carotid-ultrasound/,content/pages.json,/35/blocks/2/text,결과를 다른 검사나 증상과 함께 설명받으세요. 목의 혈관을 살펴보는 검사 결과 하나를 모든 뇌혈관 상태나 앞으로의 위험을 완전히 확인한 것으로 해석하지 마세요.,경동맥초음파의 관찰 범위를 설명하기보다 모든 뇌혈관으로 해석하지 말라는 금지로 끝난다.,목의 경동맥 평가 범위를 먼저 설명하고 두개내 혈관 평가와의 차이를 필요한 만큼 보완한다.,현재 구현에서 확인; 원 작성 주체는 이 문구만으로 단정하지 않음
F058,P2,방어적표현,T01044,/services/heart/carotid-ultrasound/,content/pages.json,/35/questions/2/answer,검사에서 관찰한 목 혈관의 소견과 설명 범위를 먼저 확인하세요. 이 결과만으로 모든 뇌혈관 상태나 앞으로의 위험을 단정하지 말고 증상과 다른 정보를 함께 상담하세요.,경동맥초음파의 관찰 범위를 설명하기보다 모든 뇌혈관으로 해석하지 말라는 금지로 끝난다.,목의 경동맥 평가 범위를 먼저 설명하고 두개내 혈관 평가와의 차이를 필요한 만큼 보완한다.,현재 구현에서 확인; 원 작성 주체는 이 문구만으로 단정하지 않음
F059,P2,중복,T01058,/services/heart/echocardiography/,content/pages.json,/36/blocks/2/text,심장초음파를 희망하면 내원 전 {{clinic.phone}}으로 문의·예약해 주세요. 함께 받는 검사와 이전 검사 결과 유무도 알려주세요. 예약할 때 예상 방문 일정과 결과 설명을 받는 방법까지 확인하면 다시 방문해야 하는 일정을 준비하는 데 도움이 됩니다.,예약 때 전달할 검사·이전 결과·복약 정보가 세 문단에 반복된다.,"전화 예약, 준비물·복장·금식, 결과의 세 항목으로 묶는다.",현재 구현에서 확인; 원 작성 주체는 이 문구만으로 단정하지 않음
F059,P2,중복,T01061,/services/heart/echocardiography/,content/pages.json,/36/blocks/3/text,"같은 날 다른 검사를 받는지, 이전 심장검사 결과가 있는지, 현재 어떤 약을 복용하는지 알려주세요. 검사 종류에 따라 준비가 달라질 수 있으므로 예약 안내를 확인하세요. 외부 검사 결과를 가져온다면 검사명과 시행 날짜를 함께 준비하는 것이 좋습니다.",예약 때 전달할 검사·이전 결과·복약 정보가 세 문단에 반복된다.,"전화 예약, 준비물·복장·금식, 결과의 세 항목으로 묶는다.",현재 구현에서 확인; 원 작성 주체는 이 문구만으로 단정하지 않음
F059,P2,중복,T01064,/services/heart/echocardiography/,content/pages.json,/36/blocks/4/text,"대부분 금식 없이 시행할 수 있습니다. 상의를 벗거나 앞쪽을 충분히 열어야 하므로 갈아입기 쉬운 복장이 편합니다. 과거 심장초음파 결과, 수술기록, 복용약 목록을 가져오면 비교에 도움이 됩니다.",예약 때 전달할 검사·이전 결과·복약 정보가 세 문단에 반복된다.,"전화 예약, 준비물·복장·금식, 결과의 세 항목으로 묶는다.",현재 구현에서 확인; 원 작성 주체는 이 문구만으로 단정하지 않음
F060,P1,답변회피,T01072,/services/heart/echocardiography/,content/pages.json,/36/questions/0/answer,"검사 하나의 정상 소견을 모든 심장질환이 없다는 뜻으로 넓혀 해석하지 않습니다. 어떤 구조·기능을 확인했는지, 증상과 다른 검사까지 고려했는지 담당 의료진의 설명을 함께 들어야 합니다.",심장초음파의 정상 결과 한계와 단독 검사 금식 여부가 본문에 있지만 FAQ는 넓혀 해석하지 말고 안내를 확인하라는 일반론이다.,"관상동맥·부정맥과의 검사 차이, 단독 검사와 동시 검사의 준비 차이를 직접 답한다.",현재 구현에서 확인; 원 작성 주체는 이 문구만으로 단정하지 않음
F060,P1,답변회피,T01074,/services/heart/echocardiography/,content/pages.json,/36/questions/1/answer,"함께 예약한 검사에 따라 준비가 달라질 수 있습니다. 심장초음파만 받는지, 혈액검사나 다른 검진이 있는지 먼저 알리고 금식·복약·내원 시각을 예약 안내에서 확인하세요.",심장초음파의 정상 결과 한계와 단독 검사 금식 여부가 본문에 있지만 FAQ는 넓혀 해석하지 말고 안내를 확인하라는 일반론이다.,"관상동맥·부정맥과의 검사 차이, 단독 검사와 동시 검사의 준비 차이를 직접 답한다.",현재 구현에서 확인; 원 작성 주체는 이 문구만으로 단정하지 않음
F061,P1,방어적표현,T01093,/services/heart/heart-rate-variability/,content/pages.json,/37/blocks/2/text,측정 조건과 개인의 상태에 따라 달라지는 지표이므로 수치 하나로 스트레스 정도나 특정 질환을 확정하지 마세요. 이번 검사에서 어떤 지표를 측정하고 어떤 설명에 사용하는지 질문하세요.,HRV와 심박수·홀터의 차이를 혼동하지 말라·한계를 질문하라·목적을 구분하라는 지시로 마무리한다.,"HRV가 측정하는 박동 간격 변화, 홀터의 리듬 기록 목적, 측정 조건의 영향을 직접 설명하고 적용 한계를 짧게 남긴다.",현재 구현에서 확인; 원 작성 주체는 이 문구만으로 단정하지 않음
F061,P1,방어적표현,T01098,/services/heart/heart-rate-variability/,content/pages.json,/37/questions/0/answer,"분당 박동 횟수와 박동 사이 간격의 변화는 다른 정보입니다. HRV 결과를 볼 때는 어떤 지표와 측정 조건으로 설명하는지 확인하고, 심박수 숫자와 혼동하지 마세요.",HRV와 심박수·홀터의 차이를 혼동하지 말라·한계를 질문하라·목적을 구분하라는 지시로 마무리한다.,"HRV가 측정하는 박동 간격 변화, 홀터의 리듬 기록 목적, 측정 조건의 영향을 직접 설명하고 적용 한계를 짧게 남긴다.",현재 구현에서 확인; 원 작성 주체는 이 문구만으로 단정하지 않음
F061,P1,방어적표현,T01100,/services/heart/heart-rate-variability/,content/pages.json,/37/questions/1/answer,측정 조건과 개인의 상태를 함께 살펴야 합니다. 한 수치만으로 스트레스 정도나 특정 질환을 확정하지 말고 이번 검사에서 설명할 수 있는 범위와 한계를 질문하세요.,HRV와 심박수·홀터의 차이를 혼동하지 말라·한계를 질문하라·목적을 구분하라는 지시로 마무리한다.,"HRV가 측정하는 박동 간격 변화, 홀터의 리듬 기록 목적, 측정 조건의 영향을 직접 설명하고 적용 한계를 짧게 남긴다.",현재 구현에서 확인; 원 작성 주체는 이 문구만으로 단정하지 않음
F061,P1,방어적표현,T01102,/services/heart/heart-rate-variability/,content/pages.json,/37/questions/2/answer,HRV 지표를 보는 목적과 생활 중 심장 리듬을 연속 기록하는 목적을 구분해야 합니다. 두근거림이 있다면 발생 상황과 이전 결과를 알려 필요한 평가를 상담하세요.,HRV와 심박수·홀터의 차이를 혼동하지 말라·한계를 질문하라·목적을 구분하라는 지시로 마무리한다.,"HRV가 측정하는 박동 간격 변화, 홀터의 리듬 기록 목적, 측정 조건의 영향을 직접 설명하고 적용 한계를 짧게 남긴다.",현재 구현에서 확인; 원 작성 주체는 이 문구만으로 단정하지 않음
F062,P2,방어적표현,T01113,/services/heart/holter/,content/pages.json,/38/blocks/1/text,기록 장치의 자료와 실제로 느낀 증상을 연결할 수 있도록 증상이 있었던 시각과 당시 활동을 적어두세요. 증상이 없었던 검사였는지도 결과 상담 때 알려주세요. 기록만으로 스스로 부정맥 종류를 판단하기보다 의료진에게 증상과 함께 설명받는 것이 중요합니다.,홀터 설명에서 스스로 판단하지 말라·인터넷 기기 설명을 적용하지 말라는 말이 반복된다. 장비별 생활 제한은 필요하다.,"장비 기록과 증상 시각을 비교하는 이유, 본원 장비의 착용 주의사항을 직접 설명한다. 미확인 방수 조건을 임의로 만들지 않는다.",현재 구현에서 확인; 원 작성 주체는 이 문구만으로 단정하지 않음
F062,P2,방어적표현,T01126,/services/heart/holter/,content/pages.json,/38/blocks/2/text,"영통탑내과에서 안내받은 장비의 착용 기간, 샤워·운동 가능 범위, 전극이 떨어졌을 때의 연락 방법을 확인하세요. 장비마다 사용 조건이 다르므로 인터넷의 다른 기기 설명을 그대로 적용하지 마세요. 장비 이상이 있으면 받은 안내에 따라 병원에 문의하세요.",홀터 설명에서 스스로 판단하지 말라·인터넷 기기 설명을 적용하지 말라는 말이 반복된다. 장비별 생활 제한은 필요하다.,"장비 기록과 증상 시각을 비교하는 이유, 본원 장비의 착용 주의사항을 직접 설명한다. 미확인 방수 조건을 임의로 만들지 않는다.",현재 구현에서 확인; 원 작성 주체는 이 문구만으로 단정하지 않음
F062,P2,방어적표현,T01146,/services/heart/holter/,content/pages.json,/38/questions/2/answer,평소 증상이 검사 중 나타나지 않았다는 사실을 결과 상담에서 알려주세요. 추가 기록이 필요한지 여부는 기존 기록과 증상 경과를 함께 보고 상담할 내용입니다. 검사 결과만으로 증상의 원인을 스스로 확정하지 마세요.,홀터 설명에서 스스로 판단하지 말라·인터넷 기기 설명을 적용하지 말라는 말이 반복된다. 장비별 생활 제한은 필요하다.,"장비 기록과 증상 시각을 비교하는 이유, 본원 장비의 착용 주의사항을 직접 설명한다. 미확인 방수 조건을 임의로 만들지 않는다.",현재 구현에서 확인; 원 작성 주체는 이 문구만으로 단정하지 않음
F063,P1,답변회피,T01142,/services/heart/holter/,content/pages.json,/38/questions/0/answer,착용 기간은 사용하는 장비와 검사 목적에 따라 확인해야 합니다. 예약할 때 착용 시작·종료와 반납 일정을 함께 문의하고 본인이 받은 장비 안내를 따르세요.,본원 홀터가 24시간인지 묻는 답변에서 이미 도입과 본문에 있는 주로 72시간이라는 사실을 빼고 장비 안내를 확인하라고 한다.,본원은 주로 72시간 기록하며 목적에 따라 조정한다는 직접 답을 쓴다.,현재 구현에서 확인; 원 작성 주체는 이 문구만으로 단정하지 않음
F064,P1,요구사항대체,T01153,/services/ultrasound/,content/pages.json,/39/description,심장·복부·갑상선 등 살펴보는 부위에 따라 확인할 정보와 준비가 다릅니다. 예약한 정확한 검사명을 확인하고 다른 검진과 함께 받는다면 준비 조건을 함께 문의하세요.,초음파 허브의 설명이 모두 검사명과 준비를 확인하라는 동선 지시다. 부위별 실제 차이를 보여주지 않는다.,부위별 관찰 대상과 금식·방광 준비 차이를 기존 상세 글에서 요약해 선택을 돕는다.,현재 구현에서 확인; 원 작성 주체는 이 문구만으로 단정하지 않음
F064,P1,요구사항대체,T01155,/services/ultrasound/,content/pages.json,/39/intro,심장·복부·갑상선 등 살펴보는 부위에 따라 확인할 정보와 준비가 다릅니다. 예약한 정확한 검사명을 확인하고 다른 검진과 함께 받는다면 준비 조건을 함께 문의하세요.,초음파 허브의 설명이 모두 검사명과 준비를 확인하라는 동선 지시다. 부위별 실제 차이를 보여주지 않는다.,부위별 관찰 대상과 금식·방광 준비 차이를 기존 상세 글에서 요약해 선택을 돕는다.,현재 구현에서 확인; 원 작성 주체는 이 문구만으로 단정하지 않음
F064,P1,요구사항대체,T01157,/services/ultrasound/,content/pages.json,/39/blocks/0/text,예약한 검사 부위와 정확한 검사명을 확인하세요. 여러 검사를 함께 받는다면 금식과 준비 조건을 병원에 함께 문의하세요.,초음파 허브의 설명이 모두 검사명과 준비를 확인하라는 동선 지시다. 부위별 실제 차이를 보여주지 않는다.,부위별 관찰 대상과 금식·방광 준비 차이를 기존 상세 글에서 요약해 선택을 돕는다.,현재 구현에서 확인; 원 작성 주체는 이 문구만으로 단정하지 않음
F064,P1,요구사항대체,T01166,/services/ultrasound/,content/pages.json,/39/blocks/2/text,각 안내에서 검사별 준비와 결과를 이해할 때 필요한 내용을 확인할 수 있습니다.,초음파 허브의 설명이 모두 검사명과 준비를 확인하라는 동선 지시다. 부위별 실제 차이를 보여주지 않는다.,부위별 관찰 대상과 금식·방광 준비 차이를 기존 상세 글에서 요약해 선택을 돕는다.,현재 구현에서 확인; 원 작성 주체는 이 문구만으로 단정하지 않음
F064,P1,요구사항대체,T01167,/services/ultrasound/,content/pages.json,/39/blocks/2/steps/0,검사 부위와 목적 확인,초음파 허브의 설명이 모두 검사명과 준비를 확인하라는 동선 지시다. 부위별 실제 차이를 보여주지 않는다.,부위별 관찰 대상과 금식·방광 준비 차이를 기존 상세 글에서 요약해 선택을 돕는다.,현재 구현에서 확인; 원 작성 주체는 이 문구만으로 단정하지 않음
F064,P1,요구사항대체,T01168,/services/ultrasound/,content/pages.json,/39/blocks/2/steps/1,예약한 검사의 금식·준비 안내 확인,초음파 허브의 설명이 모두 검사명과 준비를 확인하라는 동선 지시다. 부위별 실제 차이를 보여주지 않는다.,부위별 관찰 대상과 금식·방광 준비 차이를 기존 상세 글에서 요약해 선택을 돕는다.,현재 구현에서 확인; 원 작성 주체는 이 문구만으로 단정하지 않음
F064,P1,요구사항대체,T01170,/services/ultrasound/,content/pages.json,/39/blocks/2/steps/3,결과 설명과 추가 검사 필요 여부 상담,초음파 허브의 설명이 모두 검사명과 준비를 확인하라는 동선 지시다. 부위별 실제 차이를 보여주지 않는다.,부위별 관찰 대상과 금식·방광 준비 차이를 기존 상세 글에서 요약해 선택을 돕는다.,현재 구현에서 확인; 원 작성 주체는 이 문구만으로 단정하지 않음
F065,P1,방어적표현,T01161,/services/ultrasound/,content/pages.json,/39/blocks/1/items/0,예약 시 받은 안내가 이 글보다 우선합니다.,이 글보다 예약 안내가 우선이라는 포괄 문구와 숨기지 말라는 의심하는 표현이 사용된다.,개별 예약 조건이 다른 이유를 설명하고 준비와 달라진 섭취·배뇨 내용을 알려 달라고 중립적으로 안내한다.,현재 구현에서 확인; 원 작성 주체는 이 문구만으로 단정하지 않음
F065,P1,방어적표현,T01164,/services/ultrasound/,content/pages.json,/39/blocks/1/items/3,검사 직전에 금식이나 방광 준비를 지키지 못했다면 숨기지 말고 의료진에게 알려주십시오.,이 글보다 예약 안내가 우선이라는 포괄 문구와 숨기지 말라는 의심하는 표현이 사용된다.,개별 예약 조건이 다른 이유를 설명하고 준비와 달라진 섭취·배뇨 내용을 알려 달라고 중립적으로 안내한다.,현재 구현에서 확인; 원 작성 주체는 이 문구만으로 단정하지 않음
F066,P1,요구사항대체,T01179,/services/ultrasound/abdomen/,content/pages.json,/40/description,"상·하복부 초음파의 목적과 결과를 이해할 때 필요한 조건을 안내합니다. 영통탑내과 방문 전 검사 부위·항목과 준비, 이전 결과를 함께 확인하세요.",상하복부·갑상선 검사에도 검사명만 바꾼 동일한 도입문이 사용된다.,각 장기와 확인할 소견을 도입에서 직접 설명한다.,현재 구현에서 확인; 원 작성 주체는 이 문구만으로 단정하지 않음
F066,P1,요구사항대체,T01181,/services/ultrasound/abdomen/,content/pages.json,/40/intro,"상·하복부 초음파의 목적과 결과를 이해할 때 필요한 조건을 안내합니다. 영통탑내과 방문 전 검사 부위·항목과 준비, 이전 결과를 함께 확인하세요.",상하복부·갑상선 검사에도 검사명만 바꾼 동일한 도입문이 사용된다.,각 장기와 확인할 소견을 도입에서 직접 설명한다.,현재 구현에서 확인; 원 작성 주체는 이 문구만으로 단정하지 않음
F066,P1,요구사항대체,T01232,/services/ultrasound/thyroid/,content/pages.json,/42/description,"갑상선 초음파의 목적과 결과를 이해할 때 필요한 조건을 안내합니다. 영통탑내과 방문 전 검사 부위·항목과 준비, 이전 결과를 함께 확인하세요.",상하복부·갑상선 검사에도 검사명만 바꾼 동일한 도입문이 사용된다.,각 장기와 확인할 소견을 도입에서 직접 설명한다.,현재 구현에서 확인; 원 작성 주체는 이 문구만으로 단정하지 않음
F066,P1,요구사항대체,T01234,/services/ultrasound/thyroid/,content/pages.json,/42/intro,"갑상선 초음파의 목적과 결과를 이해할 때 필요한 조건을 안내합니다. 영통탑내과 방문 전 검사 부위·항목과 준비, 이전 결과를 함께 확인하세요.",상하복부·갑상선 검사에도 검사명만 바꾼 동일한 도입문이 사용된다.,각 장기와 확인할 소견을 도입에서 직접 설명한다.,현재 구현에서 확인; 원 작성 주체는 이 문구만으로 단정하지 않음
F067,P1,요구사항대체,T01190,/services/ultrasound/abdomen/,content/pages.json,/40/blocks/3/text,"상·하복부 초음파에서 실제로 측정한 항목과 결과 설명 방법을 확인하세요. 이전 검사와 비교할 수 있는지, 추가 상담이 필요한지 질문하고 안내받은 일정을 기록해 두세요. 비용과 결과지 발급 목적이 있다면 예약할 때 함께 문의하세요.",검사명만 바꾼 결과 상담 준비 문단이 복부·장·갑상선 검사에도 반복된다.,결과에서 확인하는 소견과 다음 평가의 이유를 해당 검사에 맞게 쓰고 공통 문의 문구는 통합한다.,현재 구현에서 확인; 원 작성 주체는 이 문구만으로 단정하지 않음
F067,P1,요구사항대체,T01218,/services/ultrasound/bowel/,content/pages.json,/41/blocks/3/text,"소장·대장·충수초음파에서 실제로 측정한 항목과 결과 설명 방법을 확인하세요. 이전 검사와 비교할 수 있는지, 추가 상담이 필요한지 질문하고 안내받은 일정을 기록해 두세요. 비용과 결과지 발급 목적이 있다면 예약할 때 함께 문의하세요.",검사명만 바꾼 결과 상담 준비 문단이 복부·장·갑상선 검사에도 반복된다.,결과에서 확인하는 소견과 다음 평가의 이유를 해당 검사에 맞게 쓰고 공통 문의 문구는 통합한다.,현재 구현에서 확인; 원 작성 주체는 이 문구만으로 단정하지 않음
F067,P1,요구사항대체,T01243,/services/ultrasound/thyroid/,content/pages.json,/42/blocks/3/text,"갑상선 초음파에서 실제로 측정한 항목과 결과 설명 방법을 확인하세요. 이전 검사와 비교할 수 있는지, 추가 상담이 필요한지 질문하고 안내받은 일정을 기록해 두세요. 비용과 결과지 발급 목적이 있다면 예약할 때 함께 문의하세요.",검사명만 바꾼 결과 상담 준비 문단이 복부·장·갑상선 검사에도 반복된다.,결과에서 확인하는 소견과 다음 평가의 이유를 해당 검사에 맞게 쓰고 공통 문의 문구는 통합한다.,현재 구현에서 확인; 원 작성 주체는 이 문구만으로 단정하지 않음
F068,P1,답변회피,T01185,/services/ultrasound/abdomen/,content/pages.json,/40/blocks/1/text,상복부·하복부와 함께 받는 검사에 따라 준비가 달라질 수 있습니다. 음식·음료·배뇨 관련 지침이 필요한지 예약할 때 확인하고 다른 부위 검사의 안내를 그대로 적용하지 마세요.,상복부 금식과 방광을 채우는 검사 조건이 같은 페이지에 구체적으로 있지만 FAQ와 앞 문단은 음식·음료·배뇨를 문의하라고만 한다.,상복부와 하복부의 준비 차이를 조건과 함께 직접 답한다.,현재 구현에서 확인; 원 작성 주체는 이 문구만으로 단정하지 않음
F068,P1,답변회피,T01198,/services/ultrasound/abdomen/,content/pages.json,/40/questions/0/answer,관찰 부위와 예약한 검사 조합에 따라 확인할 준비가 다릅니다. 정확한 검사명을 알려 음식·음료·배뇨 관련 안내가 필요한지 문의하고 받은 안내를 따르세요.,상복부 금식과 방광을 채우는 검사 조건이 같은 페이지에 구체적으로 있지만 FAQ와 앞 문단은 음식·음료·배뇨를 문의하라고만 한다.,상복부와 하복부의 준비 차이를 조건과 함께 직접 답한다.,현재 구현에서 확인; 원 작성 주체는 이 문구만으로 단정하지 않음
F069,P2,방어적표현,T01200,/services/ultrasound/abdomen/,content/pages.json,/40/questions/1/answer,초음파 영상으로 장기를 살펴보는 방법과 내시경으로 내부를 직접 관찰하는 방법은 다릅니다. 예약 목적과 확인하려는 부위를 상담하고 한 검사가 다른 검사를 항상 대신한다고 생각하지 마세요.,초음파와 내시경의 차이를 간단히 설명한 뒤 대체로 스스로 결정하지 말라고 끝난다.,관찰 방식·범위의 차이와 상호 보완하는 이유를 설명한다.,현재 구현에서 확인; 원 작성 주체는 이 문구만으로 단정하지 않음
F069,P2,방어적표현,T01225,/services/ultrasound/bowel/,content/pages.json,/41/questions/1/answer,초음파로 장과 주변을 살펴보는 방법과 내시경으로 대장 내부를 관찰하는 방법은 다릅니다. 증상과 진료 목적에 맞는 검사를 상담하고 한 검사를 다른 검사의 대체로 스스로 결정하지 마세요.,초음파와 내시경의 차이를 간단히 설명한 뒤 대체로 스스로 결정하지 말라고 끝난다.,관찰 방식·범위의 차이와 상호 보완하는 이유를 설명한다.,현재 구현에서 확인; 원 작성 주체는 이 문구만으로 단정하지 않음
F070,P2,중복,T01216,/services/ultrasound/bowel/,content/pages.json,/41/blocks/2/text,초음파에서 특정 소견이 보이지 않는 것만으로 모든 장 질환이 없다고 판단하지 않습니다. 증상 경과와 다른 검사 정보에 따라 추가 평가가 필요한지 의료진에게 설명받으세요.,초음파만으로 배제할 수 없다는 한계가 세 군데 반복되지만 FAQ는 관찰이 제한되는 이유를 생략한다.,가스·체형 등 관찰 한계와 지속 통증 시 추가 평가라는 구체 설명을 하나로 묶는다.,현재 구현에서 확인; 원 작성 주체는 이 문구만으로 단정하지 않음
F070,P2,중복,T01221,/services/ultrasound/bowel/,content/pages.json,/41/blocks/4/text,"소장·대장, 위벽, 충수 주변을 평가할 때는 장내 가스와 체형 때문에 관찰이 제한될 수 있습니다. 초음파에서 모든 장질환을 배제할 수 있는 것은 아닙니다. 진찰과 혈액검사, 경과를 종합하고 필요하면 CT가 가능한 인접 병원이나 응급실로 의뢰합니다.",초음파만으로 배제할 수 없다는 한계가 세 군데 반복되지만 FAQ는 관찰이 제한되는 이유를 생략한다.,가스·체형 등 관찰 한계와 지속 통증 시 추가 평가라는 구체 설명을 하나로 묶는다.,현재 구현에서 확인; 원 작성 주체는 이 문구만으로 단정하지 않음
F070,P2,중복,T01223,/services/ultrasound/bowel/,content/pages.json,/41/questions/0/answer,영상 소견만으로 판단하기보다 증상·진찰·검사 결과를 함께 평가해야 합니다. 통증이 계속되거나 달라지면 경과를 알려 추가 평가가 필요한지 상담하세요.,초음파만으로 배제할 수 없다는 한계가 세 군데 반복되지만 FAQ는 관찰이 제한되는 이유를 생략한다.,가스·체형 등 관찰 한계와 지속 통증 시 추가 평가라는 구체 설명을 하나로 묶는다.,현재 구현에서 확인; 원 작성 주체는 이 문구만으로 단정하지 않음
F071,P1,답변회피,T01241,/services/ultrasound/thyroid/,content/pages.json,/42/blocks/2/text,초음파의 소견만으로 본인이 암인지 아닌지 확정하지 마세요. 결절이 있다면 어떤 특징을 보았는지와 추가 검사·추적 관찰 필요성을 의료진에게 질문하고 이전 결과와 함께 상담하세요.,결절이 바로 암인지 묻는 질문에 스스로 확정하지 말라는 문장부터 나온다.,결절과 암의 관계를 먼저 설명하고 크기·모양·림프절·변화에 따른 추가 평가를 본문에 맞춰 덧붙인다.,현재 구현에서 확인; 원 작성 주체는 이 문구만으로 단정하지 않음
F071,P1,답변회피,T01252,/services/ultrasound/thyroid/,content/pages.json,/42/questions/0/answer,"결절이라는 표현만으로 스스로 암 여부를 확정하지 마세요. 어떤 영상 특징이 있는지, 추가 검사나 추적 관찰이 필요한지를 의료진에게 설명받아야 합니다.",결절이 바로 암인지 묻는 질문에 스스로 확정하지 말라는 문장부터 나온다.,결절과 암의 관계를 먼저 설명하고 크기·모양·림프절·변화에 따른 추가 평가를 본문에 맞춰 덧붙인다.,현재 구현에서 확인; 원 작성 주체는 이 문구만으로 단정하지 않음
F072,P1,문맥불일치,T01247,/services/ultrasound/thyroid/,content/pages.json,/42/blocks/4/paragraphs/0,영통탑내과에서는 갑상선 세침흡인검사를 직접 시행하지 않습니다. 조직검사와 유전자검사가 필요한 결절은 협력병원으로 연계합니다.,세침흡인검사가 필요한 경우라는 제목인데 본원이 시행하지 않는다는 사실을 전 문단과 반복하고 어떤 경우인지 설명이 부족하다.,제목을 실제 내용에 맞추거나 위험도·크기 등 조직검사 판단 기준을 근거 확인 후 보완한다. 본원 미시행 정보는 한 번 명시한다.,현재 구현에서 확인; 원 작성 주체는 이 문구만으로 단정하지 않음
F072,P1,문맥불일치,T01248,/services/ultrasound/thyroid/,content/pages.json,/42/blocks/5/heading,세침흡인검사가 필요한 경우,세침흡인검사가 필요한 경우라는 제목인데 본원이 시행하지 않는다는 사실을 전 문단과 반복하고 어떤 경우인지 설명이 부족하다.,제목을 실제 내용에 맞추거나 위험도·크기 등 조직검사 판단 기준을 근거 확인 후 보완한다. 본원 미시행 정보는 한 번 명시한다.,현재 구현에서 확인; 원 작성 주체는 이 문구만으로 단정하지 않음
F072,P1,문맥불일치,T01249,/services/ultrasound/thyroid/,content/pages.json,/42/blocks/5/text,"갑상선초음파는 결절의 크기·모양과 주변 림프절을 확인합니다. 영통탑내과에서는 갑상선 세침흡인검사를 시행하지 않으며, 조직검사 등 정밀평가가 필요하면 협력병원으로 의뢰합니다. 모든 결절에 조직검사나 유전자검사가 필요한 것은 아닙니다.",세침흡인검사가 필요한 경우라는 제목인데 본원이 시행하지 않는다는 사실을 전 문단과 반복하고 어떤 경우인지 설명이 부족하다.,제목을 실제 내용에 맞추거나 위험도·크기 등 조직검사 판단 기준을 근거 확인 후 보완한다. 본원 미시행 정보는 한 번 명시한다.,현재 구현에서 확인; 원 작성 주체는 이 문구만으로 단정하지 않음
F073,P2,답변회피,T01256,/services/ultrasound/thyroid/,content/pages.json,/42/questions/2/answer,"예전 검사 날짜와 결과지, 가능하면 필요한 영상 자료의 지참 여부를 문의하세요. 변화가 있는지와 다음 검사·진료가 필요한지는 이전 결과와 함께 설명받으세요.",결절의 이전 결과를 어떻게 비교하느냐는 질문에 자료 지참과 설명 요청만 답한다.,비교할 항목을 본문에 있는 크기·모양·주변 소견 중심으로 설명하고 자료 준비를 보완한다.,현재 구현에서 확인; 원 작성 주체는 이 문구만으로 단정하지 않음
F074,P2,답변회피,T01267,/visit/,content/pages.json,/44/description,"{{clinic.subway}}. {{clinic.address}}에 있습니다. 평일 {{clinic.hours.weekdays}}, 토요일 {{clinic.hours.saturday}} 진료를 안내하며 점심·검사 접수는 방문 전에 확인해 주세요.",점심시간 정보가 공통 원장에 있지만 도입에서는 점심·접수를 다시 문의하라고 한다.,확정된 점심 운영시간·접수 범위를 제시하고 검사별 변동 접수만 문의 대상으로 구분한다.,현재 구현에서 확인; 원 작성 주체는 이 문구만으로 단정하지 않음
F074,P2,답변회피,T01269,/visit/,content/pages.json,/44/intro,"{{clinic.subway}}. {{clinic.address}}에 있습니다. 평일 {{clinic.hours.weekdays}}, 토요일 {{clinic.hours.saturday}} 진료를 안내하며 점심·검사 접수는 방문 전에 확인해 주세요.",점심시간 정보가 공통 원장에 있지만 도입에서는 점심·접수를 다시 문의하라고 한다.,확정된 점심 운영시간·접수 범위를 제시하고 검사별 변동 접수만 문의 대상으로 구분한다.,현재 구현에서 확인; 원 작성 주체는 이 문구만으로 단정하지 않음
F075,P1,답변회피,T01278,/visit/,content/pages.json,/44/questions/1/answer,"방문 전에 차량 진입 위치와 주차 지원 시간·조건, 추가 비용을 병원에 문의하세요. 지도에서 건물 위치를 확인하고 실제 주차장 입구와 병원으로 올라오는 동선을 함께 확인하면 좋습니다.",주차장 위치를 묻는데 이미 원장에 있는 건물 지하주차장 위치도 답하지 않고 문의를 요구한다.,지하주차장 위치는 직접 답하고 지원 시간·추가 비용 등 미확인 조건만 확인 대상으로 남긴다.,현재 구현에서 확인; 원 작성 주체는 이 문구만으로 단정하지 않음
F076,P2,정보확인필요,T01347,/services/examinations/,content/pages.json,/45/blocks/5/table/rows/3/2,비교적 신속하게 확인. 검사별 상담,결과시간 표에서 일부 검사는 비교적 신속·별도 설명이라고만 적혀 있어 질문에 답하는 정밀도가 낮다.,검사별 통상 결과시간을 확보한다. 위탁·추가검사 변동 조건은 보존하고 미확인 숫자를 쓰지 않는다.,현재 구현에서 확인; 원 작성 주체는 이 문구만으로 단정하지 않음
F076,P2,정보확인필요,T01362,/services/examinations/,content/pages.json,/45/blocks/5/table/rows/8/2,항목과 추가검사에 따라 다름. 별도 결과 설명 필요,결과시간 표에서 일부 검사는 비교적 신속·별도 설명이라고만 적혀 있어 질문에 답하는 정밀도가 낮다.,검사별 통상 결과시간을 확보한다. 위탁·추가검사 변동 조건은 보존하고 미확인 숫자를 쓰지 않는다.,현재 구현에서 확인; 원 작성 주체는 이 문구만으로 단정하지 않음
F077,P2,방어적표현,T01425,/checkups/civil-service/,content/pages.json,/46/blocks/7/heading,검체를 조작하면 안 됩니다,검체 제출 안내 제목이 독자를 조작 의도가 있는 사람처럼 대하는 명령형이다. 본문은 과도한 수분과 해독제품의 영향을 구체적으로 설명해 유용하다.,제목을 정확한 검사를 위한 수분 섭취와 검체 제출 안내로 정리하고 본문의 이유는 유지한다.,현재 구현에서 확인; 원 작성 주체는 이 문구만으로 단정하지 않음
F078,P2,방어적표현,T01575,/health/cancer-treatment-symptoms/,content/pages.json,/48/blocks/16/text,"호중구 증가 주사제는 항암제 종류, 치료주기, 혈액검사, 감염 위험과 기존 대학병원의 치료계획을 확인한 뒤 사용합니다. 환자가 원한다고 임의로 투여하는 영양주사가 아닙니다.",호중구 증가 주사의 사용 조건을 설명한 뒤 “환자가 원한다고 임의로 투여하는 영양주사가 아닙니다”라고 덧붙여 독자를 나무라는 인상을 준다.,첫 문장의 투여 판단 기준을 중심으로 약의 목적을 직접 설명한다.,현재 구현에서 확인; 원 작성 주체는 이 문구만으로 단정하지 않음
F079,P2,방어적표현,T01578,/health/cancer-treatment-symptoms/,content/pages.json,/48/blocks/17/text,케모포트는 일반 주사바늘이 아니라 포트 전용 후버바늘과 무균술을 사용해야 합니다. 익숙하지 않은 기관에서 일반 채혈이나 수액 목적으로 함부로 천자해서는 안 됩니다.,"전용 바늘·무균술에 대한 안전정보는 필요하지만 “익숙하지 않은 기관”, “함부로”라는 표현은 환자가 판단하기 어렵고 경고 어조가 강하다.",전용 바늘과 무균 관리가 가능한 의료기관에서 처치받는다는 행동 안내로 정리한다.,현재 구현에서 확인; 원 작성 주체는 이 문구만으로 단정하지 않음
F080,P2,요구사항대체,T01673,/conditions/respiratory-infections/,content/pages.json,/50/description,"천식, COPD, 폐렴, 만성기침, 기흉, 독감·코로나·백일해, 잠복결핵과 결핵검사, 예방접종 범위를 안내합니다.",호흡기 진료의 첫 설명이 질환명 목록과 “범위를 안내합니다”로 끝나 환자가 어떤 증상으로 방문할 수 있는지 바로 이해하기 어렵다.,주요 내원 증상과 본원에서 가능한 평가를 요약하고 질환 목록은 탐색 링크로 활용한다.,현재 구현에서 확인; 원 작성 주체는 이 문구만으로 단정하지 않음
F080,P2,요구사항대체,T01675,/conditions/respiratory-infections/,content/pages.json,/50/intro,"천식, COPD, 폐렴, 만성기침, 기흉, 독감·코로나·백일해, 잠복결핵과 결핵검사, 예방접종 범위를 안내합니다.",호흡기 진료의 첫 설명이 질환명 목록과 “범위를 안내합니다”로 끝나 환자가 어떤 증상으로 방문할 수 있는지 바로 이해하기 어렵다.,주요 내원 증상과 본원에서 가능한 평가를 요약하고 질환 목록은 탐색 링크로 활용한다.,현재 구현에서 확인; 원 작성 주체는 이 문구만으로 단정하지 않음
F081,P2,요구사항대체,T01712,/services/vaccinations/,content/pages.json,/51/blocks/0/text,"일반 성인을 위한 요약 안내입니다. 나이·접종력·면역상태·임신 여부·기저질환과 백신 종류에 따라 일정이 달라질 수 있습니다. 아래 표는 이미지와 같은 내용을 제공하며, 구체적인 접종 전에는 의료진과 상담하세요.","“아래 표는 이미지와 같은 내용을 제공”은 구현 설명으로, 접종 판단에 필요한 정보가 아니다. 앞뒤의 개인별 일정 조건은 필요하다.",이미지-표 동등성 설명을 제거하고 표를 읽는 기준만 남긴다.,현재 구현에서 확인; 원 작성 주체는 이 문구만으로 단정하지 않음
F082,P2,방어적표현,T01832,/services/vaccinations/,content/pages.json,/51/blocks/16/text,"많은 불활성화 백신은 서로 다른 부위에 같은 날 접종할 수 있습니다. 다만 생백신 간격, 환자의 면역상태, 이전 이상반응과 접종 후 발열 가능성을 고려해 나누어 접종하기도 합니다. 접종 계획이 복잡하면 한 번에 임의로 결정하지 말고 접종기록을 가지고 상담하십시오.",동시 접종 가능 여부와 예외를 설명한 뒤 “한 번에 임의로 결정하지 말고”라는 훈계형 문장을 추가한다.,동시 접종이 가능한 기본 원칙과 접종기록에 따라 조정하는 조건을 유지한다.,현재 구현에서 확인; 원 작성 주체는 이 문구만으로 단정하지 않음
F083,P2,문맥불일치,T01843,/services/vaccinations/,content/pages.json,/51/blocks/18/heading,과거에 대상포진을 앓았어도 맞나요?,성인 예방접종 전체 페이지에서 대상포진 문답 다음 “암환자는 언제 맞나요?”가 어떤 백신의 질문인지 불명확하다. 답은 재조합 백신을 언급해 대상포진 맥락으로 보이지만 제목에 드러나지 않는다.,질문의 백신을 명시하고 해당 백신 설명에 붙인다.,현재 구현에서 확인; 원 작성 주체는 이 문구만으로 단정하지 않음
F083,P2,문맥불일치,T01845,/services/vaccinations/,content/pages.json,/51/blocks/19/heading,암환자는 언제 맞나요?,성인 예방접종 전체 페이지에서 대상포진 문답 다음 “암환자는 언제 맞나요?”가 어떤 백신의 질문인지 불명확하다. 답은 재조합 백신을 언급해 대상포진 맥락으로 보이지만 제목에 드러나지 않는다.,질문의 백신을 명시하고 해당 백신 설명에 붙인다.,현재 구현에서 확인; 원 작성 주체는 이 문구만으로 단정하지 않음
F083,P2,문맥불일치,T01846,/services/vaccinations/,content/pages.json,/51/blocks/19/text,"항암치료 전 접종이 가능한 경우가 가장 이상적일 수 있지만 치료 일정 때문에 그렇지 못한 경우도 많습니다. 생백신은 면역저하자에게 금기일 수 있고, 재조합 백신도 항암주기와 면역회복 시점에 따라 반응이 달라질 수 있습니다. 반드시 항암치료팀과 접종 의료진이 일정과 백신 종류를 확인해야 합니다.",성인 예방접종 전체 페이지에서 대상포진 문답 다음 “암환자는 언제 맞나요?”가 어떤 백신의 질문인지 불명확하다. 답은 재조합 백신을 언급해 대상포진 맥락으로 보이지만 제목에 드러나지 않는다.,질문의 백신을 명시하고 해당 백신 설명에 붙인다.,현재 구현에서 확인; 원 작성 주체는 이 문구만으로 단정하지 않음
F084,P2,답변회피,T01861,/services/vaccinations/,content/pages.json,/51/questions/0/question,작년에 독감 접종을 했는데 올해도 필요한가요?,"“올해도 필요한가요?”에 본문은 매 절기 1회라고 답하지만 FAQ는 “검토합니다”, “상담할 수 있습니다”, “알려주세요”로 약화된다.",기본 접종 주기를 먼저 직접 답하고 예외 조건과 올해 감염한 경우를 뒤에 설명한다.,현재 구현에서 확인; 원 작성 주체는 이 문구만으로 단정하지 않음
F084,P2,답변회피,T01862,/services/vaccinations/,content/pages.json,/51/questions/0/answer,독감 바이러스가 변하고 백신 면역도 시간이 지나며 감소하므로 매 절기 접종을 검토합니다. 해당 절기에 독감에 걸렸더라도 다른 유형을 예방하기 위해 회복 뒤 접종을 상담할 수 있습니다. 접종력과 현재 건강상태를 알려주세요.,"“올해도 필요한가요?”에 본문은 매 절기 1회라고 답하지만 FAQ는 “검토합니다”, “상담할 수 있습니다”, “알려주세요”로 약화된다.",기본 접종 주기를 먼저 직접 답하고 예외 조건과 올해 감염한 경우를 뒤에 설명한다.,현재 구현에서 확인; 원 작성 주체는 이 문구만으로 단정하지 않음
F085,P2,문맥불일치,T01898,/conditions/influenza/,content/pages.json,/52/blocks/3/heading,신속 분자검사·PCR,분자검사·PCR 제목 아래 첫 본문이 신속검사 음성의 한계를 설명해 검사 종류가 혼동된다.,음성 후 대응을 별도 소제목으로 옮기고 PCR의 목적과 시행 범위를 먼저 설명한다.,현재 구현에서 확인; 원 작성 주체는 이 문구만으로 단정하지 않음
F085,P2,문맥불일치,T01899,/conditions/influenza/,content/pages.json,/52/blocks/3/text,"발열이 시작된 직후 검사하거나 검체 채취가 충분하지 않으면 독감인데도 신속검사가 음성일 수 있습니다. 지역사회 유행이 뚜렷하고 증상이 전형적이거나 고위험군이면 한 번의 음성 결과만으로 독감을 완전히 배제하지 않습니다. 필요하면 재검사, 분자검사 또는 임상적 치료를 고려합니다.",분자검사·PCR 제목 아래 첫 본문이 신속검사 음성의 한계를 설명해 검사 종류가 혼동된다.,음성 후 대응을 별도 소제목으로 옮기고 PCR의 목적과 시행 범위를 먼저 설명한다.,현재 구현에서 확인; 원 작성 주체는 이 문구만으로 단정하지 않음
F086,P2,방어적표현,T01966,/conditions/covid-19/,content/pages.json,/53/blocks/5/text,신장기능과 간기능의 저하 정도에 따라 용량 조정이나 다른 치료가 필요할 수 있습니다. 처방 시점의 국내 허가사항을 기준으로 사용 가능성을 판단합니다. 해외 제품 설명이나 다른 사람의 복용법을 그대로 적용하지 마세요.,신장·간기능에 따른 용량 조정 이유는 필요하지만 “해외 제품 설명이나 다른 사람의 복용법을 그대로 적용하지 마세요”가 특정 환자 행동을 가정한 경고로 붙는다.,본원에서 국내 허가사항·검사 결과·병용약으로 처방을 정한다는 직접 설명을 중심으로 쓴다.,현재 구현에서 확인; 원 작성 주체는 이 문구만으로 단정하지 않음
F087,P1,방어적표현,T01986,/conditions/covid-19/,content/pages.json,/53/blocks/7/text,"영통탑내과는 고위험군의 호흡곤란·흉통·탈수와 동반질환을 확인해 흉부 X선, 심전도, 혈액검사의 필요성을 판단합니다. 이 검사들이 모든 팍스로비드 처방의 일률적인 법적 필수조건이라는 뜻은 아닙니다. 최근 검사 결과를 활용할 수 있으며 필요한 치료가 지연되지 않도록 결정합니다.",“모든 팍스로비드 처방의 일률적인 법적 필수조건이라는 뜻은 아닙니다”는 독자 질문에 답하기보다 앞선 작성 주장에 대한 방어·해명처럼 읽힌다.,어떤 증상·기록에 따라 어떤 검사를 선택하는지 설명하고 법적 필수 여부에 대한 내부 검토는 내부 문서에 둔다.,현재 구현에서 확인; 원 작성 주체는 이 문구만으로 단정하지 않음
F088,P1,답변회피,T02000,/conditions/covid-19/,content/pages.json,/53/blocks/11/heading,팍스로비드는 어떻게 복용하나요?,“어떻게 복용하나요”라는 제목에 기본 복용기간·횟수 없이 처방대로/약 봉투 안내를 따르라는 지시만 있다. 치료 대상·지원 기준 문장도 복용법과 섞인다.,국내 공식 복약자료와 본원 기준을 확인해 일반 복용 원칙과 개별 용량의 차이를 구분하거나 제목을 처방 전후 확인사항으로 정확히 바꾼다. 새 복약 수치를 임의로 넣지 않는다.,현재 구현에서 확인; 원 작성 주체는 이 문구만으로 단정하지 않음
F088,P1,답변회피,T02001,/conditions/covid-19/,content/pages.json,/53/blocks/11/text,"의료진이 국내 허가사항과 신장·간기능, 병용약을 확인해 정한 용량을 처방 일정대로 복용합니다. 다른 사람의 약을 나눠 먹거나 알약 수·복용 간격을 임의로 바꾸지 마세요. 치료 대상과 급여·지원 기준은 서로 다를 수 있습니다.",“어떻게 복용하나요”라는 제목에 기본 복용기간·횟수 없이 처방대로/약 봉투 안내를 따르라는 지시만 있다. 치료 대상·지원 기준 문장도 복용법과 섞인다.,국내 공식 복약자료와 본원 기준을 확인해 일반 복용 원칙과 개별 용량의 차이를 구분하거나 제목을 처방 전후 확인사항으로 정확히 바꾼다. 새 복약 수치를 임의로 넣지 않는다.,현재 구현에서 확인; 원 작성 주체는 이 문구만으로 단정하지 않음
F088,P1,답변회피,T02004,/conditions/covid-19/,content/pages.json,/53/blocks/11/items/1,복용을 빠뜨렸을 때의 대처는 약 봉투와 의료진 안내를 따릅니다.,“어떻게 복용하나요”라는 제목에 기본 복용기간·횟수 없이 처방대로/약 봉투 안내를 따르라는 지시만 있다. 치료 대상·지원 기준 문장도 복용법과 섞인다.,국내 공식 복약자료와 본원 기준을 확인해 일반 복용 원칙과 개별 용량의 차이를 구분하거나 제목을 처방 전후 확인사항으로 정확히 바꾼다. 새 복약 수치를 임의로 넣지 않는다.,현재 구현에서 확인; 원 작성 주체는 이 문구만으로 단정하지 않음
F089,P1,요구사항대체,T02076,/health/plenvu-preparation/,content/pages.json,/55/blocks/2/heading,복용시간,"복용시간 항목이 세 줄 모두 “지정 시각”, “금식 마감”만 되풀이한다. 개인 일정이 필요한 것은 맞지만 사용자가 실제 시간을 찾거나 계산할 자료가 없다.",본원에서 검증한 오전·오후 안내표 또는 개인 예약 안내문 확인 경로를 제공한다. 복용 시각과 진정 금식 기준의 의료 확인 전 일률적인 시간을 만들지 않는다.,현재 구현에서 확인; 원 작성 주체는 이 문구만으로 단정하지 않음
F089,P1,요구사항대체,T02077,/health/plenvu-preparation/,content/pages.json,/55/blocks/2/text,검사 전날과 당일로 나누는 방법 또는 검사 당일에 복용하는 방법 중 처방받은 일정에 따릅니다. 인터넷에 있는 오전·오후 시간표를 임의로 적용하지 마세요. 진정 여부와 검사 시간에 맞춰 약과 추가 물을 마치는 시각을 확인합니다.,"복용시간 항목이 세 줄 모두 “지정 시각”, “금식 마감”만 되풀이한다. 개인 일정이 필요한 것은 맞지만 사용자가 실제 시간을 찾거나 계산할 자료가 없다.",본원에서 검증한 오전·오후 안내표 또는 개인 예약 안내문 확인 경로를 제공한다. 복용 시각과 진정 금식 기준의 의료 확인 전 일률적인 시간을 만들지 않는다.,현재 구현에서 확인; 원 작성 주체는 이 문구만으로 단정하지 않음
F089,P1,요구사항대체,T02078,/health/plenvu-preparation/,content/pages.json,/55/blocks/2/items/0,1차: 예약 안내문에 적힌 검사 전날 또는 지정 시각,"복용시간 항목이 세 줄 모두 “지정 시각”, “금식 마감”만 되풀이한다. 개인 일정이 필요한 것은 맞지만 사용자가 실제 시간을 찾거나 계산할 자료가 없다.",본원에서 검증한 오전·오후 안내표 또는 개인 예약 안내문 확인 경로를 제공한다. 복용 시각과 진정 금식 기준의 의료 확인 전 일률적인 시간을 만들지 않는다.,현재 구현에서 확인; 원 작성 주체는 이 문구만으로 단정하지 않음
F089,P1,요구사항대체,T02079,/health/plenvu-preparation/,content/pages.json,/55/blocks/2/items/1,"2차: 검사 당일, 검사 시작시간에 맞춘 지정 시각","복용시간 항목이 세 줄 모두 “지정 시각”, “금식 마감”만 되풀이한다. 개인 일정이 필요한 것은 맞지만 사용자가 실제 시간을 찾거나 계산할 자료가 없다.",본원에서 검증한 오전·오후 안내표 또는 개인 예약 안내문 확인 경로를 제공한다. 복용 시각과 진정 금식 기준의 의료 확인 전 일률적인 시간을 만들지 않는다.,현재 구현에서 확인; 원 작성 주체는 이 문구만으로 단정하지 않음
F089,P1,요구사항대체,T02080,/health/plenvu-preparation/,content/pages.json,/55/blocks/2/items/2,마지막 약과 물: 병원에서 정한 금식 마감 전 완료,"복용시간 항목이 세 줄 모두 “지정 시각”, “금식 마감”만 되풀이한다. 개인 일정이 필요한 것은 맞지만 사용자가 실제 시간을 찾거나 계산할 자료가 없다.",본원에서 검증한 오전·오후 안내표 또는 개인 예약 안내문 확인 경로를 제공한다. 복용 시각과 진정 금식 기준의 의료 확인 전 일률적인 시간을 만들지 않는다.,현재 구현에서 확인; 원 작성 주체는 이 문구만으로 단정하지 않음
F090,P1,요구사항대체,T02104,/health/after-endoscopy/,content/pages.json,/56/description,"위·대장 조직검사 또는 용종절제 후 물·죽·일반식 시작시간, 술·흡연, 운동·사우나·여행 제한과 응급 증상을 안내합니다.","요약은 물·죽·일반식 시작시간, 사우나 등 구체적인 생활 안내를 약속하지만 본문은 대부분 “의료진이 허용한 시각/기간”, “퇴실 전 확인”으로 끝난다. 시술 종류를 구분해야 한다는 원칙만으로는 집에서 활용할 지침이 되지 않는다.",본원 퇴실 안내 기준을 확인해 조직검사·용종절제별 기본 안내와 달라지는 조건을 분리하고 확인 가능한 안내문을 연결한다. 제공하지 않은 세부정보를 요약에서 약속하지 않는다.,현재 구현에서 확인; 원 작성 주체는 이 문구만으로 단정하지 않음
F090,P1,요구사항대체,T02110,/health/after-endoscopy/,content/pages.json,/56/blocks/1/text,"진정에서 충분히 깨어 삼키는 기능이 안전한지 확인한 뒤 의료진이 허용한 시각에 물과 식사를 시작합니다. 작은 조직검사만 했는지, 용종을 어떤 방법으로 제거했는지에 따라 시간이 다르므로 일률적인 금식 시간을 적용하지 마세요.","요약은 물·죽·일반식 시작시간, 사우나 등 구체적인 생활 안내를 약속하지만 본문은 대부분 “의료진이 허용한 시각/기간”, “퇴실 전 확인”으로 끝난다. 시술 종류를 구분해야 한다는 원칙만으로는 집에서 활용할 지침이 되지 않는다.",본원 퇴실 안내 기준을 확인해 조직검사·용종절제별 기본 안내와 달라지는 조건을 분리하고 확인 가능한 안내문을 연결한다. 제공하지 않은 세부정보를 요약에서 약속하지 않는다.,현재 구현에서 확인; 원 작성 주체는 이 문구만으로 단정하지 않음
F090,P1,요구사항대체,T02111,/health/after-endoscopy/,content/pages.json,/56/blocks/1/items/0,퇴실 전에 물·음식 시작 시각과 첫 식사 종류를 확인합니다.,"요약은 물·죽·일반식 시작시간, 사우나 등 구체적인 생활 안내를 약속하지만 본문은 대부분 “의료진이 허용한 시각/기간”, “퇴실 전 확인”으로 끝난다. 시술 종류를 구분해야 한다는 원칙만으로는 집에서 활용할 지침이 되지 않는다.",본원 퇴실 안내 기준을 확인해 조직검사·용종절제별 기본 안내와 달라지는 조건을 분리하고 확인 가능한 안내문을 연결한다. 제공하지 않은 세부정보를 요약에서 약속하지 않는다.,현재 구현에서 확인; 원 작성 주체는 이 문구만으로 단정하지 않음
F090,P1,요구사항대체,T02114,/health/after-endoscopy/,content/pages.json,/56/blocks/2/text,용종을 제거했다면 시술 부위와 크기에 따라 부드러운 식사와 자극적인 음식 제한을 안내받을 수 있습니다. 안내받은 기간에 과식과 음주를 피하고 식사량을 서서히 늘립니다. 작은 조직검사만 받은 사람에게 같은 기간을 일괄 적용하지 않습니다.,"요약은 물·죽·일반식 시작시간, 사우나 등 구체적인 생활 안내를 약속하지만 본문은 대부분 “의료진이 허용한 시각/기간”, “퇴실 전 확인”으로 끝난다. 시술 종류를 구분해야 한다는 원칙만으로는 집에서 활용할 지침이 되지 않는다.",본원 퇴실 안내 기준을 확인해 조직검사·용종절제별 기본 안내와 달라지는 조건을 분리하고 확인 가능한 안내문을 연결한다. 제공하지 않은 세부정보를 요약에서 약속하지 않는다.,현재 구현에서 확인; 원 작성 주체는 이 문구만으로 단정하지 않음
F090,P1,요구사항대체,T02116,/health/after-endoscopy/,content/pages.json,/56/blocks/3/text,시술 후 음주·흡연은 회복에 불리할 수 있습니다. 특히 용종절제 후에는 출혈 위험과 복용약을 고려해 의료진이 정한 제한 기간을 지키세요. 진정내시경 당일에는 술을 마시지 않습니다.,"요약은 물·죽·일반식 시작시간, 사우나 등 구체적인 생활 안내를 약속하지만 본문은 대부분 “의료진이 허용한 시각/기간”, “퇴실 전 확인”으로 끝난다. 시술 종류를 구분해야 한다는 원칙만으로는 집에서 활용할 지침이 되지 않는다.",본원 퇴실 안내 기준을 확인해 조직검사·용종절제별 기본 안내와 달라지는 조건을 분리하고 확인 가능한 안내문을 연결한다. 제공하지 않은 세부정보를 요약에서 약속하지 않는다.,현재 구현에서 확인; 원 작성 주체는 이 문구만으로 단정하지 않음
F090,P1,요구사항대체,T02118,/health/after-endoscopy/,content/pages.json,/56/blocks/4/text,"진정내시경 당일은 보호자와 귀가하고 운전·위험한 기계조작·중요한 결정을 피합니다. 용종절제 후 무거운 물건 들기, 격한 운동, 장거리 여행의 재개 시점은 시술 범위와 출혈 위험에 따라 다릅니다. 퇴실 전에 활동별 재개 날짜를 확인하고, 출혈이 생길 때 바로 진료받을 수 있도록 계획하세요.","요약은 물·죽·일반식 시작시간, 사우나 등 구체적인 생활 안내를 약속하지만 본문은 대부분 “의료진이 허용한 시각/기간”, “퇴실 전 확인”으로 끝난다. 시술 종류를 구분해야 한다는 원칙만으로는 집에서 활용할 지침이 되지 않는다.",본원 퇴실 안내 기준을 확인해 조직검사·용종절제별 기본 안내와 달라지는 조건을 분리하고 확인 가능한 안내문을 연결한다. 제공하지 않은 세부정보를 요약에서 약속하지 않는다.,현재 구현에서 확인; 원 작성 주체는 이 문구만으로 단정하지 않음
F091,P2,답변회피,T02150,/health/heart-valve-regurgitation/,content/pages.json,/57/blocks/4/text,"경도인지 중등도인지, 심장 크기와 기능이 안정적인지, 증상이 있는지에 따라 간격이 달라집니다. 이전 검사와 비교해 변화가 없다면 간격을 늘릴 수 있고, 중증이거나 증상이 새로 생기면 더 자주 검사하거나 상급병원 판막클리닉으로 의뢰합니다. “몇 년마다”라는 한 가지 간격을 모든 환자에게 적용하지 않습니다.",추적 간격을 묻는 항목이 변수를 나열한 뒤 모든 환자에게 같은 간격을 적용하지 않는다는 부정으로 끝난다.,질환·중증도별로 설명할 수 있는 범위가 있는지 의료진 검토 후 기본 틀을 제공하거나 본인 결과지에서 확인할 항목과 다음 검사일 확인 방법을 구체화한다.,현재 구현에서 확인; 원 작성 주체는 이 문구만으로 단정하지 않음
F092,P1,문맥불일치,T02167,/health/angina-treatment/,content/pages.json,/58/intro,"아닙니다. 협심증의 종류와 증상, 관상동맥 협착 위치와 정도, 심장기능에 따라 약물치료와 생활관리만으로 경과를 보는 환자도 있고 스텐트나 우회수술이 필요한 환자도 있습니다. 급성심근경색과 불안정협심증은 안정형 협심증과 접근이 다릅니다.",제목은 “협심증의 약물치료와 스텐트”인데 첫 문장이 “아닙니다”로 시작한다. 삭제된 질문에 대한 답변을 그대로 남긴 흔적이라 독립적인 도입문으로 성립하지 않는다.,협심증이라고 모두 스텐트가 필요한 것은 아니라는 완결된 문장으로 시작한다.,현재 구현에서 확인; 원 작성 주체는 이 문구만으로 단정하지 않음
F093,P2,방어적표현,T02199,/conditions/chronic-disease/,content/pages.json,/59/blocks/2/text,"체중·허리둘레와 식사·활동, 지방간, 수면과 필요한 갑상선기능 평가를 함께 살핍니다. 생활관리와 약물치료 여부를 개인별로 결정하며 처방약을 임의로 시작하거나 중단하지 마세요.",체중관리와 생활습관 설명에 약을 임의로 시작/중단하지 말라는 경고가 반복된다. 이 페이지 후반에 평생 복용과 감량 조건을 실제로 설명하고 있어 중복이다.,생활관리와 약물치료의 관계를 직접 설명하고 중단·감량 주의는 관련 문답에 모은다.,현재 구현에서 확인; 원 작성 주체는 이 문구만으로 단정하지 않음
F093,P2,방어적표현,T02213,/conditions/chronic-disease/,content/pages.json,/59/blocks/5/text,그렇지 않습니다. 약은 생활습관의 대체물이 아닙니다. 반대로 생활관리를 열심히 한다고 처방약을 스스로 끊어서도 안 됩니다. 수치가 좋아졌을 때 약효와 생활변화가 각각 얼마나 기여했는지 재평가해야 합니다.,체중관리와 생활습관 설명에 약을 임의로 시작/중단하지 말라는 경고가 반복된다. 이 페이지 후반에 평생 복용과 감량 조건을 실제로 설명하고 있어 중복이다.,생활관리와 약물치료의 관계를 직접 설명하고 중단·감량 주의는 관련 문답에 모은다.,현재 구현에서 확인; 원 작성 주체는 이 문구만으로 단정하지 않음
F094,P2,문맥불일치,T02222,/conditions/chronic-disease/,content/pages.json,/59/blocks/8/heading,왜 증상이 없는데 약을 먹나요?,"고혈압·당뇨·고지혈증·금연·체중관리 통합 페이지에서 “왜 증상이 없는데 약”, “평생 복용”, “부작용” 제목의 답이 LDL/스타틴에 집중된다. 어떤 치료를 말하는지 소제목만으로 알 수 없다.",지질저하제 문답임을 제목에 명시하거나 해당 질환 안내로 묶는다. “숫자를 예쁘게” 같은 불필요한 비유도 정리한다.,현재 구현에서 확인; 원 작성 주체는 이 문구만으로 단정하지 않음
F094,P2,문맥불일치,T02223,/conditions/chronic-disease/,content/pages.json,/59/blocks/8/text,LDL 콜레스테롤은 높아도 대부분 특별한 증상이 없습니다. 그러나 장기간 혈관벽에 쌓여 동맥경화를 진행시키고 심근경색과 뇌졸중 위험을 높일 수 있습니다. 약의 목적은 숫자를 예쁘게 만드는 것이 아니라 장기적인 혈관사건을 줄이는 것입니다.,"고혈압·당뇨·고지혈증·금연·체중관리 통합 페이지에서 “왜 증상이 없는데 약”, “평생 복용”, “부작용” 제목의 답이 LDL/스타틴에 집중된다. 어떤 치료를 말하는지 소제목만으로 알 수 없다.",지질저하제 문답임을 제목에 명시하거나 해당 질환 안내로 묶는다. “숫자를 예쁘게” 같은 불필요한 비유도 정리한다.,현재 구현에서 확인; 원 작성 주체는 이 문구만으로 단정하지 않음
F094,P2,문맥불일치,T02224,/conditions/chronic-disease/,content/pages.json,/59/blocks/9/heading,한 번 시작하면 평생 복용하나요?,"고혈압·당뇨·고지혈증·금연·체중관리 통합 페이지에서 “왜 증상이 없는데 약”, “평생 복용”, “부작용” 제목의 답이 LDL/스타틴에 집중된다. 어떤 치료를 말하는지 소제목만으로 알 수 없다.",지질저하제 문답임을 제목에 명시하거나 해당 질환 안내로 묶는다. “숫자를 예쁘게” 같은 불필요한 비유도 정리한다.,현재 구현에서 확인; 원 작성 주체는 이 문구만으로 단정하지 않음
F094,P2,문맥불일치,T02226,/conditions/chronic-disease/,content/pages.json,/59/blocks/10/heading,부작용은 없나요?,"고혈압·당뇨·고지혈증·금연·체중관리 통합 페이지에서 “왜 증상이 없는데 약”, “평생 복용”, “부작용” 제목의 답이 LDL/스타틴에 집중된다. 어떤 치료를 말하는지 소제목만으로 알 수 없다.",지질저하제 문답임을 제목에 명시하거나 해당 질환 안내로 묶는다. “숫자를 예쁘게” 같은 불필요한 비유도 정리한다.,현재 구현에서 확인; 원 작성 주체는 이 문구만으로 단정하지 않음
F095,P2,답변회피,T02283,/health/cancer-family-history/,content/pages.json,/61/blocks/2/text,"젊은 나이에 대장암이 발생한 직계가족, 여러 명의 유방암·난소암 환자, 반복되는 위암, 갑상선수질암과 내분비종양 등은 일반검진보다 이른 검사 또는 유전상담이 필요할 수 있습니다. 정확한 시작연령과 간격은 암종과 가족력에 따라 다르므로 획일적으로 정하지 않습니다.",가족력에 맞는 검진을 다루지만 더 이른 검진 항목은 여러 암종을 나열하고 “획일적으로 정하지 않습니다”로 끝난다.,환자가 자신의 가족력을 어느 검진 상담으로 연결할지 알도록 암종별로 구분한다. 시작연령·간격을 추가한다면 공식 근거와 의료 확인을 먼저 확보한다.,현재 구현에서 확인; 원 작성 주체는 이 문구만으로 단정하지 않음
F096,P2,방어적표현,T02332,/health/colon-polyp-followup/,content/pages.json,/63/blocks/0/text,단순히 “용종을 뗐다”는 기억만으로 적절한 간격을 정하기 어렵습니다. 내시경 결과지와 병리결과지를 함께 보관하십시오.,“단순히 ... 기억만으로”라는 표현이 자료 준비 안내를 독자 기억에 대한 지적으로 만든다.,내시경 결과지와 조직검사 결과지의 어떤 정보가 추적 간격 결정에 필요한지 직접 안내한다.,현재 구현에서 확인; 원 작성 주체는 이 문구만으로 단정하지 않음
F097,P1,방어적표현,T02382,/health/obesity-medication/,content/pages.json,/65/intro,"단순히 더 날씬해 보이고 싶다는 이유만으로 처방 여부를 결정해서는 안 됩니다. 비만치료 주사제는 체질량지수와 동반질환, 과거 병력, 임신계획, 복용약과 부작용 위험을 확인한 뒤 허가범위와 의학적 필요성에 따라 사용해야 합니다.","비만 진료의 시작과 끝이 “더 날씬해 보이고 싶다는 이유”, “유행이나 미용 목적만으로 쉽게 처방”처럼 내원 동기를 먼저 평가한다. 임상 적응증 설명은 필요하지만 환자를 나무라는 문맥이 된다.",진료 대상·평가 항목·치료 선택·추적관리 순서로 설명하고 실제 금기와 주의사항은 구체적으로 남긴다.,현재 구현에서 확인; 원 작성 주체는 이 문구만으로 단정하지 않음
F097,P1,방어적표현,T02402,/health/obesity-medication/,content/pages.json,/65/blocks/5/text,"유행이나 미용 목적만으로 쉽게 처방하기보다 체질량지수, 동반질환과 부작용 위험을 진료로 확인하고, 의학적 이득이 기대되는 경우에만 치료를 검토합니다.","비만 진료의 시작과 끝이 “더 날씬해 보이고 싶다는 이유”, “유행이나 미용 목적만으로 쉽게 처방”처럼 내원 동기를 먼저 평가한다. 임상 적응증 설명은 필요하지만 환자를 나무라는 문맥이 된다.",진료 대상·평가 항목·치료 선택·추적관리 순서로 설명하고 실제 금기와 주의사항은 구체적으로 남긴다.,현재 구현에서 확인; 원 작성 주체는 이 문구만으로 단정하지 않음
F098,P1,요구사항대체,T02378,/health/obesity-medication/,content/pages.json,/65/title,위고비·마운자로와 비만 진료,제목은 위고비·마운자로 진료인데 마운자로는 “적응증이 다를 수 있어 임의 사용해서는 안 됩니다” 한 문장뿐이다. 요약도 정상체중/경도 과체중의 처방 희망자 경고에 치우친다.,두 약제에 관해 제공할 수 있는 본원 진료 정보와 확인된 허가사항을 검토해 제목에 맞는 설명을 갖추거나 제목 범위를 줄인다.,현재 구현에서 확인; 원 작성 주체는 이 문구만으로 단정하지 않음
F098,P1,요구사항대체,T02380,/health/obesity-medication/,content/pages.json,/65/description,"정상체중 또는 경도 과체중에서 위고비·마운자로 사용을 원하는 경우 허가 적응증, 부작용과 진료 필요성을 설명합니다.",제목은 위고비·마운자로 진료인데 마운자로는 “적응증이 다를 수 있어 임의 사용해서는 안 됩니다” 한 문장뿐이다. 요약도 정상체중/경도 과체중의 처방 희망자 경고에 치우친다.,두 약제에 관해 제공할 수 있는 본원 진료 정보와 확인된 허가사항을 검토해 제목에 맞는 설명을 갖추거나 제목 범위를 줄인다.,현재 구현에서 확인; 원 작성 주체는 이 문구만으로 단정하지 않음
F098,P1,요구사항대체,T02387,/health/obesity-medication/,content/pages.json,/65/blocks/1/paragraphs/0,마운자로 등 다른 약제는 성분과 국내 허가 적응증이 다를 수 있어 같은 기준으로 임의 사용해서는 안 됩니다.,제목은 위고비·마운자로 진료인데 마운자로는 “적응증이 다를 수 있어 임의 사용해서는 안 됩니다” 한 문장뿐이다. 요약도 정상체중/경도 과체중의 처방 희망자 경고에 치우친다.,두 약제에 관해 제공할 수 있는 본원 진료 정보와 확인된 허가사항을 검토해 제목에 맞는 설명을 갖추거나 제목 범위를 줄인다.,현재 구현에서 확인; 원 작성 주체는 이 문구만으로 단정하지 않음
F099,P2,정보확인필요,T02424,/en/checkups/visa/,content/pages.json,/66/blocks/5/text,"If a translation differs from the Korean clinic guidance or an official form, check the Korean guidance and the receiving organization’s latest form. Translated pages do not mean that consultation or interpreting is available in that language. Confirm any communication support before visiting.",5개 언어 안내가 번역 차이와 통역 비보장에 관한 경고로 끝나지만 실제 지원 가능한 언어·도움 요청 방법은 제시하지 않는다. 지원 여부가 미확인인 경우 임의로 가능하다고 바꾸면 안 된다.,본원 의사소통 지원 범위를 확인해 가능 언어·통역 동행 필요 여부 등 실제 방문 준비를 안내한다. 번역 정확도는 별도 언어 검수 대상이다.,현재 구현에서 확인; 원 작성 주체는 이 문구만으로 단정하지 않음
F099,P2,정보확인필요,T02445,/zh-hans/checkups/visa/,content/pages.json,/67/blocks/5/text,如译文与韩语院方说明或官方表格有差异，请核对韩语说明及接收机构的最新表格。提供翻译页面不代表提供该语言的诊疗或口译服务，沟通协助需求请在来院前确认。,5개 언어 안내가 번역 차이와 통역 비보장에 관한 경고로 끝나지만 실제 지원 가능한 언어·도움 요청 방법은 제시하지 않는다. 지원 여부가 미확인인 경우 임의로 가능하다고 바꾸면 안 된다.,본원 의사소통 지원 범위를 확인해 가능 언어·통역 동행 필요 여부 등 실제 방문 준비를 안내한다. 번역 정확도는 별도 언어 검수 대상이다.,현재 구현에서 확인; 원 작성 주체는 이 문구만으로 단정하지 않음
F099,P2,정보확인필요,T02466,/th/checkups/visa/,content/pages.json,/68/blocks/5/text,หากคำแปลต่างจากคำแนะนำภาษาเกาหลีหรือแบบฟอร์มทางการ โปรดตรวจสอบคำแนะนำภาษาเกาหลีและแบบฟอร์มล่าสุดของหน่วยงานรับเอกสาร การมีหน้าคำแปลไม่ได้หมายความว่ามีบริการตรวจรักษาหรือล่ามภาษานั้น โปรดยืนยันความช่วยเหลือในการสื่อสารก่อนมา,5개 언어 안내가 번역 차이와 통역 비보장에 관한 경고로 끝나지만 실제 지원 가능한 언어·도움 요청 방법은 제시하지 않는다. 지원 여부가 미확인인 경우 임의로 가능하다고 바꾸면 안 된다.,본원 의사소통 지원 범위를 확인해 가능 언어·통역 동행 필요 여부 등 실제 방문 준비를 안내한다. 번역 정확도는 별도 언어 검수 대상이다.,현재 구현에서 확인; 원 작성 주체는 이 문구만으로 단정하지 않음
F099,P2,정보확인필요,T02487,/ru/checkups/visa/,content/pages.json,/69/blocks/5/text,При расхождениях перевода с корейскими указаниями клиники или официальным бланком проверьте корейскую версию и актуальный бланк принимающей организации. Перевод страницы не означает наличие консультаций или переводчика на этом языке. Уточните необходимую помощь с общением до визита.,5개 언어 안내가 번역 차이와 통역 비보장에 관한 경고로 끝나지만 실제 지원 가능한 언어·도움 요청 방법은 제시하지 않는다. 지원 여부가 미확인인 경우 임의로 가능하다고 바꾸면 안 된다.,본원 의사소통 지원 범위를 확인해 가능 언어·통역 동행 필요 여부 등 실제 방문 준비를 안내한다. 번역 정확도는 별도 언어 검수 대상이다.,현재 구현에서 확인; 원 작성 주체는 이 문구만으로 단정하지 않음
F099,P2,정보확인필요,T02508,/ne/checkups/visa/,content/pages.json,/70/blocks/5/text,अनुवाद र कोरियाली निर्देशन वा आधिकारिक फाराम फरक भए कोरियाली निर्देशन र बुझाउने निकायको नवीनतम फाराम जाँच्नुहोस्। अनुवादित पृष्ठ उपलब्ध हुनुको अर्थ उक्त भाषामा परामर्श वा दोभाषे सेवा उपलब्ध हुनु होइन। आउनुअघि आवश्यक सञ्चार सहयोग पुष्टि गर्नुहोस्।,5개 언어 안내가 번역 차이와 통역 비보장에 관한 경고로 끝나지만 실제 지원 가능한 언어·도움 요청 방법은 제시하지 않는다. 지원 여부가 미확인인 경우 임의로 가능하다고 바꾸면 안 된다.,본원 의사소통 지원 범위를 확인해 가능 언어·통역 동행 필요 여부 등 실제 방문 준비를 안내한다. 번역 정확도는 별도 언어 검수 대상이다.,현재 구현에서 확인; 원 작성 주체는 이 문구만으로 단정하지 않음
F100,P1,요구사항대체,T02513,/symptoms/,content/pages.json,/71/description,불편한 증상에 맞는 안내를 찾아 위험 신호와 진료 시 확인할 내용을 살펴보세요. 증상만으로 질환을 확정할 수는 없습니다.,"증상/질환백과의 소개가 “진료 시 확인할 내용”, “질문을 정리하세요”와 진단 불가 문구에 치우친다. 특히 질환백과를 읽는 목적을 상담 질문 준비로 축소한다.",각 백과에서 얻을 수 있는 증상 대처·검사·치료·생활관리 정보를 직접 안내한다. 긴급 증상 안내와 개별 진료 원칙은 필요한 위치에서 유지한다.,현재 구현에서 확인; 원 작성 주체는 이 문구만으로 단정하지 않음
F100,P1,요구사항대체,T02515,/symptoms/,content/pages.json,/71/intro,불편한 증상에 맞는 안내를 찾아 위험 신호와 진료 시 확인할 내용을 살펴보세요. 증상만으로 질환을 확정할 수는 없습니다.,"증상/질환백과의 소개가 “진료 시 확인할 내용”, “질문을 정리하세요”와 진단 불가 문구에 치우친다. 특히 질환백과를 읽는 목적을 상담 질문 준비로 축소한다.",각 백과에서 얻을 수 있는 증상 대처·검사·치료·생활관리 정보를 직접 안내한다. 긴급 증상 안내와 개별 진료 원칙은 필요한 위치에서 유지한다.,현재 구현에서 확인; 원 작성 주체는 이 문구만으로 단정하지 않음
F100,P1,요구사항대체,T02520,/diseases/,content/pages.json,/72/description,질환 이름이나 분야로 설명을 찾아 검사·치료·추적관찰에서 확인할 질문을 정리하세요. 개인별 진단과 치료는 진료를 통해 결정합니다.,"증상/질환백과의 소개가 “진료 시 확인할 내용”, “질문을 정리하세요”와 진단 불가 문구에 치우친다. 특히 질환백과를 읽는 목적을 상담 질문 준비로 축소한다.",각 백과에서 얻을 수 있는 증상 대처·검사·치료·생활관리 정보를 직접 안내한다. 긴급 증상 안내와 개별 진료 원칙은 필요한 위치에서 유지한다.,현재 구현에서 확인; 원 작성 주체는 이 문구만으로 단정하지 않음
F100,P1,요구사항대체,T02522,/diseases/,content/pages.json,/72/intro,질환 이름이나 분야로 설명을 찾아 검사·치료·추적관찰에서 확인할 질문을 정리하세요. 개인별 진단과 치료는 진료를 통해 결정합니다.,"증상/질환백과의 소개가 “진료 시 확인할 내용”, “질문을 정리하세요”와 진단 불가 문구에 치우친다. 특히 질환백과를 읽는 목적을 상담 질문 준비로 축소한다.",각 백과에서 얻을 수 있는 증상 대처·검사·치료·생활관리 정보를 직접 안내한다. 긴급 증상 안내와 개별 진료 원칙은 필요한 위치에서 유지한다.,현재 구현에서 확인; 원 작성 주체는 이 문구만으로 단정하지 않음
F101,P1,중복,T02548,/diseases/cardio/hypertension/,content/pages.json,/74/blocks/3/text,"검사 하나가 정상이라고 질환을 완전히 배제하거나, 한 번의 이상 수치만으로 질환을 확정하지는 않습니다. 검사 시점과 이전 결과의 변화, 증상과 다른 장기 상태를 함께 해석합니다.","심장·혈관 원고의 검사·약물·추적관리 공통 문단이 질환별 구체 정보보다 먼저 반복된다. 원장 제공 Word에도 동일하게 들어 있는 문장으로, 개발자가 새로 만든 경고라고 단정할 수 없다. 다만 사이트 편집 시 반복과 위계를 조정하지 않은 상태다.",20편 전체의 같은 문단을 함께 검토해 질환별 검사·치료·생활관리 내용을 먼저 설명하고 필요한 주의는 해당 상황에 짧게 붙인다. 처방약 조절 안전정보를 일괄 삭제하지 않는다.,제공 Word 원고와 문구 일치
F101,P1,중복,T02557,/diseases/cardio/hypertension/,content/pages.json,/74/blocks/4/text,"처방약은 임의로 시작·중단·증량하지 말고, 부작용이나 복용 어려움이 있으면 약 이름과 증상을 기록해 의료진과 조정해야 합니다.","심장·혈관 원고의 검사·약물·추적관리 공통 문단이 질환별 구체 정보보다 먼저 반복된다. 원장 제공 Word에도 동일하게 들어 있는 문장으로, 개발자가 새로 만든 경고라고 단정할 수 없다. 다만 사이트 편집 시 반복과 위계를 조정하지 않은 상태다.",20편 전체의 같은 문단을 함께 검토해 질환별 검사·치료·생활관리 내용을 먼저 설명하고 필요한 주의는 해당 상황에 짧게 붙인다. 처방약 조절 안전정보를 일괄 삭제하지 않는다.,제공 Word 원고와 문구 일치
F101,P1,중복,T02570,/diseases/cardio/hypertension/,content/pages.json,/74/blocks/6/text,"증상이 좋아져도 처방약과 추적검사를 임의로 중단하지 말고, 검사 결과가 안정적인지와 합병증이 없는지 정기적으로 확인합니다.","심장·혈관 원고의 검사·약물·추적관리 공통 문단이 질환별 구체 정보보다 먼저 반복된다. 원장 제공 Word에도 동일하게 들어 있는 문장으로, 개발자가 새로 만든 경고라고 단정할 수 없다. 다만 사이트 편집 시 반복과 위계를 조정하지 않은 상태다.",20편 전체의 같은 문단을 함께 검토해 질환별 검사·치료·생활관리 내용을 먼저 설명하고 필요한 주의는 해당 상황에 짧게 붙인다. 처방약 조절 안전정보를 일괄 삭제하지 않는다.,제공 Word 원고와 문구 일치
F101,P1,중복,T02621,/diseases/cardio/dyslipidemia/,content/pages.json,/75/blocks/3/text,"검사 하나가 정상이라고 질환을 완전히 배제하거나, 한 번의 이상 수치만으로 질환을 확정하지는 않습니다. 검사 시점과 이전 결과의 변화, 증상과 다른 장기 상태를 함께 해석합니다.","심장·혈관 원고의 검사·약물·추적관리 공통 문단이 질환별 구체 정보보다 먼저 반복된다. 원장 제공 Word에도 동일하게 들어 있는 문장으로, 개발자가 새로 만든 경고라고 단정할 수 없다. 다만 사이트 편집 시 반복과 위계를 조정하지 않은 상태다.",20편 전체의 같은 문단을 함께 검토해 질환별 검사·치료·생활관리 내용을 먼저 설명하고 필요한 주의는 해당 상황에 짧게 붙인다. 처방약 조절 안전정보를 일괄 삭제하지 않는다.,제공 Word 원고와 문구 일치
F101,P1,중복,T02631,/diseases/cardio/dyslipidemia/,content/pages.json,/75/blocks/4/text,"처방약은 임의로 시작·중단·증량하지 말고, 부작용이나 복용 어려움이 있으면 약 이름과 증상을 기록해 의료진과 조정해야 합니다.","심장·혈관 원고의 검사·약물·추적관리 공통 문단이 질환별 구체 정보보다 먼저 반복된다. 원장 제공 Word에도 동일하게 들어 있는 문장으로, 개발자가 새로 만든 경고라고 단정할 수 없다. 다만 사이트 편집 시 반복과 위계를 조정하지 않은 상태다.",20편 전체의 같은 문단을 함께 검토해 질환별 검사·치료·생활관리 내용을 먼저 설명하고 필요한 주의는 해당 상황에 짧게 붙인다. 처방약 조절 안전정보를 일괄 삭제하지 않는다.,제공 Word 원고와 문구 일치
F101,P1,중복,T02644,/diseases/cardio/dyslipidemia/,content/pages.json,/75/blocks/6/text,"증상이 좋아져도 처방약과 추적검사를 임의로 중단하지 말고, 검사 결과가 안정적인지와 합병증이 없는지 정기적으로 확인합니다.","심장·혈관 원고의 검사·약물·추적관리 공통 문단이 질환별 구체 정보보다 먼저 반복된다. 원장 제공 Word에도 동일하게 들어 있는 문장으로, 개발자가 새로 만든 경고라고 단정할 수 없다. 다만 사이트 편집 시 반복과 위계를 조정하지 않은 상태다.",20편 전체의 같은 문단을 함께 검토해 질환별 검사·치료·생활관리 내용을 먼저 설명하고 필요한 주의는 해당 상황에 짧게 붙인다. 처방약 조절 안전정보를 일괄 삭제하지 않는다.,제공 Word 원고와 문구 일치
F101,P1,중복,T02695,/diseases/cardio/atherosclerosis/,content/pages.json,/76/blocks/3/text,"검사 하나가 정상이라고 질환을 완전히 배제하거나, 한 번의 이상 수치만으로 질환을 확정하지는 않습니다. 검사 시점과 이전 결과의 변화, 증상과 다른 장기 상태를 함께 해석합니다.","심장·혈관 원고의 검사·약물·추적관리 공통 문단이 질환별 구체 정보보다 먼저 반복된다. 원장 제공 Word에도 동일하게 들어 있는 문장으로, 개발자가 새로 만든 경고라고 단정할 수 없다. 다만 사이트 편집 시 반복과 위계를 조정하지 않은 상태다.",20편 전체의 같은 문단을 함께 검토해 질환별 검사·치료·생활관리 내용을 먼저 설명하고 필요한 주의는 해당 상황에 짧게 붙인다. 처방약 조절 안전정보를 일괄 삭제하지 않는다.,제공 Word 원고와 문구 일치
F101,P1,중복,T02704,/diseases/cardio/atherosclerosis/,content/pages.json,/76/blocks/4/text,"처방약은 임의로 시작·중단·증량하지 말고, 부작용이나 복용 어려움이 있으면 약 이름과 증상을 기록해 의료진과 조정해야 합니다.","심장·혈관 원고의 검사·약물·추적관리 공통 문단이 질환별 구체 정보보다 먼저 반복된다. 원장 제공 Word에도 동일하게 들어 있는 문장으로, 개발자가 새로 만든 경고라고 단정할 수 없다. 다만 사이트 편집 시 반복과 위계를 조정하지 않은 상태다.",20편 전체의 같은 문단을 함께 검토해 질환별 검사·치료·생활관리 내용을 먼저 설명하고 필요한 주의는 해당 상황에 짧게 붙인다. 처방약 조절 안전정보를 일괄 삭제하지 않는다.,제공 Word 원고와 문구 일치
F101,P1,중복,T02718,/diseases/cardio/atherosclerosis/,content/pages.json,/76/blocks/6/text,"증상이 좋아져도 처방약과 추적검사를 임의로 중단하지 말고, 검사 결과가 안정적인지와 합병증이 없는지 정기적으로 확인합니다.","심장·혈관 원고의 검사·약물·추적관리 공통 문단이 질환별 구체 정보보다 먼저 반복된다. 원장 제공 Word에도 동일하게 들어 있는 문장으로, 개발자가 새로 만든 경고라고 단정할 수 없다. 다만 사이트 편집 시 반복과 위계를 조정하지 않은 상태다.",20편 전체의 같은 문단을 함께 검토해 질환별 검사·치료·생활관리 내용을 먼저 설명하고 필요한 주의는 해당 상황에 짧게 붙인다. 처방약 조절 안전정보를 일괄 삭제하지 않는다.,제공 Word 원고와 문구 일치
F101,P1,중복,T02767,/diseases/cardio/stable-angina/,content/pages.json,/77/blocks/3/text,"검사 하나가 정상이라고 질환을 완전히 배제하거나, 한 번의 이상 수치만으로 질환을 확정하지는 않습니다. 검사 시점과 이전 결과의 변화, 증상과 다른 장기 상태를 함께 해석합니다.","심장·혈관 원고의 검사·약물·추적관리 공통 문단이 질환별 구체 정보보다 먼저 반복된다. 원장 제공 Word에도 동일하게 들어 있는 문장으로, 개발자가 새로 만든 경고라고 단정할 수 없다. 다만 사이트 편집 시 반복과 위계를 조정하지 않은 상태다.",20편 전체의 같은 문단을 함께 검토해 질환별 검사·치료·생활관리 내용을 먼저 설명하고 필요한 주의는 해당 상황에 짧게 붙인다. 처방약 조절 안전정보를 일괄 삭제하지 않는다.,제공 Word 원고와 문구 일치
F101,P1,중복,T02777,/diseases/cardio/stable-angina/,content/pages.json,/77/blocks/4/text,"처방약은 임의로 시작·중단·증량하지 말고, 부작용이나 복용 어려움이 있으면 약 이름과 증상을 기록해 의료진과 조정해야 합니다.","심장·혈관 원고의 검사·약물·추적관리 공통 문단이 질환별 구체 정보보다 먼저 반복된다. 원장 제공 Word에도 동일하게 들어 있는 문장으로, 개발자가 새로 만든 경고라고 단정할 수 없다. 다만 사이트 편집 시 반복과 위계를 조정하지 않은 상태다.",20편 전체의 같은 문단을 함께 검토해 질환별 검사·치료·생활관리 내용을 먼저 설명하고 필요한 주의는 해당 상황에 짧게 붙인다. 처방약 조절 안전정보를 일괄 삭제하지 않는다.,제공 Word 원고와 문구 일치
F101,P1,중복,T02791,/diseases/cardio/stable-angina/,content/pages.json,/77/blocks/6/text,"증상이 좋아져도 처방약과 추적검사를 임의로 중단하지 말고, 검사 결과가 안정적인지와 합병증이 없는지 정기적으로 확인합니다.","심장·혈관 원고의 검사·약물·추적관리 공통 문단이 질환별 구체 정보보다 먼저 반복된다. 원장 제공 Word에도 동일하게 들어 있는 문장으로, 개발자가 새로 만든 경고라고 단정할 수 없다. 다만 사이트 편집 시 반복과 위계를 조정하지 않은 상태다.",20편 전체의 같은 문단을 함께 검토해 질환별 검사·치료·생활관리 내용을 먼저 설명하고 필요한 주의는 해당 상황에 짧게 붙인다. 처방약 조절 안전정보를 일괄 삭제하지 않는다.,제공 Word 원고와 문구 일치
F101,P1,중복,T02841,/diseases/cardio/acute-myocardial-infarction/,content/pages.json,/78/blocks/3/text,"검사 하나가 정상이라고 질환을 완전히 배제하거나, 한 번의 이상 수치만으로 질환을 확정하지는 않습니다. 검사 시점과 이전 결과의 변화, 증상과 다른 장기 상태를 함께 해석합니다.","심장·혈관 원고의 검사·약물·추적관리 공통 문단이 질환별 구체 정보보다 먼저 반복된다. 원장 제공 Word에도 동일하게 들어 있는 문장으로, 개발자가 새로 만든 경고라고 단정할 수 없다. 다만 사이트 편집 시 반복과 위계를 조정하지 않은 상태다.",20편 전체의 같은 문단을 함께 검토해 질환별 검사·치료·생활관리 내용을 먼저 설명하고 필요한 주의는 해당 상황에 짧게 붙인다. 처방약 조절 안전정보를 일괄 삭제하지 않는다.,제공 Word 원고와 문구 일치
F101,P1,중복,T02849,/diseases/cardio/acute-myocardial-infarction/,content/pages.json,/78/blocks/4/text,"처방약은 임의로 시작·중단·증량하지 말고, 부작용이나 복용 어려움이 있으면 약 이름과 증상을 기록해 의료진과 조정해야 합니다.","심장·혈관 원고의 검사·약물·추적관리 공통 문단이 질환별 구체 정보보다 먼저 반복된다. 원장 제공 Word에도 동일하게 들어 있는 문장으로, 개발자가 새로 만든 경고라고 단정할 수 없다. 다만 사이트 편집 시 반복과 위계를 조정하지 않은 상태다.",20편 전체의 같은 문단을 함께 검토해 질환별 검사·치료·생활관리 내용을 먼저 설명하고 필요한 주의는 해당 상황에 짧게 붙인다. 처방약 조절 안전정보를 일괄 삭제하지 않는다.,제공 Word 원고와 문구 일치
F101,P1,중복,T02862,/diseases/cardio/acute-myocardial-infarction/,content/pages.json,/78/blocks/6/text,"증상이 좋아져도 처방약과 추적검사를 임의로 중단하지 말고, 검사 결과가 안정적인지와 합병증이 없는지 정기적으로 확인합니다.","심장·혈관 원고의 검사·약물·추적관리 공통 문단이 질환별 구체 정보보다 먼저 반복된다. 원장 제공 Word에도 동일하게 들어 있는 문장으로, 개발자가 새로 만든 경고라고 단정할 수 없다. 다만 사이트 편집 시 반복과 위계를 조정하지 않은 상태다.",20편 전체의 같은 문단을 함께 검토해 질환별 검사·치료·생활관리 내용을 먼저 설명하고 필요한 주의는 해당 상황에 짧게 붙인다. 처방약 조절 안전정보를 일괄 삭제하지 않는다.,제공 Word 원고와 문구 일치
F101,P1,중복,T02914,/diseases/cardio/heart-failure/,content/pages.json,/79/blocks/3/text,"검사 하나가 정상이라고 질환을 완전히 배제하거나, 한 번의 이상 수치만으로 질환을 확정하지는 않습니다. 검사 시점과 이전 결과의 변화, 증상과 다른 장기 상태를 함께 해석합니다.","심장·혈관 원고의 검사·약물·추적관리 공통 문단이 질환별 구체 정보보다 먼저 반복된다. 원장 제공 Word에도 동일하게 들어 있는 문장으로, 개발자가 새로 만든 경고라고 단정할 수 없다. 다만 사이트 편집 시 반복과 위계를 조정하지 않은 상태다.",20편 전체의 같은 문단을 함께 검토해 질환별 검사·치료·생활관리 내용을 먼저 설명하고 필요한 주의는 해당 상황에 짧게 붙인다. 처방약 조절 안전정보를 일괄 삭제하지 않는다.,제공 Word 원고와 문구 일치
F101,P1,중복,T02925,/diseases/cardio/heart-failure/,content/pages.json,/79/blocks/4/text,"처방약은 임의로 시작·중단·증량하지 말고, 부작용이나 복용 어려움이 있으면 약 이름과 증상을 기록해 의료진과 조정해야 합니다.","심장·혈관 원고의 검사·약물·추적관리 공통 문단이 질환별 구체 정보보다 먼저 반복된다. 원장 제공 Word에도 동일하게 들어 있는 문장으로, 개발자가 새로 만든 경고라고 단정할 수 없다. 다만 사이트 편집 시 반복과 위계를 조정하지 않은 상태다.",20편 전체의 같은 문단을 함께 검토해 질환별 검사·치료·생활관리 내용을 먼저 설명하고 필요한 주의는 해당 상황에 짧게 붙인다. 처방약 조절 안전정보를 일괄 삭제하지 않는다.,제공 Word 원고와 문구 일치
F101,P1,중복,T02940,/diseases/cardio/heart-failure/,content/pages.json,/79/blocks/6/text,"증상이 좋아져도 처방약과 추적검사를 임의로 중단하지 말고, 검사 결과가 안정적인지와 합병증이 없는지 정기적으로 확인합니다.","심장·혈관 원고의 검사·약물·추적관리 공통 문단이 질환별 구체 정보보다 먼저 반복된다. 원장 제공 Word에도 동일하게 들어 있는 문장으로, 개발자가 새로 만든 경고라고 단정할 수 없다. 다만 사이트 편집 시 반복과 위계를 조정하지 않은 상태다.",20편 전체의 같은 문단을 함께 검토해 질환별 검사·치료·생활관리 내용을 먼저 설명하고 필요한 주의는 해당 상황에 짧게 붙인다. 처방약 조절 안전정보를 일괄 삭제하지 않는다.,제공 Word 원고와 문구 일치
F101,P1,중복,T02993,/diseases/cardio/atrial-fibrillation/,content/pages.json,/80/blocks/3/text,"검사 하나가 정상이라고 질환을 완전히 배제하거나, 한 번의 이상 수치만으로 질환을 확정하지는 않습니다. 검사 시점과 이전 결과의 변화, 증상과 다른 장기 상태를 함께 해석합니다.","심장·혈관 원고의 검사·약물·추적관리 공통 문단이 질환별 구체 정보보다 먼저 반복된다. 원장 제공 Word에도 동일하게 들어 있는 문장으로, 개발자가 새로 만든 경고라고 단정할 수 없다. 다만 사이트 편집 시 반복과 위계를 조정하지 않은 상태다.",20편 전체의 같은 문단을 함께 검토해 질환별 검사·치료·생활관리 내용을 먼저 설명하고 필요한 주의는 해당 상황에 짧게 붙인다. 처방약 조절 안전정보를 일괄 삭제하지 않는다.,제공 Word 원고와 문구 일치
F101,P1,중복,T03002,/diseases/cardio/atrial-fibrillation/,content/pages.json,/80/blocks/4/text,"처방약은 임의로 시작·중단·증량하지 말고, 부작용이나 복용 어려움이 있으면 약 이름과 증상을 기록해 의료진과 조정해야 합니다.","심장·혈관 원고의 검사·약물·추적관리 공통 문단이 질환별 구체 정보보다 먼저 반복된다. 원장 제공 Word에도 동일하게 들어 있는 문장으로, 개발자가 새로 만든 경고라고 단정할 수 없다. 다만 사이트 편집 시 반복과 위계를 조정하지 않은 상태다.",20편 전체의 같은 문단을 함께 검토해 질환별 검사·치료·생활관리 내용을 먼저 설명하고 필요한 주의는 해당 상황에 짧게 붙인다. 처방약 조절 안전정보를 일괄 삭제하지 않는다.,제공 Word 원고와 문구 일치
F101,P1,중복,T03015,/diseases/cardio/atrial-fibrillation/,content/pages.json,/80/blocks/6/text,"증상이 좋아져도 처방약과 추적검사를 임의로 중단하지 말고, 검사 결과가 안정적인지와 합병증이 없는지 정기적으로 확인합니다.","심장·혈관 원고의 검사·약물·추적관리 공통 문단이 질환별 구체 정보보다 먼저 반복된다. 원장 제공 Word에도 동일하게 들어 있는 문장으로, 개발자가 새로 만든 경고라고 단정할 수 없다. 다만 사이트 편집 시 반복과 위계를 조정하지 않은 상태다.",20편 전체의 같은 문단을 함께 검토해 질환별 검사·치료·생활관리 내용을 먼저 설명하고 필요한 주의는 해당 상황에 짧게 붙인다. 처방약 조절 안전정보를 일괄 삭제하지 않는다.,제공 Word 원고와 문구 일치
F101,P1,중복,T03066,/diseases/cardio/supraventricular-tachycardia/,content/pages.json,/81/blocks/3/text,"검사 하나가 정상이라고 질환을 완전히 배제하거나, 한 번의 이상 수치만으로 질환을 확정하지는 않습니다. 검사 시점과 이전 결과의 변화, 증상과 다른 장기 상태를 함께 해석합니다.","심장·혈관 원고의 검사·약물·추적관리 공통 문단이 질환별 구체 정보보다 먼저 반복된다. 원장 제공 Word에도 동일하게 들어 있는 문장으로, 개발자가 새로 만든 경고라고 단정할 수 없다. 다만 사이트 편집 시 반복과 위계를 조정하지 않은 상태다.",20편 전체의 같은 문단을 함께 검토해 질환별 검사·치료·생활관리 내용을 먼저 설명하고 필요한 주의는 해당 상황에 짧게 붙인다. 처방약 조절 안전정보를 일괄 삭제하지 않는다.,제공 Word 원고와 문구 일치
F101,P1,중복,T03075,/diseases/cardio/supraventricular-tachycardia/,content/pages.json,/81/blocks/4/text,"처방약은 임의로 시작·중단·증량하지 말고, 부작용이나 복용 어려움이 있으면 약 이름과 증상을 기록해 의료진과 조정해야 합니다.","심장·혈관 원고의 검사·약물·추적관리 공통 문단이 질환별 구체 정보보다 먼저 반복된다. 원장 제공 Word에도 동일하게 들어 있는 문장으로, 개발자가 새로 만든 경고라고 단정할 수 없다. 다만 사이트 편집 시 반복과 위계를 조정하지 않은 상태다.",20편 전체의 같은 문단을 함께 검토해 질환별 검사·치료·생활관리 내용을 먼저 설명하고 필요한 주의는 해당 상황에 짧게 붙인다. 처방약 조절 안전정보를 일괄 삭제하지 않는다.,제공 Word 원고와 문구 일치
F101,P1,중복,T03088,/diseases/cardio/supraventricular-tachycardia/,content/pages.json,/81/blocks/6/text,"증상이 좋아져도 처방약과 추적검사를 임의로 중단하지 말고, 검사 결과가 안정적인지와 합병증이 없는지 정기적으로 확인합니다.","심장·혈관 원고의 검사·약물·추적관리 공통 문단이 질환별 구체 정보보다 먼저 반복된다. 원장 제공 Word에도 동일하게 들어 있는 문장으로, 개발자가 새로 만든 경고라고 단정할 수 없다. 다만 사이트 편집 시 반복과 위계를 조정하지 않은 상태다.",20편 전체의 같은 문단을 함께 검토해 질환별 검사·치료·생활관리 내용을 먼저 설명하고 필요한 주의는 해당 상황에 짧게 붙인다. 처방약 조절 안전정보를 일괄 삭제하지 않는다.,제공 Word 원고와 문구 일치
F101,P1,중복,T03138,/diseases/cardio/premature-ventricular-contractions/,content/pages.json,/82/blocks/3/text,"검사 하나가 정상이라고 질환을 완전히 배제하거나, 한 번의 이상 수치만으로 질환을 확정하지는 않습니다. 검사 시점과 이전 결과의 변화, 증상과 다른 장기 상태를 함께 해석합니다.","심장·혈관 원고의 검사·약물·추적관리 공통 문단이 질환별 구체 정보보다 먼저 반복된다. 원장 제공 Word에도 동일하게 들어 있는 문장으로, 개발자가 새로 만든 경고라고 단정할 수 없다. 다만 사이트 편집 시 반복과 위계를 조정하지 않은 상태다.",20편 전체의 같은 문단을 함께 검토해 질환별 검사·치료·생활관리 내용을 먼저 설명하고 필요한 주의는 해당 상황에 짧게 붙인다. 처방약 조절 안전정보를 일괄 삭제하지 않는다.,제공 Word 원고와 문구 일치
F101,P1,중복,T03147,/diseases/cardio/premature-ventricular-contractions/,content/pages.json,/82/blocks/4/text,"처방약은 임의로 시작·중단·증량하지 말고, 부작용이나 복용 어려움이 있으면 약 이름과 증상을 기록해 의료진과 조정해야 합니다.","심장·혈관 원고의 검사·약물·추적관리 공통 문단이 질환별 구체 정보보다 먼저 반복된다. 원장 제공 Word에도 동일하게 들어 있는 문장으로, 개발자가 새로 만든 경고라고 단정할 수 없다. 다만 사이트 편집 시 반복과 위계를 조정하지 않은 상태다.",20편 전체의 같은 문단을 함께 검토해 질환별 검사·치료·생활관리 내용을 먼저 설명하고 필요한 주의는 해당 상황에 짧게 붙인다. 처방약 조절 안전정보를 일괄 삭제하지 않는다.,제공 Word 원고와 문구 일치
F101,P1,중복,T03161,/diseases/cardio/premature-ventricular-contractions/,content/pages.json,/82/blocks/6/text,"증상이 좋아져도 처방약과 추적검사를 임의로 중단하지 말고, 검사 결과가 안정적인지와 합병증이 없는지 정기적으로 확인합니다.","심장·혈관 원고의 검사·약물·추적관리 공통 문단이 질환별 구체 정보보다 먼저 반복된다. 원장 제공 Word에도 동일하게 들어 있는 문장으로, 개발자가 새로 만든 경고라고 단정할 수 없다. 다만 사이트 편집 시 반복과 위계를 조정하지 않은 상태다.",20편 전체의 같은 문단을 함께 검토해 질환별 검사·치료·생활관리 내용을 먼저 설명하고 필요한 주의는 해당 상황에 짧게 붙인다. 처방약 조절 안전정보를 일괄 삭제하지 않는다.,제공 Word 원고와 문구 일치
F101,P1,중복,T03211,/diseases/cardio/bradyarrhythmia/,content/pages.json,/83/blocks/3/text,"검사 하나가 정상이라고 질환을 완전히 배제하거나, 한 번의 이상 수치만으로 질환을 확정하지는 않습니다. 검사 시점과 이전 결과의 변화, 증상과 다른 장기 상태를 함께 해석합니다.","심장·혈관 원고의 검사·약물·추적관리 공통 문단이 질환별 구체 정보보다 먼저 반복된다. 원장 제공 Word에도 동일하게 들어 있는 문장으로, 개발자가 새로 만든 경고라고 단정할 수 없다. 다만 사이트 편집 시 반복과 위계를 조정하지 않은 상태다.",20편 전체의 같은 문단을 함께 검토해 질환별 검사·치료·생활관리 내용을 먼저 설명하고 필요한 주의는 해당 상황에 짧게 붙인다. 처방약 조절 안전정보를 일괄 삭제하지 않는다.,제공 Word 원고와 문구 일치
F101,P1,중복,T03221,/diseases/cardio/bradyarrhythmia/,content/pages.json,/83/blocks/4/text,"처방약은 임의로 시작·중단·증량하지 말고, 부작용이나 복용 어려움이 있으면 약 이름과 증상을 기록해 의료진과 조정해야 합니다.","심장·혈관 원고의 검사·약물·추적관리 공통 문단이 질환별 구체 정보보다 먼저 반복된다. 원장 제공 Word에도 동일하게 들어 있는 문장으로, 개발자가 새로 만든 경고라고 단정할 수 없다. 다만 사이트 편집 시 반복과 위계를 조정하지 않은 상태다.",20편 전체의 같은 문단을 함께 검토해 질환별 검사·치료·생활관리 내용을 먼저 설명하고 필요한 주의는 해당 상황에 짧게 붙인다. 처방약 조절 안전정보를 일괄 삭제하지 않는다.,제공 Word 원고와 문구 일치
F101,P1,중복,T03234,/diseases/cardio/bradyarrhythmia/,content/pages.json,/83/blocks/6/text,"증상이 좋아져도 처방약과 추적검사를 임의로 중단하지 말고, 검사 결과가 안정적인지와 합병증이 없는지 정기적으로 확인합니다.","심장·혈관 원고의 검사·약물·추적관리 공통 문단이 질환별 구체 정보보다 먼저 반복된다. 원장 제공 Word에도 동일하게 들어 있는 문장으로, 개발자가 새로 만든 경고라고 단정할 수 없다. 다만 사이트 편집 시 반복과 위계를 조정하지 않은 상태다.",20편 전체의 같은 문단을 함께 검토해 질환별 검사·치료·생활관리 내용을 먼저 설명하고 필요한 주의는 해당 상황에 짧게 붙인다. 처방약 조절 안전정보를 일괄 삭제하지 않는다.,제공 Word 원고와 문구 일치
F101,P1,중복,T03285,/diseases/cardio/mitral-regurgitation/,content/pages.json,/84/blocks/3/text,"검사 하나가 정상이라고 질환을 완전히 배제하거나, 한 번의 이상 수치만으로 질환을 확정하지는 않습니다. 검사 시점과 이전 결과의 변화, 증상과 다른 장기 상태를 함께 해석합니다.","심장·혈관 원고의 검사·약물·추적관리 공통 문단이 질환별 구체 정보보다 먼저 반복된다. 원장 제공 Word에도 동일하게 들어 있는 문장으로, 개발자가 새로 만든 경고라고 단정할 수 없다. 다만 사이트 편집 시 반복과 위계를 조정하지 않은 상태다.",20편 전체의 같은 문단을 함께 검토해 질환별 검사·치료·생활관리 내용을 먼저 설명하고 필요한 주의는 해당 상황에 짧게 붙인다. 처방약 조절 안전정보를 일괄 삭제하지 않는다.,제공 Word 원고와 문구 일치
F101,P1,중복,T03294,/diseases/cardio/mitral-regurgitation/,content/pages.json,/84/blocks/4/text,"처방약은 임의로 시작·중단·증량하지 말고, 부작용이나 복용 어려움이 있으면 약 이름과 증상을 기록해 의료진과 조정해야 합니다.","심장·혈관 원고의 검사·약물·추적관리 공통 문단이 질환별 구체 정보보다 먼저 반복된다. 원장 제공 Word에도 동일하게 들어 있는 문장으로, 개발자가 새로 만든 경고라고 단정할 수 없다. 다만 사이트 편집 시 반복과 위계를 조정하지 않은 상태다.",20편 전체의 같은 문단을 함께 검토해 질환별 검사·치료·생활관리 내용을 먼저 설명하고 필요한 주의는 해당 상황에 짧게 붙인다. 처방약 조절 안전정보를 일괄 삭제하지 않는다.,제공 Word 원고와 문구 일치
F101,P1,중복,T03307,/diseases/cardio/mitral-regurgitation/,content/pages.json,/84/blocks/6/text,"증상이 좋아져도 처방약과 추적검사를 임의로 중단하지 말고, 검사 결과가 안정적인지와 합병증이 없는지 정기적으로 확인합니다.","심장·혈관 원고의 검사·약물·추적관리 공통 문단이 질환별 구체 정보보다 먼저 반복된다. 원장 제공 Word에도 동일하게 들어 있는 문장으로, 개발자가 새로 만든 경고라고 단정할 수 없다. 다만 사이트 편집 시 반복과 위계를 조정하지 않은 상태다.",20편 전체의 같은 문단을 함께 검토해 질환별 검사·치료·생활관리 내용을 먼저 설명하고 필요한 주의는 해당 상황에 짧게 붙인다. 처방약 조절 안전정보를 일괄 삭제하지 않는다.,제공 Word 원고와 문구 일치
F101,P1,중복,T03357,/diseases/cardio/aortic-stenosis/,content/pages.json,/85/blocks/3/text,"검사 하나가 정상이라고 질환을 완전히 배제하거나, 한 번의 이상 수치만으로 질환을 확정하지는 않습니다. 검사 시점과 이전 결과의 변화, 증상과 다른 장기 상태를 함께 해석합니다.","심장·혈관 원고의 검사·약물·추적관리 공통 문단이 질환별 구체 정보보다 먼저 반복된다. 원장 제공 Word에도 동일하게 들어 있는 문장으로, 개발자가 새로 만든 경고라고 단정할 수 없다. 다만 사이트 편집 시 반복과 위계를 조정하지 않은 상태다.",20편 전체의 같은 문단을 함께 검토해 질환별 검사·치료·생활관리 내용을 먼저 설명하고 필요한 주의는 해당 상황에 짧게 붙인다. 처방약 조절 안전정보를 일괄 삭제하지 않는다.,제공 Word 원고와 문구 일치
F101,P1,중복,T03366,/diseases/cardio/aortic-stenosis/,content/pages.json,/85/blocks/4/text,"처방약은 임의로 시작·중단·증량하지 말고, 부작용이나 복용 어려움이 있으면 약 이름과 증상을 기록해 의료진과 조정해야 합니다.","심장·혈관 원고의 검사·약물·추적관리 공통 문단이 질환별 구체 정보보다 먼저 반복된다. 원장 제공 Word에도 동일하게 들어 있는 문장으로, 개발자가 새로 만든 경고라고 단정할 수 없다. 다만 사이트 편집 시 반복과 위계를 조정하지 않은 상태다.",20편 전체의 같은 문단을 함께 검토해 질환별 검사·치료·생활관리 내용을 먼저 설명하고 필요한 주의는 해당 상황에 짧게 붙인다. 처방약 조절 안전정보를 일괄 삭제하지 않는다.,제공 Word 원고와 문구 일치
F101,P1,중복,T03379,/diseases/cardio/aortic-stenosis/,content/pages.json,/85/blocks/6/text,"증상이 좋아져도 처방약과 추적검사를 임의로 중단하지 말고, 검사 결과가 안정적인지와 합병증이 없는지 정기적으로 확인합니다.","심장·혈관 원고의 검사·약물·추적관리 공통 문단이 질환별 구체 정보보다 먼저 반복된다. 원장 제공 Word에도 동일하게 들어 있는 문장으로, 개발자가 새로 만든 경고라고 단정할 수 없다. 다만 사이트 편집 시 반복과 위계를 조정하지 않은 상태다.",20편 전체의 같은 문단을 함께 검토해 질환별 검사·치료·생활관리 내용을 먼저 설명하고 필요한 주의는 해당 상황에 짧게 붙인다. 처방약 조절 안전정보를 일괄 삭제하지 않는다.,제공 Word 원고와 문구 일치
F101,P1,중복,T03429,/diseases/cardio/myocarditis/,content/pages.json,/86/blocks/3/text,"검사 하나가 정상이라고 질환을 완전히 배제하거나, 한 번의 이상 수치만으로 질환을 확정하지는 않습니다. 검사 시점과 이전 결과의 변화, 증상과 다른 장기 상태를 함께 해석합니다.","심장·혈관 원고의 검사·약물·추적관리 공통 문단이 질환별 구체 정보보다 먼저 반복된다. 원장 제공 Word에도 동일하게 들어 있는 문장으로, 개발자가 새로 만든 경고라고 단정할 수 없다. 다만 사이트 편집 시 반복과 위계를 조정하지 않은 상태다.",20편 전체의 같은 문단을 함께 검토해 질환별 검사·치료·생활관리 내용을 먼저 설명하고 필요한 주의는 해당 상황에 짧게 붙인다. 처방약 조절 안전정보를 일괄 삭제하지 않는다.,제공 Word 원고와 문구 일치
F101,P1,중복,T03439,/diseases/cardio/myocarditis/,content/pages.json,/86/blocks/4/text,"처방약은 임의로 시작·중단·증량하지 말고, 부작용이나 복용 어려움이 있으면 약 이름과 증상을 기록해 의료진과 조정해야 합니다.","심장·혈관 원고의 검사·약물·추적관리 공통 문단이 질환별 구체 정보보다 먼저 반복된다. 원장 제공 Word에도 동일하게 들어 있는 문장으로, 개발자가 새로 만든 경고라고 단정할 수 없다. 다만 사이트 편집 시 반복과 위계를 조정하지 않은 상태다.",20편 전체의 같은 문단을 함께 검토해 질환별 검사·치료·생활관리 내용을 먼저 설명하고 필요한 주의는 해당 상황에 짧게 붙인다. 처방약 조절 안전정보를 일괄 삭제하지 않는다.,제공 Word 원고와 문구 일치
F101,P1,중복,T03453,/diseases/cardio/myocarditis/,content/pages.json,/86/blocks/6/text,"증상이 좋아져도 처방약과 추적검사를 임의로 중단하지 말고, 검사 결과가 안정적인지와 합병증이 없는지 정기적으로 확인합니다.","심장·혈관 원고의 검사·약물·추적관리 공통 문단이 질환별 구체 정보보다 먼저 반복된다. 원장 제공 Word에도 동일하게 들어 있는 문장으로, 개발자가 새로 만든 경고라고 단정할 수 없다. 다만 사이트 편집 시 반복과 위계를 조정하지 않은 상태다.",20편 전체의 같은 문단을 함께 검토해 질환별 검사·치료·생활관리 내용을 먼저 설명하고 필요한 주의는 해당 상황에 짧게 붙인다. 처방약 조절 안전정보를 일괄 삭제하지 않는다.,제공 Word 원고와 문구 일치
F101,P1,중복,T03503,/diseases/cardio/pericarditis/,content/pages.json,/87/blocks/3/text,"검사 하나가 정상이라고 질환을 완전히 배제하거나, 한 번의 이상 수치만으로 질환을 확정하지는 않습니다. 검사 시점과 이전 결과의 변화, 증상과 다른 장기 상태를 함께 해석합니다.","심장·혈관 원고의 검사·약물·추적관리 공통 문단이 질환별 구체 정보보다 먼저 반복된다. 원장 제공 Word에도 동일하게 들어 있는 문장으로, 개발자가 새로 만든 경고라고 단정할 수 없다. 다만 사이트 편집 시 반복과 위계를 조정하지 않은 상태다.",20편 전체의 같은 문단을 함께 검토해 질환별 검사·치료·생활관리 내용을 먼저 설명하고 필요한 주의는 해당 상황에 짧게 붙인다. 처방약 조절 안전정보를 일괄 삭제하지 않는다.,제공 Word 원고와 문구 일치
F101,P1,중복,T03512,/diseases/cardio/pericarditis/,content/pages.json,/87/blocks/4/text,"처방약은 임의로 시작·중단·증량하지 말고, 부작용이나 복용 어려움이 있으면 약 이름과 증상을 기록해 의료진과 조정해야 합니다.","심장·혈관 원고의 검사·약물·추적관리 공통 문단이 질환별 구체 정보보다 먼저 반복된다. 원장 제공 Word에도 동일하게 들어 있는 문장으로, 개발자가 새로 만든 경고라고 단정할 수 없다. 다만 사이트 편집 시 반복과 위계를 조정하지 않은 상태다.",20편 전체의 같은 문단을 함께 검토해 질환별 검사·치료·생활관리 내용을 먼저 설명하고 필요한 주의는 해당 상황에 짧게 붙인다. 처방약 조절 안전정보를 일괄 삭제하지 않는다.,제공 Word 원고와 문구 일치
F101,P1,중복,T03527,/diseases/cardio/pericarditis/,content/pages.json,/87/blocks/6/text,"증상이 좋아져도 처방약과 추적검사를 임의로 중단하지 말고, 검사 결과가 안정적인지와 합병증이 없는지 정기적으로 확인합니다.","심장·혈관 원고의 검사·약물·추적관리 공통 문단이 질환별 구체 정보보다 먼저 반복된다. 원장 제공 Word에도 동일하게 들어 있는 문장으로, 개발자가 새로 만든 경고라고 단정할 수 없다. 다만 사이트 편집 시 반복과 위계를 조정하지 않은 상태다.",20편 전체의 같은 문단을 함께 검토해 질환별 검사·치료·생활관리 내용을 먼저 설명하고 필요한 주의는 해당 상황에 짧게 붙인다. 처방약 조절 안전정보를 일괄 삭제하지 않는다.,제공 Word 원고와 문구 일치
F101,P1,중복,T03577,/diseases/cardio/dilated-cardiomyopathy/,content/pages.json,/88/blocks/3/text,"검사 하나가 정상이라고 질환을 완전히 배제하거나, 한 번의 이상 수치만으로 질환을 확정하지는 않습니다. 검사 시점과 이전 결과의 변화, 증상과 다른 장기 상태를 함께 해석합니다.","심장·혈관 원고의 검사·약물·추적관리 공통 문단이 질환별 구체 정보보다 먼저 반복된다. 원장 제공 Word에도 동일하게 들어 있는 문장으로, 개발자가 새로 만든 경고라고 단정할 수 없다. 다만 사이트 편집 시 반복과 위계를 조정하지 않은 상태다.",20편 전체의 같은 문단을 함께 검토해 질환별 검사·치료·생활관리 내용을 먼저 설명하고 필요한 주의는 해당 상황에 짧게 붙인다. 처방약 조절 안전정보를 일괄 삭제하지 않는다.,제공 Word 원고와 문구 일치
F101,P1,중복,T03586,/diseases/cardio/dilated-cardiomyopathy/,content/pages.json,/88/blocks/4/text,"처방약은 임의로 시작·중단·증량하지 말고, 부작용이나 복용 어려움이 있으면 약 이름과 증상을 기록해 의료진과 조정해야 합니다.","심장·혈관 원고의 검사·약물·추적관리 공통 문단이 질환별 구체 정보보다 먼저 반복된다. 원장 제공 Word에도 동일하게 들어 있는 문장으로, 개발자가 새로 만든 경고라고 단정할 수 없다. 다만 사이트 편집 시 반복과 위계를 조정하지 않은 상태다.",20편 전체의 같은 문단을 함께 검토해 질환별 검사·치료·생활관리 내용을 먼저 설명하고 필요한 주의는 해당 상황에 짧게 붙인다. 처방약 조절 안전정보를 일괄 삭제하지 않는다.,제공 Word 원고와 문구 일치
F101,P1,중복,T03601,/diseases/cardio/dilated-cardiomyopathy/,content/pages.json,/88/blocks/6/text,"증상이 좋아져도 처방약과 추적검사를 임의로 중단하지 말고, 검사 결과가 안정적인지와 합병증이 없는지 정기적으로 확인합니다.","심장·혈관 원고의 검사·약물·추적관리 공통 문단이 질환별 구체 정보보다 먼저 반복된다. 원장 제공 Word에도 동일하게 들어 있는 문장으로, 개발자가 새로 만든 경고라고 단정할 수 없다. 다만 사이트 편집 시 반복과 위계를 조정하지 않은 상태다.",20편 전체의 같은 문단을 함께 검토해 질환별 검사·치료·생활관리 내용을 먼저 설명하고 필요한 주의는 해당 상황에 짧게 붙인다. 처방약 조절 안전정보를 일괄 삭제하지 않는다.,제공 Word 원고와 문구 일치
F101,P1,중복,T03652,/diseases/cardio/carotid-stenosis/,content/pages.json,/89/blocks/3/text,"검사 하나가 정상이라고 질환을 완전히 배제하거나, 한 번의 이상 수치만으로 질환을 확정하지는 않습니다. 검사 시점과 이전 결과의 변화, 증상과 다른 장기 상태를 함께 해석합니다.","심장·혈관 원고의 검사·약물·추적관리 공통 문단이 질환별 구체 정보보다 먼저 반복된다. 원장 제공 Word에도 동일하게 들어 있는 문장으로, 개발자가 새로 만든 경고라고 단정할 수 없다. 다만 사이트 편집 시 반복과 위계를 조정하지 않은 상태다.",20편 전체의 같은 문단을 함께 검토해 질환별 검사·치료·생활관리 내용을 먼저 설명하고 필요한 주의는 해당 상황에 짧게 붙인다. 처방약 조절 안전정보를 일괄 삭제하지 않는다.,제공 Word 원고와 문구 일치
F101,P1,중복,T03660,/diseases/cardio/carotid-stenosis/,content/pages.json,/89/blocks/4/text,"처방약은 임의로 시작·중단·증량하지 말고, 부작용이나 복용 어려움이 있으면 약 이름과 증상을 기록해 의료진과 조정해야 합니다.","심장·혈관 원고의 검사·약물·추적관리 공통 문단이 질환별 구체 정보보다 먼저 반복된다. 원장 제공 Word에도 동일하게 들어 있는 문장으로, 개발자가 새로 만든 경고라고 단정할 수 없다. 다만 사이트 편집 시 반복과 위계를 조정하지 않은 상태다.",20편 전체의 같은 문단을 함께 검토해 질환별 검사·치료·생활관리 내용을 먼저 설명하고 필요한 주의는 해당 상황에 짧게 붙인다. 처방약 조절 안전정보를 일괄 삭제하지 않는다.,제공 Word 원고와 문구 일치
F101,P1,중복,T03673,/diseases/cardio/carotid-stenosis/,content/pages.json,/89/blocks/6/text,"증상이 좋아져도 처방약과 추적검사를 임의로 중단하지 말고, 검사 결과가 안정적인지와 합병증이 없는지 정기적으로 확인합니다.","심장·혈관 원고의 검사·약물·추적관리 공통 문단이 질환별 구체 정보보다 먼저 반복된다. 원장 제공 Word에도 동일하게 들어 있는 문장으로, 개발자가 새로 만든 경고라고 단정할 수 없다. 다만 사이트 편집 시 반복과 위계를 조정하지 않은 상태다.",20편 전체의 같은 문단을 함께 검토해 질환별 검사·치료·생활관리 내용을 먼저 설명하고 필요한 주의는 해당 상황에 짧게 붙인다. 처방약 조절 안전정보를 일괄 삭제하지 않는다.,제공 Word 원고와 문구 일치
F101,P1,중복,T03723,/diseases/cardio/peripheral-artery-disease/,content/pages.json,/90/blocks/3/text,"검사 하나가 정상이라고 질환을 완전히 배제하거나, 한 번의 이상 수치만으로 질환을 확정하지는 않습니다. 검사 시점과 이전 결과의 변화, 증상과 다른 장기 상태를 함께 해석합니다.","심장·혈관 원고의 검사·약물·추적관리 공통 문단이 질환별 구체 정보보다 먼저 반복된다. 원장 제공 Word에도 동일하게 들어 있는 문장으로, 개발자가 새로 만든 경고라고 단정할 수 없다. 다만 사이트 편집 시 반복과 위계를 조정하지 않은 상태다.",20편 전체의 같은 문단을 함께 검토해 질환별 검사·치료·생활관리 내용을 먼저 설명하고 필요한 주의는 해당 상황에 짧게 붙인다. 처방약 조절 안전정보를 일괄 삭제하지 않는다.,제공 Word 원고와 문구 일치
F101,P1,중복,T03731,/diseases/cardio/peripheral-artery-disease/,content/pages.json,/90/blocks/4/text,"처방약은 임의로 시작·중단·증량하지 말고, 부작용이나 복용 어려움이 있으면 약 이름과 증상을 기록해 의료진과 조정해야 합니다.","심장·혈관 원고의 검사·약물·추적관리 공통 문단이 질환별 구체 정보보다 먼저 반복된다. 원장 제공 Word에도 동일하게 들어 있는 문장으로, 개발자가 새로 만든 경고라고 단정할 수 없다. 다만 사이트 편집 시 반복과 위계를 조정하지 않은 상태다.",20편 전체의 같은 문단을 함께 검토해 질환별 검사·치료·생활관리 내용을 먼저 설명하고 필요한 주의는 해당 상황에 짧게 붙인다. 처방약 조절 안전정보를 일괄 삭제하지 않는다.,제공 Word 원고와 문구 일치
F101,P1,중복,T03746,/diseases/cardio/peripheral-artery-disease/,content/pages.json,/90/blocks/6/text,"증상이 좋아져도 처방약과 추적검사를 임의로 중단하지 말고, 검사 결과가 안정적인지와 합병증이 없는지 정기적으로 확인합니다.","심장·혈관 원고의 검사·약물·추적관리 공통 문단이 질환별 구체 정보보다 먼저 반복된다. 원장 제공 Word에도 동일하게 들어 있는 문장으로, 개발자가 새로 만든 경고라고 단정할 수 없다. 다만 사이트 편집 시 반복과 위계를 조정하지 않은 상태다.",20편 전체의 같은 문단을 함께 검토해 질환별 검사·치료·생활관리 내용을 먼저 설명하고 필요한 주의는 해당 상황에 짧게 붙인다. 처방약 조절 안전정보를 일괄 삭제하지 않는다.,제공 Word 원고와 문구 일치
F101,P1,중복,T03796,/diseases/cardio/deep-vein-thrombosis/,content/pages.json,/91/blocks/3/text,"검사 하나가 정상이라고 질환을 완전히 배제하거나, 한 번의 이상 수치만으로 질환을 확정하지는 않습니다. 검사 시점과 이전 결과의 변화, 증상과 다른 장기 상태를 함께 해석합니다.","심장·혈관 원고의 검사·약물·추적관리 공통 문단이 질환별 구체 정보보다 먼저 반복된다. 원장 제공 Word에도 동일하게 들어 있는 문장으로, 개발자가 새로 만든 경고라고 단정할 수 없다. 다만 사이트 편집 시 반복과 위계를 조정하지 않은 상태다.",20편 전체의 같은 문단을 함께 검토해 질환별 검사·치료·생활관리 내용을 먼저 설명하고 필요한 주의는 해당 상황에 짧게 붙인다. 처방약 조절 안전정보를 일괄 삭제하지 않는다.,제공 Word 원고와 문구 일치
F101,P1,중복,T03805,/diseases/cardio/deep-vein-thrombosis/,content/pages.json,/91/blocks/4/text,"처방약은 임의로 시작·중단·증량하지 말고, 부작용이나 복용 어려움이 있으면 약 이름과 증상을 기록해 의료진과 조정해야 합니다.","심장·혈관 원고의 검사·약물·추적관리 공통 문단이 질환별 구체 정보보다 먼저 반복된다. 원장 제공 Word에도 동일하게 들어 있는 문장으로, 개발자가 새로 만든 경고라고 단정할 수 없다. 다만 사이트 편집 시 반복과 위계를 조정하지 않은 상태다.",20편 전체의 같은 문단을 함께 검토해 질환별 검사·치료·생활관리 내용을 먼저 설명하고 필요한 주의는 해당 상황에 짧게 붙인다. 처방약 조절 안전정보를 일괄 삭제하지 않는다.,제공 Word 원고와 문구 일치
F101,P1,중복,T03819,/diseases/cardio/deep-vein-thrombosis/,content/pages.json,/91/blocks/6/text,"증상이 좋아져도 처방약과 추적검사를 임의로 중단하지 말고, 검사 결과가 안정적인지와 합병증이 없는지 정기적으로 확인합니다.","심장·혈관 원고의 검사·약물·추적관리 공통 문단이 질환별 구체 정보보다 먼저 반복된다. 원장 제공 Word에도 동일하게 들어 있는 문장으로, 개발자가 새로 만든 경고라고 단정할 수 없다. 다만 사이트 편집 시 반복과 위계를 조정하지 않은 상태다.",20편 전체의 같은 문단을 함께 검토해 질환별 검사·치료·생활관리 내용을 먼저 설명하고 필요한 주의는 해당 상황에 짧게 붙인다. 처방약 조절 안전정보를 일괄 삭제하지 않는다.,제공 Word 원고와 문구 일치
F101,P1,중복,T03870,/diseases/cardio/aortic-aneurysm-dissection/,content/pages.json,/92/blocks/3/text,"검사 하나가 정상이라고 질환을 완전히 배제하거나, 한 번의 이상 수치만으로 질환을 확정하지는 않습니다. 검사 시점과 이전 결과의 변화, 증상과 다른 장기 상태를 함께 해석합니다.","심장·혈관 원고의 검사·약물·추적관리 공통 문단이 질환별 구체 정보보다 먼저 반복된다. 원장 제공 Word에도 동일하게 들어 있는 문장으로, 개발자가 새로 만든 경고라고 단정할 수 없다. 다만 사이트 편집 시 반복과 위계를 조정하지 않은 상태다.",20편 전체의 같은 문단을 함께 검토해 질환별 검사·치료·생활관리 내용을 먼저 설명하고 필요한 주의는 해당 상황에 짧게 붙인다. 처방약 조절 안전정보를 일괄 삭제하지 않는다.,제공 Word 원고와 문구 일치
F101,P1,중복,T03878,/diseases/cardio/aortic-aneurysm-dissection/,content/pages.json,/92/blocks/4/text,"처방약은 임의로 시작·중단·증량하지 말고, 부작용이나 복용 어려움이 있으면 약 이름과 증상을 기록해 의료진과 조정해야 합니다.","심장·혈관 원고의 검사·약물·추적관리 공통 문단이 질환별 구체 정보보다 먼저 반복된다. 원장 제공 Word에도 동일하게 들어 있는 문장으로, 개발자가 새로 만든 경고라고 단정할 수 없다. 다만 사이트 편집 시 반복과 위계를 조정하지 않은 상태다.",20편 전체의 같은 문단을 함께 검토해 질환별 검사·치료·생활관리 내용을 먼저 설명하고 필요한 주의는 해당 상황에 짧게 붙인다. 처방약 조절 안전정보를 일괄 삭제하지 않는다.,제공 Word 원고와 문구 일치
F101,P1,중복,T03891,/diseases/cardio/aortic-aneurysm-dissection/,content/pages.json,/92/blocks/6/text,"증상이 좋아져도 처방약과 추적검사를 임의로 중단하지 말고, 검사 결과가 안정적인지와 합병증이 없는지 정기적으로 확인합니다.","심장·혈관 원고의 검사·약물·추적관리 공통 문단이 질환별 구체 정보보다 먼저 반복된다. 원장 제공 Word에도 동일하게 들어 있는 문장으로, 개발자가 새로 만든 경고라고 단정할 수 없다. 다만 사이트 편집 시 반복과 위계를 조정하지 않은 상태다.",20편 전체의 같은 문단을 함께 검토해 질환별 검사·치료·생활관리 내용을 먼저 설명하고 필요한 주의는 해당 상황에 짧게 붙인다. 처방약 조절 안전정보를 일괄 삭제하지 않는다.,제공 Word 원고와 문구 일치
F101,P1,중복,T03942,/diseases/cardio/orthostatic-hypotension/,content/pages.json,/93/blocks/3/text,"검사 하나가 정상이라고 질환을 완전히 배제하거나, 한 번의 이상 수치만으로 질환을 확정하지는 않습니다. 검사 시점과 이전 결과의 변화, 증상과 다른 장기 상태를 함께 해석합니다.","심장·혈관 원고의 검사·약물·추적관리 공통 문단이 질환별 구체 정보보다 먼저 반복된다. 원장 제공 Word에도 동일하게 들어 있는 문장으로, 개발자가 새로 만든 경고라고 단정할 수 없다. 다만 사이트 편집 시 반복과 위계를 조정하지 않은 상태다.",20편 전체의 같은 문단을 함께 검토해 질환별 검사·치료·생활관리 내용을 먼저 설명하고 필요한 주의는 해당 상황에 짧게 붙인다. 처방약 조절 안전정보를 일괄 삭제하지 않는다.,제공 Word 원고와 문구 일치
F101,P1,중복,T03951,/diseases/cardio/orthostatic-hypotension/,content/pages.json,/93/blocks/4/text,"처방약은 임의로 시작·중단·증량하지 말고, 부작용이나 복용 어려움이 있으면 약 이름과 증상을 기록해 의료진과 조정해야 합니다.","심장·혈관 원고의 검사·약물·추적관리 공통 문단이 질환별 구체 정보보다 먼저 반복된다. 원장 제공 Word에도 동일하게 들어 있는 문장으로, 개발자가 새로 만든 경고라고 단정할 수 없다. 다만 사이트 편집 시 반복과 위계를 조정하지 않은 상태다.",20편 전체의 같은 문단을 함께 검토해 질환별 검사·치료·생활관리 내용을 먼저 설명하고 필요한 주의는 해당 상황에 짧게 붙인다. 처방약 조절 안전정보를 일괄 삭제하지 않는다.,제공 Word 원고와 문구 일치
F101,P1,중복,T03966,/diseases/cardio/orthostatic-hypotension/,content/pages.json,/93/blocks/6/text,"증상이 좋아져도 처방약과 추적검사를 임의로 중단하지 말고, 검사 결과가 안정적인지와 합병증이 없는지 정기적으로 확인합니다.","심장·혈관 원고의 검사·약물·추적관리 공통 문단이 질환별 구체 정보보다 먼저 반복된다. 원장 제공 Word에도 동일하게 들어 있는 문장으로, 개발자가 새로 만든 경고라고 단정할 수 없다. 다만 사이트 편집 시 반복과 위계를 조정하지 않은 상태다.",20편 전체의 같은 문단을 함께 검토해 질환별 검사·치료·생활관리 내용을 먼저 설명하고 필요한 주의는 해당 상황에 짧게 붙인다. 처방약 조절 안전정보를 일괄 삭제하지 않는다.,제공 Word 원고와 문구 일치
F102,P1,중복,T02579,/diseases/cardio/hypertension/,content/pages.json,/74/blocks/7/paragraphs/1,"관상동맥 CT, 심혈관조영술, 응급 중재시술, 입원 모니터링이 필요한 경우에는 의원에서 검사를 반복하며 지연하지 않고 응급실·상급병원으로 의뢰합니다.",각 질환의 본원 평가·의뢰 조건이 이미 있는데 공통 관상동맥 CT/조영술/입원 의뢰 문단과 전원자료 제공 문단이 모든 질환에 붙는다. 원고에 있는 내용이나 질환과 무관한 검사명까지 반복하는 문제가 있다.,질환별 실제 의뢰 기준을 중심으로 통합하고 전원 시 제공 자료는 필요한 안내로 간결하게 유지한다.,제공 Word 원고와 문구 일치
F102,P1,중복,T02584,/diseases/cardio/hypertension/,content/pages.json,/74/blocks/8/paragraphs/0,"전원이 필요하다고 판단되면 영통탑내과에서 시행한 검사 결과, 영상자료와 진료의뢰서를 제공하여 기존 치료병원 또는 적절한 상급병원으로 연결합니다.",각 질환의 본원 평가·의뢰 조건이 이미 있는데 공통 관상동맥 CT/조영술/입원 의뢰 문단과 전원자료 제공 문단이 모든 질환에 붙는다. 원고에 있는 내용이나 질환과 무관한 검사명까지 반복하는 문제가 있다.,질환별 실제 의뢰 기준을 중심으로 통합하고 전원 시 제공 자료는 필요한 안내로 간결하게 유지한다.,제공 Word 원고와 문구 일치
F102,P1,중복,T02652,/diseases/cardio/dyslipidemia/,content/pages.json,/75/blocks/7/paragraphs/0,"관상동맥 CT, 심혈관조영술, 응급 중재시술, 입원 모니터링이 필요한 경우에는 의원에서 검사를 반복하며 지연하지 않고 응급실·상급병원으로 의뢰합니다.",각 질환의 본원 평가·의뢰 조건이 이미 있는데 공통 관상동맥 CT/조영술/입원 의뢰 문단과 전원자료 제공 문단이 모든 질환에 붙는다. 원고에 있는 내용이나 질환과 무관한 검사명까지 반복하는 문제가 있다.,질환별 실제 의뢰 기준을 중심으로 통합하고 전원 시 제공 자료는 필요한 안내로 간결하게 유지한다.,제공 Word 원고와 문구 일치
F102,P1,중복,T02658,/diseases/cardio/dyslipidemia/,content/pages.json,/75/blocks/8/paragraphs/0,"전원이 필요하다고 판단되면 영통탑내과에서 시행한 검사 결과, 영상자료와 진료의뢰서를 제공하여 기존 치료병원 또는 적절한 상급병원으로 연결합니다.",각 질환의 본원 평가·의뢰 조건이 이미 있는데 공통 관상동맥 CT/조영술/입원 의뢰 문단과 전원자료 제공 문단이 모든 질환에 붙는다. 원고에 있는 내용이나 질환과 무관한 검사명까지 반복하는 문제가 있다.,질환별 실제 의뢰 기준을 중심으로 통합하고 전원 시 제공 자료는 필요한 안내로 간결하게 유지한다.,제공 Word 원고와 문구 일치
F102,P1,중복,T02726,/diseases/cardio/atherosclerosis/,content/pages.json,/76/blocks/7/paragraphs/0,"관상동맥 CT, 심혈관조영술, 응급 중재시술, 입원 모니터링이 필요한 경우에는 의원에서 검사를 반복하며 지연하지 않고 응급실·상급병원으로 의뢰합니다.",각 질환의 본원 평가·의뢰 조건이 이미 있는데 공통 관상동맥 CT/조영술/입원 의뢰 문단과 전원자료 제공 문단이 모든 질환에 붙는다. 원고에 있는 내용이나 질환과 무관한 검사명까지 반복하는 문제가 있다.,질환별 실제 의뢰 기준을 중심으로 통합하고 전원 시 제공 자료는 필요한 안내로 간결하게 유지한다.,제공 Word 원고와 문구 일치
F102,P1,중복,T02731,/diseases/cardio/atherosclerosis/,content/pages.json,/76/blocks/8/paragraphs/0,"전원이 필요하다고 판단되면 영통탑내과에서 시행한 검사 결과, 영상자료와 진료의뢰서를 제공하여 기존 치료병원 또는 적절한 상급병원으로 연결합니다.",각 질환의 본원 평가·의뢰 조건이 이미 있는데 공통 관상동맥 CT/조영술/입원 의뢰 문단과 전원자료 제공 문단이 모든 질환에 붙는다. 원고에 있는 내용이나 질환과 무관한 검사명까지 반복하는 문제가 있다.,질환별 실제 의뢰 기준을 중심으로 통합하고 전원 시 제공 자료는 필요한 안내로 간결하게 유지한다.,제공 Word 원고와 문구 일치
F102,P1,중복,T02799,/diseases/cardio/stable-angina/,content/pages.json,/77/blocks/7/paragraphs/0,"관상동맥 CT, 심혈관조영술, 응급 중재시술, 입원 모니터링이 필요한 경우에는 의원에서 검사를 반복하며 지연하지 않고 응급실·상급병원으로 의뢰합니다.",각 질환의 본원 평가·의뢰 조건이 이미 있는데 공통 관상동맥 CT/조영술/입원 의뢰 문단과 전원자료 제공 문단이 모든 질환에 붙는다. 원고에 있는 내용이나 질환과 무관한 검사명까지 반복하는 문제가 있다.,질환별 실제 의뢰 기준을 중심으로 통합하고 전원 시 제공 자료는 필요한 안내로 간결하게 유지한다.,제공 Word 원고와 문구 일치
F102,P1,중복,T02805,/diseases/cardio/stable-angina/,content/pages.json,/77/blocks/8/paragraphs/0,"전원이 필요하다고 판단되면 영통탑내과에서 시행한 검사 결과, 영상자료와 진료의뢰서를 제공하여 기존 치료병원 또는 적절한 상급병원으로 연결합니다.",각 질환의 본원 평가·의뢰 조건이 이미 있는데 공통 관상동맥 CT/조영술/입원 의뢰 문단과 전원자료 제공 문단이 모든 질환에 붙는다. 원고에 있는 내용이나 질환과 무관한 검사명까지 반복하는 문제가 있다.,질환별 실제 의뢰 기준을 중심으로 통합하고 전원 시 제공 자료는 필요한 안내로 간결하게 유지한다.,제공 Word 원고와 문구 일치
F102,P1,중복,T02870,/diseases/cardio/acute-myocardial-infarction/,content/pages.json,/78/blocks/7/paragraphs/0,"관상동맥 CT, 심혈관조영술, 응급 중재시술, 입원 모니터링이 필요한 경우에는 의원에서 검사를 반복하며 지연하지 않고 응급실·상급병원으로 의뢰합니다.",각 질환의 본원 평가·의뢰 조건이 이미 있는데 공통 관상동맥 CT/조영술/입원 의뢰 문단과 전원자료 제공 문단이 모든 질환에 붙는다. 원고에 있는 내용이나 질환과 무관한 검사명까지 반복하는 문제가 있다.,질환별 실제 의뢰 기준을 중심으로 통합하고 전원 시 제공 자료는 필요한 안내로 간결하게 유지한다.,제공 Word 원고와 문구 일치
F102,P1,중복,T02875,/diseases/cardio/acute-myocardial-infarction/,content/pages.json,/78/blocks/8/paragraphs/0,"전원이 필요하다고 판단되면 영통탑내과에서 시행한 검사 결과, 영상자료와 진료의뢰서를 제공하여 기존 치료병원 또는 적절한 상급병원으로 연결합니다.",각 질환의 본원 평가·의뢰 조건이 이미 있는데 공통 관상동맥 CT/조영술/입원 의뢰 문단과 전원자료 제공 문단이 모든 질환에 붙는다. 원고에 있는 내용이나 질환과 무관한 검사명까지 반복하는 문제가 있다.,질환별 실제 의뢰 기준을 중심으로 통합하고 전원 시 제공 자료는 필요한 안내로 간결하게 유지한다.,제공 Word 원고와 문구 일치
F102,P1,중복,T02949,/diseases/cardio/heart-failure/,content/pages.json,/79/blocks/7/paragraphs/1,"관상동맥 CT, 심혈관조영술, 응급 중재시술, 입원 모니터링이 필요한 경우에는 의원에서 검사를 반복하며 지연하지 않고 응급실·상급병원으로 의뢰합니다.",각 질환의 본원 평가·의뢰 조건이 이미 있는데 공통 관상동맥 CT/조영술/입원 의뢰 문단과 전원자료 제공 문단이 모든 질환에 붙는다. 원고에 있는 내용이나 질환과 무관한 검사명까지 반복하는 문제가 있다.,질환별 실제 의뢰 기준을 중심으로 통합하고 전원 시 제공 자료는 필요한 안내로 간결하게 유지한다.,제공 Word 원고와 문구 일치
F102,P1,중복,T02955,/diseases/cardio/heart-failure/,content/pages.json,/79/blocks/8/paragraphs/0,"전원이 필요하다고 판단되면 영통탑내과에서 시행한 검사 결과, 영상자료와 진료의뢰서를 제공하여 기존 치료병원 또는 적절한 상급병원으로 연결합니다.",각 질환의 본원 평가·의뢰 조건이 이미 있는데 공통 관상동맥 CT/조영술/입원 의뢰 문단과 전원자료 제공 문단이 모든 질환에 붙는다. 원고에 있는 내용이나 질환과 무관한 검사명까지 반복하는 문제가 있다.,질환별 실제 의뢰 기준을 중심으로 통합하고 전원 시 제공 자료는 필요한 안내로 간결하게 유지한다.,제공 Word 원고와 문구 일치
F102,P1,중복,T03023,/diseases/cardio/atrial-fibrillation/,content/pages.json,/80/blocks/7/paragraphs/0,"관상동맥 CT, 심혈관조영술, 응급 중재시술, 입원 모니터링이 필요한 경우에는 의원에서 검사를 반복하며 지연하지 않고 응급실·상급병원으로 의뢰합니다.",각 질환의 본원 평가·의뢰 조건이 이미 있는데 공통 관상동맥 CT/조영술/입원 의뢰 문단과 전원자료 제공 문단이 모든 질환에 붙는다. 원고에 있는 내용이나 질환과 무관한 검사명까지 반복하는 문제가 있다.,질환별 실제 의뢰 기준을 중심으로 통합하고 전원 시 제공 자료는 필요한 안내로 간결하게 유지한다.,제공 Word 원고와 문구 일치
F102,P1,중복,T03028,/diseases/cardio/atrial-fibrillation/,content/pages.json,/80/blocks/8/paragraphs/0,"전원이 필요하다고 판단되면 영통탑내과에서 시행한 검사 결과, 영상자료와 진료의뢰서를 제공하여 기존 치료병원 또는 적절한 상급병원으로 연결합니다.",각 질환의 본원 평가·의뢰 조건이 이미 있는데 공통 관상동맥 CT/조영술/입원 의뢰 문단과 전원자료 제공 문단이 모든 질환에 붙는다. 원고에 있는 내용이나 질환과 무관한 검사명까지 반복하는 문제가 있다.,질환별 실제 의뢰 기준을 중심으로 통합하고 전원 시 제공 자료는 필요한 안내로 간결하게 유지한다.,제공 Word 원고와 문구 일치
F102,P1,중복,T03096,/diseases/cardio/supraventricular-tachycardia/,content/pages.json,/81/blocks/7/paragraphs/0,"관상동맥 CT, 심혈관조영술, 응급 중재시술, 입원 모니터링이 필요한 경우에는 의원에서 검사를 반복하며 지연하지 않고 응급실·상급병원으로 의뢰합니다.",각 질환의 본원 평가·의뢰 조건이 이미 있는데 공통 관상동맥 CT/조영술/입원 의뢰 문단과 전원자료 제공 문단이 모든 질환에 붙는다. 원고에 있는 내용이나 질환과 무관한 검사명까지 반복하는 문제가 있다.,질환별 실제 의뢰 기준을 중심으로 통합하고 전원 시 제공 자료는 필요한 안내로 간결하게 유지한다.,제공 Word 원고와 문구 일치
F102,P1,중복,T03101,/diseases/cardio/supraventricular-tachycardia/,content/pages.json,/81/blocks/8/paragraphs/0,"전원이 필요하다고 판단되면 영통탑내과에서 시행한 검사 결과, 영상자료와 진료의뢰서를 제공하여 기존 치료병원 또는 적절한 상급병원으로 연결합니다.",각 질환의 본원 평가·의뢰 조건이 이미 있는데 공통 관상동맥 CT/조영술/입원 의뢰 문단과 전원자료 제공 문단이 모든 질환에 붙는다. 원고에 있는 내용이나 질환과 무관한 검사명까지 반복하는 문제가 있다.,질환별 실제 의뢰 기준을 중심으로 통합하고 전원 시 제공 자료는 필요한 안내로 간결하게 유지한다.,제공 Word 원고와 문구 일치
F102,P1,중복,T03169,/diseases/cardio/premature-ventricular-contractions/,content/pages.json,/82/blocks/7/paragraphs/0,"관상동맥 CT, 심혈관조영술, 응급 중재시술, 입원 모니터링이 필요한 경우에는 의원에서 검사를 반복하며 지연하지 않고 응급실·상급병원으로 의뢰합니다.",각 질환의 본원 평가·의뢰 조건이 이미 있는데 공통 관상동맥 CT/조영술/입원 의뢰 문단과 전원자료 제공 문단이 모든 질환에 붙는다. 원고에 있는 내용이나 질환과 무관한 검사명까지 반복하는 문제가 있다.,질환별 실제 의뢰 기준을 중심으로 통합하고 전원 시 제공 자료는 필요한 안내로 간결하게 유지한다.,제공 Word 원고와 문구 일치
F102,P1,중복,T03174,/diseases/cardio/premature-ventricular-contractions/,content/pages.json,/82/blocks/8/paragraphs/0,"전원이 필요하다고 판단되면 영통탑내과에서 시행한 검사 결과, 영상자료와 진료의뢰서를 제공하여 기존 치료병원 또는 적절한 상급병원으로 연결합니다.",각 질환의 본원 평가·의뢰 조건이 이미 있는데 공통 관상동맥 CT/조영술/입원 의뢰 문단과 전원자료 제공 문단이 모든 질환에 붙는다. 원고에 있는 내용이나 질환과 무관한 검사명까지 반복하는 문제가 있다.,질환별 실제 의뢰 기준을 중심으로 통합하고 전원 시 제공 자료는 필요한 안내로 간결하게 유지한다.,제공 Word 원고와 문구 일치
F102,P1,중복,T03242,/diseases/cardio/bradyarrhythmia/,content/pages.json,/83/blocks/7/paragraphs/0,"관상동맥 CT, 심혈관조영술, 응급 중재시술, 입원 모니터링이 필요한 경우에는 의원에서 검사를 반복하며 지연하지 않고 응급실·상급병원으로 의뢰합니다.",각 질환의 본원 평가·의뢰 조건이 이미 있는데 공통 관상동맥 CT/조영술/입원 의뢰 문단과 전원자료 제공 문단이 모든 질환에 붙는다. 원고에 있는 내용이나 질환과 무관한 검사명까지 반복하는 문제가 있다.,질환별 실제 의뢰 기준을 중심으로 통합하고 전원 시 제공 자료는 필요한 안내로 간결하게 유지한다.,제공 Word 원고와 문구 일치
F102,P1,중복,T03247,/diseases/cardio/bradyarrhythmia/,content/pages.json,/83/blocks/8/paragraphs/0,"전원이 필요하다고 판단되면 영통탑내과에서 시행한 검사 결과, 영상자료와 진료의뢰서를 제공하여 기존 치료병원 또는 적절한 상급병원으로 연결합니다.",각 질환의 본원 평가·의뢰 조건이 이미 있는데 공통 관상동맥 CT/조영술/입원 의뢰 문단과 전원자료 제공 문단이 모든 질환에 붙는다. 원고에 있는 내용이나 질환과 무관한 검사명까지 반복하는 문제가 있다.,질환별 실제 의뢰 기준을 중심으로 통합하고 전원 시 제공 자료는 필요한 안내로 간결하게 유지한다.,제공 Word 원고와 문구 일치
F102,P1,중복,T03315,/diseases/cardio/mitral-regurgitation/,content/pages.json,/84/blocks/7/paragraphs/0,"관상동맥 CT, 심혈관조영술, 응급 중재시술, 입원 모니터링이 필요한 경우에는 의원에서 검사를 반복하며 지연하지 않고 응급실·상급병원으로 의뢰합니다.",각 질환의 본원 평가·의뢰 조건이 이미 있는데 공통 관상동맥 CT/조영술/입원 의뢰 문단과 전원자료 제공 문단이 모든 질환에 붙는다. 원고에 있는 내용이나 질환과 무관한 검사명까지 반복하는 문제가 있다.,질환별 실제 의뢰 기준을 중심으로 통합하고 전원 시 제공 자료는 필요한 안내로 간결하게 유지한다.,제공 Word 원고와 문구 일치
F102,P1,중복,T03320,/diseases/cardio/mitral-regurgitation/,content/pages.json,/84/blocks/8/paragraphs/0,"전원이 필요하다고 판단되면 영통탑내과에서 시행한 검사 결과, 영상자료와 진료의뢰서를 제공하여 기존 치료병원 또는 적절한 상급병원으로 연결합니다.",각 질환의 본원 평가·의뢰 조건이 이미 있는데 공통 관상동맥 CT/조영술/입원 의뢰 문단과 전원자료 제공 문단이 모든 질환에 붙는다. 원고에 있는 내용이나 질환과 무관한 검사명까지 반복하는 문제가 있다.,질환별 실제 의뢰 기준을 중심으로 통합하고 전원 시 제공 자료는 필요한 안내로 간결하게 유지한다.,제공 Word 원고와 문구 일치
F102,P1,중복,T03387,/diseases/cardio/aortic-stenosis/,content/pages.json,/85/blocks/7/paragraphs/0,"관상동맥 CT, 심혈관조영술, 응급 중재시술, 입원 모니터링이 필요한 경우에는 의원에서 검사를 반복하며 지연하지 않고 응급실·상급병원으로 의뢰합니다.",각 질환의 본원 평가·의뢰 조건이 이미 있는데 공통 관상동맥 CT/조영술/입원 의뢰 문단과 전원자료 제공 문단이 모든 질환에 붙는다. 원고에 있는 내용이나 질환과 무관한 검사명까지 반복하는 문제가 있다.,질환별 실제 의뢰 기준을 중심으로 통합하고 전원 시 제공 자료는 필요한 안내로 간결하게 유지한다.,제공 Word 원고와 문구 일치
F102,P1,중복,T03392,/diseases/cardio/aortic-stenosis/,content/pages.json,/85/blocks/8/paragraphs/0,"전원이 필요하다고 판단되면 영통탑내과에서 시행한 검사 결과, 영상자료와 진료의뢰서를 제공하여 기존 치료병원 또는 적절한 상급병원으로 연결합니다.",각 질환의 본원 평가·의뢰 조건이 이미 있는데 공통 관상동맥 CT/조영술/입원 의뢰 문단과 전원자료 제공 문단이 모든 질환에 붙는다. 원고에 있는 내용이나 질환과 무관한 검사명까지 반복하는 문제가 있다.,질환별 실제 의뢰 기준을 중심으로 통합하고 전원 시 제공 자료는 필요한 안내로 간결하게 유지한다.,제공 Word 원고와 문구 일치
F102,P1,중복,T03461,/diseases/cardio/myocarditis/,content/pages.json,/86/blocks/7/paragraphs/0,"관상동맥 CT, 심혈관조영술, 응급 중재시술, 입원 모니터링이 필요한 경우에는 의원에서 검사를 반복하며 지연하지 않고 응급실·상급병원으로 의뢰합니다.",각 질환의 본원 평가·의뢰 조건이 이미 있는데 공통 관상동맥 CT/조영술/입원 의뢰 문단과 전원자료 제공 문단이 모든 질환에 붙는다. 원고에 있는 내용이나 질환과 무관한 검사명까지 반복하는 문제가 있다.,질환별 실제 의뢰 기준을 중심으로 통합하고 전원 시 제공 자료는 필요한 안내로 간결하게 유지한다.,제공 Word 원고와 문구 일치
F102,P1,중복,T03466,/diseases/cardio/myocarditis/,content/pages.json,/86/blocks/8/paragraphs/0,"전원이 필요하다고 판단되면 영통탑내과에서 시행한 검사 결과, 영상자료와 진료의뢰서를 제공하여 기존 치료병원 또는 적절한 상급병원으로 연결합니다.",각 질환의 본원 평가·의뢰 조건이 이미 있는데 공통 관상동맥 CT/조영술/입원 의뢰 문단과 전원자료 제공 문단이 모든 질환에 붙는다. 원고에 있는 내용이나 질환과 무관한 검사명까지 반복하는 문제가 있다.,질환별 실제 의뢰 기준을 중심으로 통합하고 전원 시 제공 자료는 필요한 안내로 간결하게 유지한다.,제공 Word 원고와 문구 일치
F102,P1,중복,T03535,/diseases/cardio/pericarditis/,content/pages.json,/87/blocks/7/paragraphs/0,"관상동맥 CT, 심혈관조영술, 응급 중재시술, 입원 모니터링이 필요한 경우에는 의원에서 검사를 반복하며 지연하지 않고 응급실·상급병원으로 의뢰합니다.",각 질환의 본원 평가·의뢰 조건이 이미 있는데 공통 관상동맥 CT/조영술/입원 의뢰 문단과 전원자료 제공 문단이 모든 질환에 붙는다. 원고에 있는 내용이나 질환과 무관한 검사명까지 반복하는 문제가 있다.,질환별 실제 의뢰 기준을 중심으로 통합하고 전원 시 제공 자료는 필요한 안내로 간결하게 유지한다.,제공 Word 원고와 문구 일치
F102,P1,중복,T03540,/diseases/cardio/pericarditis/,content/pages.json,/87/blocks/8/paragraphs/0,"전원이 필요하다고 판단되면 영통탑내과에서 시행한 검사 결과, 영상자료와 진료의뢰서를 제공하여 기존 치료병원 또는 적절한 상급병원으로 연결합니다.",각 질환의 본원 평가·의뢰 조건이 이미 있는데 공통 관상동맥 CT/조영술/입원 의뢰 문단과 전원자료 제공 문단이 모든 질환에 붙는다. 원고에 있는 내용이나 질환과 무관한 검사명까지 반복하는 문제가 있다.,질환별 실제 의뢰 기준을 중심으로 통합하고 전원 시 제공 자료는 필요한 안내로 간결하게 유지한다.,제공 Word 원고와 문구 일치
F102,P1,중복,T03609,/diseases/cardio/dilated-cardiomyopathy/,content/pages.json,/88/blocks/7/paragraphs/0,"관상동맥 CT, 심혈관조영술, 응급 중재시술, 입원 모니터링이 필요한 경우에는 의원에서 검사를 반복하며 지연하지 않고 응급실·상급병원으로 의뢰합니다.",각 질환의 본원 평가·의뢰 조건이 이미 있는데 공통 관상동맥 CT/조영술/입원 의뢰 문단과 전원자료 제공 문단이 모든 질환에 붙는다. 원고에 있는 내용이나 질환과 무관한 검사명까지 반복하는 문제가 있다.,질환별 실제 의뢰 기준을 중심으로 통합하고 전원 시 제공 자료는 필요한 안내로 간결하게 유지한다.,제공 Word 원고와 문구 일치
F102,P1,중복,T03614,/diseases/cardio/dilated-cardiomyopathy/,content/pages.json,/88/blocks/8/paragraphs/0,"전원이 필요하다고 판단되면 영통탑내과에서 시행한 검사 결과, 영상자료와 진료의뢰서를 제공하여 기존 치료병원 또는 적절한 상급병원으로 연결합니다.",각 질환의 본원 평가·의뢰 조건이 이미 있는데 공통 관상동맥 CT/조영술/입원 의뢰 문단과 전원자료 제공 문단이 모든 질환에 붙는다. 원고에 있는 내용이나 질환과 무관한 검사명까지 반복하는 문제가 있다.,질환별 실제 의뢰 기준을 중심으로 통합하고 전원 시 제공 자료는 필요한 안내로 간결하게 유지한다.,제공 Word 원고와 문구 일치
F102,P1,중복,T03681,/diseases/cardio/carotid-stenosis/,content/pages.json,/89/blocks/7/paragraphs/0,"관상동맥 CT, 심혈관조영술, 응급 중재시술, 입원 모니터링이 필요한 경우에는 의원에서 검사를 반복하며 지연하지 않고 응급실·상급병원으로 의뢰합니다.",각 질환의 본원 평가·의뢰 조건이 이미 있는데 공통 관상동맥 CT/조영술/입원 의뢰 문단과 전원자료 제공 문단이 모든 질환에 붙는다. 원고에 있는 내용이나 질환과 무관한 검사명까지 반복하는 문제가 있다.,질환별 실제 의뢰 기준을 중심으로 통합하고 전원 시 제공 자료는 필요한 안내로 간결하게 유지한다.,제공 Word 원고와 문구 일치
F102,P1,중복,T03686,/diseases/cardio/carotid-stenosis/,content/pages.json,/89/blocks/8/paragraphs/0,"전원이 필요하다고 판단되면 영통탑내과에서 시행한 검사 결과, 영상자료와 진료의뢰서를 제공하여 기존 치료병원 또는 적절한 상급병원으로 연결합니다.",각 질환의 본원 평가·의뢰 조건이 이미 있는데 공통 관상동맥 CT/조영술/입원 의뢰 문단과 전원자료 제공 문단이 모든 질환에 붙는다. 원고에 있는 내용이나 질환과 무관한 검사명까지 반복하는 문제가 있다.,질환별 실제 의뢰 기준을 중심으로 통합하고 전원 시 제공 자료는 필요한 안내로 간결하게 유지한다.,제공 Word 원고와 문구 일치
F102,P1,중복,T03754,/diseases/cardio/peripheral-artery-disease/,content/pages.json,/90/blocks/7/paragraphs/0,"관상동맥 CT, 심혈관조영술, 응급 중재시술, 입원 모니터링이 필요한 경우에는 의원에서 검사를 반복하며 지연하지 않고 응급실·상급병원으로 의뢰합니다.",각 질환의 본원 평가·의뢰 조건이 이미 있는데 공통 관상동맥 CT/조영술/입원 의뢰 문단과 전원자료 제공 문단이 모든 질환에 붙는다. 원고에 있는 내용이나 질환과 무관한 검사명까지 반복하는 문제가 있다.,질환별 실제 의뢰 기준을 중심으로 통합하고 전원 시 제공 자료는 필요한 안내로 간결하게 유지한다.,제공 Word 원고와 문구 일치
F102,P1,중복,T03759,/diseases/cardio/peripheral-artery-disease/,content/pages.json,/90/blocks/8/paragraphs/0,"전원이 필요하다고 판단되면 영통탑내과에서 시행한 검사 결과, 영상자료와 진료의뢰서를 제공하여 기존 치료병원 또는 적절한 상급병원으로 연결합니다.",각 질환의 본원 평가·의뢰 조건이 이미 있는데 공통 관상동맥 CT/조영술/입원 의뢰 문단과 전원자료 제공 문단이 모든 질환에 붙는다. 원고에 있는 내용이나 질환과 무관한 검사명까지 반복하는 문제가 있다.,질환별 실제 의뢰 기준을 중심으로 통합하고 전원 시 제공 자료는 필요한 안내로 간결하게 유지한다.,제공 Word 원고와 문구 일치
F102,P1,중복,T03828,/diseases/cardio/deep-vein-thrombosis/,content/pages.json,/91/blocks/7/paragraphs/1,"관상동맥 CT, 심혈관조영술, 응급 중재시술, 입원 모니터링이 필요한 경우에는 의원에서 검사를 반복하며 지연하지 않고 응급실·상급병원으로 의뢰합니다.",각 질환의 본원 평가·의뢰 조건이 이미 있는데 공통 관상동맥 CT/조영술/입원 의뢰 문단과 전원자료 제공 문단이 모든 질환에 붙는다. 원고에 있는 내용이나 질환과 무관한 검사명까지 반복하는 문제가 있다.,질환별 실제 의뢰 기준을 중심으로 통합하고 전원 시 제공 자료는 필요한 안내로 간결하게 유지한다.,제공 Word 원고와 문구 일치
F102,P1,중복,T03833,/diseases/cardio/deep-vein-thrombosis/,content/pages.json,/91/blocks/8/paragraphs/0,"전원이 필요하다고 판단되면 영통탑내과에서 시행한 검사 결과, 영상자료와 진료의뢰서를 제공하여 기존 치료병원 또는 적절한 상급병원으로 연결합니다.",각 질환의 본원 평가·의뢰 조건이 이미 있는데 공통 관상동맥 CT/조영술/입원 의뢰 문단과 전원자료 제공 문단이 모든 질환에 붙는다. 원고에 있는 내용이나 질환과 무관한 검사명까지 반복하는 문제가 있다.,질환별 실제 의뢰 기준을 중심으로 통합하고 전원 시 제공 자료는 필요한 안내로 간결하게 유지한다.,제공 Word 원고와 문구 일치
F102,P1,중복,T03899,/diseases/cardio/aortic-aneurysm-dissection/,content/pages.json,/92/blocks/7/paragraphs/0,"관상동맥 CT, 심혈관조영술, 응급 중재시술, 입원 모니터링이 필요한 경우에는 의원에서 검사를 반복하며 지연하지 않고 응급실·상급병원으로 의뢰합니다.",각 질환의 본원 평가·의뢰 조건이 이미 있는데 공통 관상동맥 CT/조영술/입원 의뢰 문단과 전원자료 제공 문단이 모든 질환에 붙는다. 원고에 있는 내용이나 질환과 무관한 검사명까지 반복하는 문제가 있다.,질환별 실제 의뢰 기준을 중심으로 통합하고 전원 시 제공 자료는 필요한 안내로 간결하게 유지한다.,제공 Word 원고와 문구 일치
F102,P1,중복,T03904,/diseases/cardio/aortic-aneurysm-dissection/,content/pages.json,/92/blocks/8/paragraphs/0,"전원이 필요하다고 판단되면 영통탑내과에서 시행한 검사 결과, 영상자료와 진료의뢰서를 제공하여 기존 치료병원 또는 적절한 상급병원으로 연결합니다.",각 질환의 본원 평가·의뢰 조건이 이미 있는데 공통 관상동맥 CT/조영술/입원 의뢰 문단과 전원자료 제공 문단이 모든 질환에 붙는다. 원고에 있는 내용이나 질환과 무관한 검사명까지 반복하는 문제가 있다.,질환별 실제 의뢰 기준을 중심으로 통합하고 전원 시 제공 자료는 필요한 안내로 간결하게 유지한다.,제공 Word 원고와 문구 일치
F102,P1,중복,T03974,/diseases/cardio/orthostatic-hypotension/,content/pages.json,/93/blocks/7/paragraphs/0,"관상동맥 CT, 심혈관조영술, 응급 중재시술, 입원 모니터링이 필요한 경우에는 의원에서 검사를 반복하며 지연하지 않고 응급실·상급병원으로 의뢰합니다.",각 질환의 본원 평가·의뢰 조건이 이미 있는데 공통 관상동맥 CT/조영술/입원 의뢰 문단과 전원자료 제공 문단이 모든 질환에 붙는다. 원고에 있는 내용이나 질환과 무관한 검사명까지 반복하는 문제가 있다.,질환별 실제 의뢰 기준을 중심으로 통합하고 전원 시 제공 자료는 필요한 안내로 간결하게 유지한다.,제공 Word 원고와 문구 일치
F102,P1,중복,T03979,/diseases/cardio/orthostatic-hypotension/,content/pages.json,/93/blocks/8/paragraphs/0,"전원이 필요하다고 판단되면 영통탑내과에서 시행한 검사 결과, 영상자료와 진료의뢰서를 제공하여 기존 치료병원 또는 적절한 상급병원으로 연결합니다.",각 질환의 본원 평가·의뢰 조건이 이미 있는데 공통 관상동맥 CT/조영술/입원 의뢰 문단과 전원자료 제공 문단이 모든 질환에 붙는다. 원고에 있는 내용이나 질환과 무관한 검사명까지 반복하는 문제가 있다.,질환별 실제 의뢰 기준을 중심으로 통합하고 전원 시 제공 자료는 필요한 안내로 간결하게 유지한다.,제공 Word 원고와 문구 일치
F103,P1,요구사항대체,T02594,/diseases/cardio/hypertension/,content/pages.json,/74/blocks/10/text,"고혈압은 원인과 중증도가 다양하므로 증상만으로 판단하지 않고 위험 신호와 필요한 검사를 함께 확인해야 합니다. 안정적인 경우 영통탑내과에서 초기 평가와 추적관리를 시행할 수 있으며, 응급검사·입원·수술이 필요하면 상급병원으로 신속히 연결합니다.",“기억할 점”이 질환명만 바꾼 원인·중증도 다양/증상 판단 금지/초기평가·의뢰 공통 결론이다. 원고와 일치하지만 각 글에서 기억할 고유한 핵심이 빠진다.,질환별 핵심 관리와 위험 신호를 요약한다. 특히 급성 질환에서는 안정적 의원 관리라는 공통 결론이 맞는지 따로 검토한다.,제공 Word 원고와 문구 일치
F103,P1,요구사항대체,T02667,/diseases/cardio/dyslipidemia/,content/pages.json,/75/blocks/10/text,"이상지질혈증은 원인과 중증도가 다양하므로 증상만으로 판단하지 않고 위험 신호와 필요한 검사를 함께 확인해야 합니다. 안정적인 경우 영통탑내과에서 초기 평가와 추적관리를 시행할 수 있으며, 응급검사·입원·수술이 필요하면 상급병원으로 신속히 연결합니다.",“기억할 점”이 질환명만 바꾼 원인·중증도 다양/증상 판단 금지/초기평가·의뢰 공통 결론이다. 원고와 일치하지만 각 글에서 기억할 고유한 핵심이 빠진다.,질환별 핵심 관리와 위험 신호를 요약한다. 특히 급성 질환에서는 안정적 의원 관리라는 공통 결론이 맞는지 따로 검토한다.,제공 Word 원고와 문구 일치
F103,P1,요구사항대체,T02740,/diseases/cardio/atherosclerosis/,content/pages.json,/76/blocks/10/text,"죽상경화증은 원인과 중증도가 다양하므로 증상만으로 판단하지 않고 위험 신호와 필요한 검사를 함께 확인해야 합니다. 안정적인 경우 영통탑내과에서 초기 평가와 추적관리를 시행할 수 있으며, 응급검사·입원·수술이 필요하면 상급병원으로 신속히 연결합니다.",“기억할 점”이 질환명만 바꾼 원인·중증도 다양/증상 판단 금지/초기평가·의뢰 공통 결론이다. 원고와 일치하지만 각 글에서 기억할 고유한 핵심이 빠진다.,질환별 핵심 관리와 위험 신호를 요약한다. 특히 급성 질환에서는 안정적 의원 관리라는 공통 결론이 맞는지 따로 검토한다.,제공 Word 원고와 문구 일치
F103,P1,요구사항대체,T02814,/diseases/cardio/stable-angina/,content/pages.json,/77/blocks/10/text,"안정형 협심증은 원인과 중증도가 다양하므로 증상만으로 판단하지 않고 위험 신호와 필요한 검사를 함께 확인해야 합니다. 안정적인 경우 영통탑내과에서 초기 평가와 추적관리를 시행할 수 있으며, 응급검사·입원·수술이 필요하면 상급병원으로 신속히 연결합니다.",“기억할 점”이 질환명만 바꾼 원인·중증도 다양/증상 판단 금지/초기평가·의뢰 공통 결론이다. 원고와 일치하지만 각 글에서 기억할 고유한 핵심이 빠진다.,질환별 핵심 관리와 위험 신호를 요약한다. 특히 급성 질환에서는 안정적 의원 관리라는 공통 결론이 맞는지 따로 검토한다.,제공 Word 원고와 문구 일치
F103,P1,요구사항대체,T02965,/diseases/cardio/heart-failure/,content/pages.json,/79/blocks/10/text,"심부전은 원인과 중증도가 다양하므로 증상만으로 판단하지 않고 위험 신호와 필요한 검사를 함께 확인해야 합니다. 안정적인 경우 영통탑내과에서 초기 평가와 추적관리를 시행할 수 있으며, 응급검사·입원·수술이 필요하면 상급병원으로 신속히 연결합니다.",“기억할 점”이 질환명만 바꾼 원인·중증도 다양/증상 판단 금지/초기평가·의뢰 공통 결론이다. 원고와 일치하지만 각 글에서 기억할 고유한 핵심이 빠진다.,질환별 핵심 관리와 위험 신호를 요약한다. 특히 급성 질환에서는 안정적 의원 관리라는 공통 결론이 맞는지 따로 검토한다.,제공 Word 원고와 문구 일치
F103,P1,요구사항대체,T03038,/diseases/cardio/atrial-fibrillation/,content/pages.json,/80/blocks/10/text,"심방세동은 원인과 중증도가 다양하므로 증상만으로 판단하지 않고 위험 신호와 필요한 검사를 함께 확인해야 합니다. 안정적인 경우 영통탑내과에서 초기 평가와 추적관리를 시행할 수 있으며, 응급검사·입원·수술이 필요하면 상급병원으로 신속히 연결합니다.",“기억할 점”이 질환명만 바꾼 원인·중증도 다양/증상 판단 금지/초기평가·의뢰 공통 결론이다. 원고와 일치하지만 각 글에서 기억할 고유한 핵심이 빠진다.,질환별 핵심 관리와 위험 신호를 요약한다. 특히 급성 질환에서는 안정적 의원 관리라는 공통 결론이 맞는지 따로 검토한다.,제공 Word 원고와 문구 일치
F103,P1,요구사항대체,T03110,/diseases/cardio/supraventricular-tachycardia/,content/pages.json,/81/blocks/10/text,"발작성 상심실성 빈맥은 원인과 중증도가 다양하므로 증상만으로 판단하지 않고 위험 신호와 필요한 검사를 함께 확인해야 합니다. 안정적인 경우 영통탑내과에서 초기 평가와 추적관리를 시행할 수 있으며, 응급검사·입원·수술이 필요하면 상급병원으로 신속히 연결합니다.",“기억할 점”이 질환명만 바꾼 원인·중증도 다양/증상 판단 금지/초기평가·의뢰 공통 결론이다. 원고와 일치하지만 각 글에서 기억할 고유한 핵심이 빠진다.,질환별 핵심 관리와 위험 신호를 요약한다. 특히 급성 질환에서는 안정적 의원 관리라는 공통 결론이 맞는지 따로 검토한다.,제공 Word 원고와 문구 일치
F103,P1,요구사항대체,T03183,/diseases/cardio/premature-ventricular-contractions/,content/pages.json,/82/blocks/10/text,"심실조기수축은 원인과 중증도가 다양하므로 증상만으로 판단하지 않고 위험 신호와 필요한 검사를 함께 확인해야 합니다. 안정적인 경우 영통탑내과에서 초기 평가와 추적관리를 시행할 수 있으며, 응급검사·입원·수술이 필요하면 상급병원으로 신속히 연결합니다.",“기억할 점”이 질환명만 바꾼 원인·중증도 다양/증상 판단 금지/초기평가·의뢰 공통 결론이다. 원고와 일치하지만 각 글에서 기억할 고유한 핵심이 빠진다.,질환별 핵심 관리와 위험 신호를 요약한다. 특히 급성 질환에서는 안정적 의원 관리라는 공통 결론이 맞는지 따로 검토한다.,제공 Word 원고와 문구 일치
F103,P1,요구사항대체,T03257,/diseases/cardio/bradyarrhythmia/,content/pages.json,/83/blocks/10/text,"서맥성 부정맥은 원인과 중증도가 다양하므로 증상만으로 판단하지 않고 위험 신호와 필요한 검사를 함께 확인해야 합니다. 안정적인 경우 영통탑내과에서 초기 평가와 추적관리를 시행할 수 있으며, 응급검사·입원·수술이 필요하면 상급병원으로 신속히 연결합니다.",“기억할 점”이 질환명만 바꾼 원인·중증도 다양/증상 판단 금지/초기평가·의뢰 공통 결론이다. 원고와 일치하지만 각 글에서 기억할 고유한 핵심이 빠진다.,질환별 핵심 관리와 위험 신호를 요약한다. 특히 급성 질환에서는 안정적 의원 관리라는 공통 결론이 맞는지 따로 검토한다.,제공 Word 원고와 문구 일치
F103,P1,요구사항대체,T03329,/diseases/cardio/mitral-regurgitation/,content/pages.json,/84/blocks/10/text,"승모판 역류는 원인과 중증도가 다양하므로 증상만으로 판단하지 않고 위험 신호와 필요한 검사를 함께 확인해야 합니다. 안정적인 경우 영통탑내과에서 초기 평가와 추적관리를 시행할 수 있으며, 응급검사·입원·수술이 필요하면 상급병원으로 신속히 연결합니다.",“기억할 점”이 질환명만 바꾼 원인·중증도 다양/증상 판단 금지/초기평가·의뢰 공통 결론이다. 원고와 일치하지만 각 글에서 기억할 고유한 핵심이 빠진다.,질환별 핵심 관리와 위험 신호를 요약한다. 특히 급성 질환에서는 안정적 의원 관리라는 공통 결론이 맞는지 따로 검토한다.,현재 구현에서 확인; 원 작성 주체는 이 문구만으로 단정하지 않음
F103,P1,요구사항대체,T03401,/diseases/cardio/aortic-stenosis/,content/pages.json,/85/blocks/10/text,"대동맥판 협착은 원인과 중증도가 다양하므로 증상만으로 판단하지 않고 위험 신호와 필요한 검사를 함께 확인해야 합니다. 안정적인 경우 영통탑내과에서 초기 평가와 추적관리를 시행할 수 있으며, 응급검사·입원·수술이 필요하면 상급병원으로 신속히 연결합니다.",“기억할 점”이 질환명만 바꾼 원인·중증도 다양/증상 판단 금지/초기평가·의뢰 공통 결론이다. 원고와 일치하지만 각 글에서 기억할 고유한 핵심이 빠진다.,질환별 핵심 관리와 위험 신호를 요약한다. 특히 급성 질환에서는 안정적 의원 관리라는 공통 결론이 맞는지 따로 검토한다.,제공 Word 원고와 문구 일치
F103,P1,요구사항대체,T03475,/diseases/cardio/myocarditis/,content/pages.json,/86/blocks/10/text,"심근염은 원인과 중증도가 다양하므로 증상만으로 판단하지 않고 위험 신호와 필요한 검사를 함께 확인해야 합니다. 안정적인 경우 영통탑내과에서 초기 평가와 추적관리를 시행할 수 있으며, 응급검사·입원·수술이 필요하면 상급병원으로 신속히 연결합니다.",“기억할 점”이 질환명만 바꾼 원인·중증도 다양/증상 판단 금지/초기평가·의뢰 공통 결론이다. 원고와 일치하지만 각 글에서 기억할 고유한 핵심이 빠진다.,질환별 핵심 관리와 위험 신호를 요약한다. 특히 급성 질환에서는 안정적 의원 관리라는 공통 결론이 맞는지 따로 검토한다.,제공 Word 원고와 문구 일치
F103,P1,요구사항대체,T03549,/diseases/cardio/pericarditis/,content/pages.json,/87/blocks/10/text,"심낭염은 원인과 중증도가 다양하므로 증상만으로 판단하지 않고 위험 신호와 필요한 검사를 함께 확인해야 합니다. 안정적인 경우 영통탑내과에서 초기 평가와 추적관리를 시행할 수 있으며, 응급검사·입원·수술이 필요하면 상급병원으로 신속히 연결합니다.",“기억할 점”이 질환명만 바꾼 원인·중증도 다양/증상 판단 금지/초기평가·의뢰 공통 결론이다. 원고와 일치하지만 각 글에서 기억할 고유한 핵심이 빠진다.,질환별 핵심 관리와 위험 신호를 요약한다. 특히 급성 질환에서는 안정적 의원 관리라는 공통 결론이 맞는지 따로 검토한다.,제공 Word 원고와 문구 일치
F103,P1,요구사항대체,T03624,/diseases/cardio/dilated-cardiomyopathy/,content/pages.json,/88/blocks/10/text,"확장성 심근병증은 원인과 중증도가 다양하므로 증상만으로 판단하지 않고 위험 신호와 필요한 검사를 함께 확인해야 합니다. 안정적인 경우 영통탑내과에서 초기 평가와 추적관리를 시행할 수 있으며, 응급검사·입원·수술이 필요하면 상급병원으로 신속히 연결합니다.",“기억할 점”이 질환명만 바꾼 원인·중증도 다양/증상 판단 금지/초기평가·의뢰 공통 결론이다. 원고와 일치하지만 각 글에서 기억할 고유한 핵심이 빠진다.,질환별 핵심 관리와 위험 신호를 요약한다. 특히 급성 질환에서는 안정적 의원 관리라는 공통 결론이 맞는지 따로 검토한다.,제공 Word 원고와 문구 일치
F103,P1,요구사항대체,T03695,/diseases/cardio/carotid-stenosis/,content/pages.json,/89/blocks/10/text,"경동맥 협착증은 원인과 중증도가 다양하므로 증상만으로 판단하지 않고 위험 신호와 필요한 검사를 함께 확인해야 합니다. 안정적인 경우 영통탑내과에서 초기 평가와 추적관리를 시행할 수 있으며, 응급검사·입원·수술이 필요하면 상급병원으로 신속히 연결합니다.",“기억할 점”이 질환명만 바꾼 원인·중증도 다양/증상 판단 금지/초기평가·의뢰 공통 결론이다. 원고와 일치하지만 각 글에서 기억할 고유한 핵심이 빠진다.,질환별 핵심 관리와 위험 신호를 요약한다. 특히 급성 질환에서는 안정적 의원 관리라는 공통 결론이 맞는지 따로 검토한다.,제공 Word 원고와 문구 일치
F103,P1,요구사항대체,T03768,/diseases/cardio/peripheral-artery-disease/,content/pages.json,/90/blocks/10/text,"말초동맥질환은 원인과 중증도가 다양하므로 증상만으로 판단하지 않고 위험 신호와 필요한 검사를 함께 확인해야 합니다. 안정적인 경우 영통탑내과에서 초기 평가와 추적관리를 시행할 수 있으며, 응급검사·입원·수술이 필요하면 상급병원으로 신속히 연결합니다.",“기억할 점”이 질환명만 바꾼 원인·중증도 다양/증상 판단 금지/초기평가·의뢰 공통 결론이다. 원고와 일치하지만 각 글에서 기억할 고유한 핵심이 빠진다.,질환별 핵심 관리와 위험 신호를 요약한다. 특히 급성 질환에서는 안정적 의원 관리라는 공통 결론이 맞는지 따로 검토한다.,제공 Word 원고와 문구 일치
F103,P1,요구사항대체,T03842,/diseases/cardio/deep-vein-thrombosis/,content/pages.json,/91/blocks/10/text,"심부정맥혈전증은 원인과 중증도가 다양하므로 증상만으로 판단하지 않고 위험 신호와 필요한 검사를 함께 확인해야 합니다. 안정적인 경우 영통탑내과에서 초기 평가와 추적관리를 시행할 수 있으며, 응급검사·입원·수술이 필요하면 상급병원으로 신속히 연결합니다.",“기억할 점”이 질환명만 바꾼 원인·중증도 다양/증상 판단 금지/초기평가·의뢰 공통 결론이다. 원고와 일치하지만 각 글에서 기억할 고유한 핵심이 빠진다.,질환별 핵심 관리와 위험 신호를 요약한다. 특히 급성 질환에서는 안정적 의원 관리라는 공통 결론이 맞는지 따로 검토한다.,제공 Word 원고와 문구 일치
F103,P1,요구사항대체,T03988,/diseases/cardio/orthostatic-hypotension/,content/pages.json,/93/blocks/10/text,"기립성 저혈압은 원인과 중증도가 다양하므로 증상만으로 판단하지 않고 위험 신호와 필요한 검사를 함께 확인해야 합니다. 안정적인 경우 영통탑내과에서 초기 평가와 추적관리를 시행할 수 있으며, 응급검사·입원·수술이 필요하면 상급병원으로 신속히 연결합니다.",“기억할 점”이 질환명만 바꾼 원인·중증도 다양/증상 판단 금지/초기평가·의뢰 공통 결론이다. 원고와 일치하지만 각 글에서 기억할 고유한 핵심이 빠진다.,질환별 핵심 관리와 위험 신호를 요약한다. 특히 급성 질환에서는 안정적 의원 관리라는 공통 결론이 맞는지 따로 검토한다.,제공 Word 원고와 문구 일치
F104,P2,요구사항대체,T02532,/diseases/cardio/hypertension/,content/pages.json,/74/description,"고혈압의 의미와 원인, 증상, 진단·치료, 생활관리와 응급 신호를 확인하세요. 영통탑내과에서 가능한 평가와 상급병원 진료가 필요한 상황을 안내합니다.",질환별 검색 요약이 질환명만 달라지고 “의미·원인·증상·진단·치료를 확인하세요/상황을 안내합니다”라는 목차 소개로 동일하다.,질환의 의미와 그 페이지의 핵심 답변을 짧게 요약한다. 최적화 효과를 약속하지 않는다.,현재 구현에서 확인; 원 작성 주체는 이 문구만으로 단정하지 않음
F104,P2,요구사항대체,T02604,/diseases/cardio/dyslipidemia/,content/pages.json,/75/description,"이상지질혈증의 의미와 원인, 증상, 진단·치료, 생활관리와 응급 신호를 확인하세요. 영통탑내과에서 가능한 평가와 상급병원 진료가 필요한 상황을 안내합니다.",질환별 검색 요약이 질환명만 달라지고 “의미·원인·증상·진단·치료를 확인하세요/상황을 안내합니다”라는 목차 소개로 동일하다.,질환의 의미와 그 페이지의 핵심 답변을 짧게 요약한다. 최적화 효과를 약속하지 않는다.,현재 구현에서 확인; 원 작성 주체는 이 문구만으로 단정하지 않음
F104,P2,요구사항대체,T02677,/diseases/cardio/atherosclerosis/,content/pages.json,/76/description,"죽상경화증의 의미와 원인, 증상, 진단·치료, 생활관리와 응급 신호를 확인하세요. 영통탑내과에서 가능한 평가와 상급병원 진료가 필요한 상황을 안내합니다.",질환별 검색 요약이 질환명만 달라지고 “의미·원인·증상·진단·치료를 확인하세요/상황을 안내합니다”라는 목차 소개로 동일하다.,질환의 의미와 그 페이지의 핵심 답변을 짧게 요약한다. 최적화 효과를 약속하지 않는다.,현재 구현에서 확인; 원 작성 주체는 이 문구만으로 단정하지 않음
F104,P2,요구사항대체,T02750,/diseases/cardio/stable-angina/,content/pages.json,/77/description,"안정형 협심증의 의미와 원인, 증상, 진단·치료, 생활관리와 응급 신호를 확인하세요. 영통탑내과에서 가능한 평가와 상급병원 진료가 필요한 상황을 안내합니다.",질환별 검색 요약이 질환명만 달라지고 “의미·원인·증상·진단·치료를 확인하세요/상황을 안내합니다”라는 목차 소개로 동일하다.,질환의 의미와 그 페이지의 핵심 답변을 짧게 요약한다. 최적화 효과를 약속하지 않는다.,현재 구현에서 확인; 원 작성 주체는 이 문구만으로 단정하지 않음
F104,P2,요구사항대체,T02824,/diseases/cardio/acute-myocardial-infarction/,content/pages.json,/78/description,"급성 심근경색의 의미와 원인, 증상, 진단·치료, 생활관리와 응급 신호를 확인하세요. 영통탑내과에서 가능한 평가와 상급병원 진료가 필요한 상황을 안내합니다.",질환별 검색 요약이 질환명만 달라지고 “의미·원인·증상·진단·치료를 확인하세요/상황을 안내합니다”라는 목차 소개로 동일하다.,질환의 의미와 그 페이지의 핵심 답변을 짧게 요약한다. 최적화 효과를 약속하지 않는다.,현재 구현에서 확인; 원 작성 주체는 이 문구만으로 단정하지 않음
F104,P2,요구사항대체,T02896,/diseases/cardio/heart-failure/,content/pages.json,/79/description,"심부전의 의미와 원인, 증상, 진단·치료, 생활관리와 응급 신호를 확인하세요. 영통탑내과에서 가능한 평가와 상급병원 진료가 필요한 상황을 안내합니다.",질환별 검색 요약이 질환명만 달라지고 “의미·원인·증상·진단·치료를 확인하세요/상황을 안내합니다”라는 목차 소개로 동일하다.,질환의 의미와 그 페이지의 핵심 답변을 짧게 요약한다. 최적화 효과를 약속하지 않는다.,현재 구현에서 확인; 원 작성 주체는 이 문구만으로 단정하지 않음
F104,P2,요구사항대체,T02975,/diseases/cardio/atrial-fibrillation/,content/pages.json,/80/description,"심방세동의 의미와 원인, 증상, 진단·치료, 생활관리와 응급 신호를 확인하세요. 영통탑내과에서 가능한 평가와 상급병원 진료가 필요한 상황을 안내합니다.",질환별 검색 요약이 질환명만 달라지고 “의미·원인·증상·진단·치료를 확인하세요/상황을 안내합니다”라는 목차 소개로 동일하다.,질환의 의미와 그 페이지의 핵심 답변을 짧게 요약한다. 최적화 효과를 약속하지 않는다.,현재 구현에서 확인; 원 작성 주체는 이 문구만으로 단정하지 않음
F104,P2,요구사항대체,T03048,/diseases/cardio/supraventricular-tachycardia/,content/pages.json,/81/description,"발작성 상심실성 빈맥의 의미와 원인, 증상, 진단·치료, 생활관리와 응급 신호를 확인하세요. 영통탑내과에서 가능한 평가와 상급병원 진료가 필요한 상황을 안내합니다.",질환별 검색 요약이 질환명만 달라지고 “의미·원인·증상·진단·치료를 확인하세요/상황을 안내합니다”라는 목차 소개로 동일하다.,질환의 의미와 그 페이지의 핵심 답변을 짧게 요약한다. 최적화 효과를 약속하지 않는다.,현재 구현에서 확인; 원 작성 주체는 이 문구만으로 단정하지 않음
F104,P2,요구사항대체,T03120,/diseases/cardio/premature-ventricular-contractions/,content/pages.json,/82/description,"심실조기수축의 의미와 원인, 증상, 진단·치료, 생활관리와 응급 신호를 확인하세요. 영통탑내과에서 가능한 평가와 상급병원 진료가 필요한 상황을 안내합니다.",질환별 검색 요약이 질환명만 달라지고 “의미·원인·증상·진단·치료를 확인하세요/상황을 안내합니다”라는 목차 소개로 동일하다.,질환의 의미와 그 페이지의 핵심 답변을 짧게 요약한다. 최적화 효과를 약속하지 않는다.,현재 구현에서 확인; 원 작성 주체는 이 문구만으로 단정하지 않음
F104,P2,요구사항대체,T03193,/diseases/cardio/bradyarrhythmia/,content/pages.json,/83/description,"서맥성 부정맥의 의미와 원인, 증상, 진단·치료, 생활관리와 응급 신호를 확인하세요. 영통탑내과에서 가능한 평가와 상급병원 진료가 필요한 상황을 안내합니다.",질환별 검색 요약이 질환명만 달라지고 “의미·원인·증상·진단·치료를 확인하세요/상황을 안내합니다”라는 목차 소개로 동일하다.,질환의 의미와 그 페이지의 핵심 답변을 짧게 요약한다. 최적화 효과를 약속하지 않는다.,현재 구현에서 확인; 원 작성 주체는 이 문구만으로 단정하지 않음
F104,P2,요구사항대체,T03267,/diseases/cardio/mitral-regurgitation/,content/pages.json,/84/description,"승모판 역류의 의미와 원인, 증상, 진단·치료, 생활관리와 응급 신호를 확인하세요. 영통탑내과에서 가능한 평가와 상급병원 진료가 필요한 상황을 안내합니다.",질환별 검색 요약이 질환명만 달라지고 “의미·원인·증상·진단·치료를 확인하세요/상황을 안내합니다”라는 목차 소개로 동일하다.,질환의 의미와 그 페이지의 핵심 답변을 짧게 요약한다. 최적화 효과를 약속하지 않는다.,현재 구현에서 확인; 원 작성 주체는 이 문구만으로 단정하지 않음
F104,P2,요구사항대체,T03339,/diseases/cardio/aortic-stenosis/,content/pages.json,/85/description,"대동맥판 협착의 의미와 원인, 증상, 진단·치료, 생활관리와 응급 신호를 확인하세요. 영통탑내과에서 가능한 평가와 상급병원 진료가 필요한 상황을 안내합니다.",질환별 검색 요약이 질환명만 달라지고 “의미·원인·증상·진단·치료를 확인하세요/상황을 안내합니다”라는 목차 소개로 동일하다.,질환의 의미와 그 페이지의 핵심 답변을 짧게 요약한다. 최적화 효과를 약속하지 않는다.,현재 구현에서 확인; 원 작성 주체는 이 문구만으로 단정하지 않음
F104,P2,요구사항대체,T03411,/diseases/cardio/myocarditis/,content/pages.json,/86/description,"심근염의 의미와 원인, 증상, 진단·치료, 생활관리와 응급 신호를 확인하세요. 영통탑내과에서 가능한 평가와 상급병원 진료가 필요한 상황을 안내합니다.",질환별 검색 요약이 질환명만 달라지고 “의미·원인·증상·진단·치료를 확인하세요/상황을 안내합니다”라는 목차 소개로 동일하다.,질환의 의미와 그 페이지의 핵심 답변을 짧게 요약한다. 최적화 효과를 약속하지 않는다.,현재 구현에서 확인; 원 작성 주체는 이 문구만으로 단정하지 않음
F104,P2,요구사항대체,T03485,/diseases/cardio/pericarditis/,content/pages.json,/87/description,"심낭염의 의미와 원인, 증상, 진단·치료, 생활관리와 응급 신호를 확인하세요. 영통탑내과에서 가능한 평가와 상급병원 진료가 필요한 상황을 안내합니다.",질환별 검색 요약이 질환명만 달라지고 “의미·원인·증상·진단·치료를 확인하세요/상황을 안내합니다”라는 목차 소개로 동일하다.,질환의 의미와 그 페이지의 핵심 답변을 짧게 요약한다. 최적화 효과를 약속하지 않는다.,현재 구현에서 확인; 원 작성 주체는 이 문구만으로 단정하지 않음
F104,P2,요구사항대체,T03559,/diseases/cardio/dilated-cardiomyopathy/,content/pages.json,/88/description,"확장성 심근병증의 의미와 원인, 증상, 진단·치료, 생활관리와 응급 신호를 확인하세요. 영통탑내과에서 가능한 평가와 상급병원 진료가 필요한 상황을 안내합니다.",질환별 검색 요약이 질환명만 달라지고 “의미·원인·증상·진단·치료를 확인하세요/상황을 안내합니다”라는 목차 소개로 동일하다.,질환의 의미와 그 페이지의 핵심 답변을 짧게 요약한다. 최적화 효과를 약속하지 않는다.,현재 구현에서 확인; 원 작성 주체는 이 문구만으로 단정하지 않음
F104,P2,요구사항대체,T03634,/diseases/cardio/carotid-stenosis/,content/pages.json,/89/description,"경동맥 협착증의 의미와 원인, 증상, 진단·치료, 생활관리와 응급 신호를 확인하세요. 영통탑내과에서 가능한 평가와 상급병원 진료가 필요한 상황을 안내합니다.",질환별 검색 요약이 질환명만 달라지고 “의미·원인·증상·진단·치료를 확인하세요/상황을 안내합니다”라는 목차 소개로 동일하다.,질환의 의미와 그 페이지의 핵심 답변을 짧게 요약한다. 최적화 효과를 약속하지 않는다.,현재 구현에서 확인; 원 작성 주체는 이 문구만으로 단정하지 않음
F104,P2,요구사항대체,T03705,/diseases/cardio/peripheral-artery-disease/,content/pages.json,/90/description,"말초동맥질환의 의미와 원인, 증상, 진단·치료, 생활관리와 응급 신호를 확인하세요. 영통탑내과에서 가능한 평가와 상급병원 진료가 필요한 상황을 안내합니다.",질환별 검색 요약이 질환명만 달라지고 “의미·원인·증상·진단·치료를 확인하세요/상황을 안내합니다”라는 목차 소개로 동일하다.,질환의 의미와 그 페이지의 핵심 답변을 짧게 요약한다. 최적화 효과를 약속하지 않는다.,현재 구현에서 확인; 원 작성 주체는 이 문구만으로 단정하지 않음
F104,P2,요구사항대체,T03778,/diseases/cardio/deep-vein-thrombosis/,content/pages.json,/91/description,"심부정맥혈전증의 의미와 원인, 증상, 진단·치료, 생활관리와 응급 신호를 확인하세요. 영통탑내과에서 가능한 평가와 상급병원 진료가 필요한 상황을 안내합니다.",질환별 검색 요약이 질환명만 달라지고 “의미·원인·증상·진단·치료를 확인하세요/상황을 안내합니다”라는 목차 소개로 동일하다.,질환의 의미와 그 페이지의 핵심 답변을 짧게 요약한다. 최적화 효과를 약속하지 않는다.,현재 구현에서 확인; 원 작성 주체는 이 문구만으로 단정하지 않음
F104,P2,요구사항대체,T03853,/diseases/cardio/aortic-aneurysm-dissection/,content/pages.json,/92/description,"대동맥류·대동맥박리의 의미와 원인, 증상, 진단·치료, 생활관리와 응급 신호를 확인하세요. 영통탑내과에서 가능한 평가와 상급병원 진료가 필요한 상황을 안내합니다.",질환별 검색 요약이 질환명만 달라지고 “의미·원인·증상·진단·치료를 확인하세요/상황을 안내합니다”라는 목차 소개로 동일하다.,질환의 의미와 그 페이지의 핵심 답변을 짧게 요약한다. 최적화 효과를 약속하지 않는다.,현재 구현에서 확인; 원 작성 주체는 이 문구만으로 단정하지 않음
F104,P2,요구사항대체,T03924,/diseases/cardio/orthostatic-hypotension/,content/pages.json,/93/description,"기립성 저혈압의 의미와 원인, 증상, 진단·치료, 생활관리와 응급 신호를 확인하세요. 영통탑내과에서 가능한 평가와 상급병원 진료가 필요한 상황을 안내합니다.",질환별 검색 요약이 질환명만 달라지고 “의미·원인·증상·진단·치료를 확인하세요/상황을 안내합니다”라는 목차 소개로 동일하다.,질환의 의미와 그 페이지의 핵심 답변을 짧게 요약한다. 최적화 효과를 약속하지 않는다.,현재 구현에서 확인; 원 작성 주체는 이 문구만으로 단정하지 않음
F105,P1,답변회피,T03039,/diseases/cardio/atrial-fibrillation/,content/pages.json,/80/questions/0/question,부정맥 약은 평생 먹어야 하나요?,“평생 먹어야 하나요”라는 질문에 약의 목적 차이와 임의 중단 경고만 답하고 지속·조정 판단을 설명하지 않는다. 이 문답은 원장 제공 Word와 일치한다.,맥박/리듬 조절약과 항응고제의 지속 판단이 어떻게 다른지 의료 검토 후 짧게 답하고 임의 중단 주의를 뒤에 둔다.,현재 구현에서 확인; 원 작성 주체는 이 문구만으로 단정하지 않음
F105,P1,답변회피,T03040,/diseases/cardio/atrial-fibrillation/,content/pages.json,/80/questions/0/answer,맥박조절·리듬조절·항응고제는 목적이 서로 다릅니다. 증상이 좋아져도 뇌졸중 위험은 남을 수 있어 임의 중단하면 안 됩니다.,“평생 먹어야 하나요”라는 질문에 약의 목적 차이와 임의 중단 경고만 답하고 지속·조정 판단을 설명하지 않는다. 이 문답은 원장 제공 Word와 일치한다.,맥박/리듬 조절약과 항응고제의 지속 판단이 어떻게 다른지 의료 검토 후 짧게 답하고 임의 중단 주의를 뒤에 둔다.,제공 Word 원고와 문구 일치
F106,P1,정보위계,T03152,/diseases/cardio/premature-ventricular-contractions/,content/pages.json,/82/blocks/5/heading,바로 응급실로 가야 하는 위험 신호,“바로 응급실” 목록에 현재 실신/흉통과 함께 가족 중 젊은 급사 병력·심장기능 저하가 조건 구분 없이 섞인다. 가족력만 있는 독자가 곧바로 응급실로 가야 한다고 읽을 수 있다. 원고에도 동일하다.,현재 응급 증상과 전문 평가가 필요한 위험 배경을 의료진 검토 후 구분한다.,현재 구현에서 확인; 원 작성 주체는 이 문구만으로 단정하지 않음
F106,P1,정보위계,T03156,/diseases/cardio/premature-ventricular-contractions/,content/pages.json,/82/blocks/5/items/2,가족 중 젊은 나이 급사,“바로 응급실” 목록에 현재 실신/흉통과 함께 가족 중 젊은 급사 병력·심장기능 저하가 조건 구분 없이 섞인다. 가족력만 있는 독자가 곧바로 응급실로 가야 한다고 읽을 수 있다. 원고에도 동일하다.,현재 응급 증상과 전문 평가가 필요한 위험 배경을 의료진 검토 후 구분한다.,현재 구현에서 확인; 원 작성 주체는 이 문구만으로 단정하지 않음
F106,P1,정보위계,T03158,/diseases/cardio/premature-ventricular-contractions/,content/pages.json,/82/blocks/5/items/4,심장기능 저하 동반,“바로 응급실” 목록에 현재 실신/흉통과 함께 가족 중 젊은 급사 병력·심장기능 저하가 조건 구분 없이 섞인다. 가족력만 있는 독자가 곧바로 응급실로 가야 한다고 읽을 수 있다. 원고에도 동일하다.,현재 응급 증상과 전문 평가가 필요한 위험 배경을 의료진 검토 후 구분한다.,현재 구현에서 확인; 원 작성 주체는 이 문구만으로 단정하지 않음
F107,P2,답변회피,T03186,/diseases/cardio/premature-ventricular-contractions/,content/pages.json,/82/questions/1/question,하루 몇 번이면 많은 건가요?,“하루 몇 번”을 묻고 횟수로 판단하지 않는다는 원칙만 설명한다. 의미 있는 지표인 전체 박동 중 비율도 정의되지 않는다.,부담률의 뜻과 결과지에서 확인할 항목을 쉽게 설명하고 수치 기준이 필요하면 의료 검토 후 조건과 함께 제시한다.,현재 구현에서 확인; 원 작성 주체는 이 문구만으로 단정하지 않음
F107,P2,답변회피,T03187,/diseases/cardio/premature-ventricular-contractions/,content/pages.json,/82/questions/1/answer,"횟수만으로 판단하지 않고 전체 박동 중 비율, 연속성, 증상과 심장기능을 함께 봅니다.",“하루 몇 번”을 묻고 횟수로 판단하지 않는다는 원칙만 설명한다. 의미 있는 지표인 전체 박동 중 비율도 정의되지 않는다.,부담률의 뜻과 결과지에서 확인할 항목을 쉽게 설명하고 수치 기준이 필요하면 의료 검토 후 조건과 함께 제시한다.,제공 Word 원고와 문구 일치
F108,P2,답변회피,T03332,/diseases/cardio/mitral-regurgitation/,content/pages.json,/84/questions/1/question,초음파는 얼마나 자주 해야 하나요?,초음파 주기를 묻는데 “경미하면 길고 중등도 이상이면 더 자주”라는 상대 표현만 있다.,검사 간격을 설명할 수 있는 질환별 범위를 의료진과 검토하고 다음 검사일이 정해지는 기준을 구체화한다.,현재 구현에서 확인; 원 작성 주체는 이 문구만으로 단정하지 않음
F108,P2,답변회피,T03333,/diseases/cardio/mitral-regurgitation/,content/pages.json,/84/questions/1/answer,"역류 정도, 심장 크기와 증상에 따라 다릅니다. 경미하면 간격이 길고 중등도 이상이거나 변화가 있으면 더 자주 확인합니다.",초음파 주기를 묻는데 “경미하면 길고 중등도 이상이면 더 자주”라는 상대 표현만 있다.,검사 간격을 설명할 수 있는 질환별 범위를 의료진과 검토하고 다음 검사일이 정해지는 기준을 구체화한다.,제공 Word 원고와 문구 일치
F109,P2,정보위계,T03225,/diseases/cardio/bradyarrhythmia/,content/pages.json,/83/blocks/4/items/3,증상성 동기능부전·고도 방실차단에서는 인공심박동기 검토,"환자가 판단할 치료/응급 조건을 “증상성 동기능부전”, “고도 방실차단”, “심잡음·색전 증상” 같은 전문 용어만으로 설명한다.",용어를 쉬운 말로 풀고 환자가 느끼는 신호와 의료진이 검사로 확인하는 소견을 구분한다.,현재 구현에서 확인; 원 작성 주체는 이 문구만으로 단정하지 않음
F109,P2,정보위계,T03263,/diseases/cardio/bradyarrhythmia/,content/pages.json,/83/questions/2/answer,"증상과 관련된 동기능부전, 고도 방실차단처럼 회복 가능성이 낮은 병적 서맥에서 검토합니다.","환자가 판단할 치료/응급 조건을 “증상성 동기능부전”, “고도 방실차단”, “심잡음·색전 증상” 같은 전문 용어만으로 설명한다.",용어를 쉬운 말로 풀고 환자가 느끼는 신호와 의료진이 검사로 확인하는 소견을 구분한다.,제공 Word 원고와 문구 일치
F109,P2,정보위계,T03304,/diseases/cardio/mitral-regurgitation/,content/pages.json,/84/blocks/5/items/3,발열과 심잡음·색전 증상으로 심내막염 의심,"환자가 판단할 치료/응급 조건을 “증상성 동기능부전”, “고도 방실차단”, “심잡음·색전 증상” 같은 전문 용어만으로 설명한다.",용어를 쉬운 말로 풀고 환자가 느끼는 신호와 의료진이 검사로 확인하는 소견을 구분한다.,현재 구현에서 확인; 원 작성 주체는 이 문구만으로 단정하지 않음
F110,P2,요구사항대체,T03676,/diseases/cardio/carotid-stenosis/,content/pages.json,/89/blocks/6/items/2,뇌졸중 FAST 증상 숙지,“뇌졸중 FAST 증상 숙지”는 무엇을 알아야 한다는 요구만 적었고 약어의 뜻이나 기억할 행동을 설명하지 않는다. 같은 페이지에 실제 증상은 있다.,얼굴·팔·말의 변화와 즉시 119라는 내용을 환자 언어로 풀어 기존 위험 신호에 연결한다.,현재 구현에서 확인; 원 작성 주체는 이 문구만으로 단정하지 않음
F111,P2,방어적표현,T04095,/conditions/thyroid-carotid-neck/thyroid/,content/pages.json,/100/blocks/2/text,기능 이상은 원인과 상태에 맞춰 약물치료와 추적검사를 계획합니다. 세침흡인·조직검사나 수술이 필요한 소견은 협력병원으로 의뢰합니다. 약 용량을 스스로 바꾸지 말고 검사 결과를 설명받으세요.,"짧은 진료 소개에서 “약 용량을 스스로 바꾸지 말고”, “단정하지 말고 상담”, “무조건 물을 많이 마시지”, “결과만 보고 약을 바꾸지”가 설명의 결말로 반복된다. 약물·수분 안전조건은 필요하지만 정보를 알리는 문장보다 금지와 상담 지시가 앞선다.",치료/검사 목적과 달라지는 조건을 먼저 직접 설명하고 실제 약물·수분 조정 주의는 해당 항목에 구체적으로 둔다.,현재 구현에서 확인; 원 작성 주체는 이 문구만으로 단정하지 않음
F111,P2,방어적표현,T04150,/conditions/kidney/function/,content/pages.json,/104/blocks/0/text,초기 신장질환은 증상이 없을 수 있습니다. 크레아티닌으로 추정한 eGFR과 소변 단백·알부민을 확인하고 이전 결과와 비교합니다. 한 번의 수치만으로 상태를 단정하지 말고 재검사 필요성을 상담하세요.,"짧은 진료 소개에서 “약 용량을 스스로 바꾸지 말고”, “단정하지 말고 상담”, “무조건 물을 많이 마시지”, “결과만 보고 약을 바꾸지”가 설명의 결말로 반복된다. 약물·수분 안전조건은 필요하지만 정보를 알리는 문장보다 금지와 상담 지시가 앞선다.",치료/검사 목적과 달라지는 조건을 먼저 직접 설명하고 실제 약물·수분 조정 주의는 해당 항목에 구체적으로 둔다.,현재 구현에서 확인; 원 작성 주체는 이 문구만으로 단정하지 않음
F111,P2,방어적표현,T04152,/conditions/kidney/function/,content/pages.json,/104/blocks/1/text,"혈압·혈당 관리와 금연, 식사·활동 계획을 함께 세웁니다. 진통제와 건강기능식품도 신장 상태에 영향을 줄 수 있으므로 복용 목록을 알려주세요. 물·염분·단백질 섭취는 상태에 따라 상담하고 무조건 물을 많이 마시지는 마세요.","짧은 진료 소개에서 “약 용량을 스스로 바꾸지 말고”, “단정하지 말고 상담”, “무조건 물을 많이 마시지”, “결과만 보고 약을 바꾸지”가 설명의 결말로 반복된다. 약물·수분 안전조건은 필요하지만 정보를 알리는 문장보다 금지와 상담 지시가 앞선다.",치료/검사 목적과 달라지는 조건을 먼저 직접 설명하고 실제 약물·수분 조정 주의는 해당 항목에 구체적으로 둔다.,현재 구현에서 확인; 원 작성 주체는 이 문구만으로 단정하지 않음
F111,P2,방어적표현,T04193,/services/heart/ambulatory-blood-pressure/,content/pages.json,/107/blocks/0/text,"진료실에서만 높은 백의고혈압, 진료실에서는 높지 않지만 생활 중 높은 가면고혈압, 야간·아침 혈압과 혈압 변동성을 살펴봅니다. 가정혈압·증상·복용약과 함께 해석하며 결과만 보고 약을 바꾸지 마세요.","짧은 진료 소개에서 “약 용량을 스스로 바꾸지 말고”, “단정하지 말고 상담”, “무조건 물을 많이 마시지”, “결과만 보고 약을 바꾸지”가 설명의 결말로 반복된다. 약물·수분 안전조건은 필요하지만 정보를 알리는 문장보다 금지와 상담 지시가 앞선다.",치료/검사 목적과 달라지는 조건을 먼저 직접 설명하고 실제 약물·수분 조정 주의는 해당 항목에 구체적으로 둔다.,현재 구현에서 확인; 원 작성 주체는 이 문구만으로 단정하지 않음
F112,P1,요구사항대체,T04195,/services/heart/ambulatory-blood-pressure/,content/pages.json,/107/blocks/1/text,"병원에서 안내받은 방법으로 반지형 장비를 약 24시간 착용합니다. 수면·기상, 약 복용과 증상 발생 시각을 기록해 오세요. 착용·반납 일정과 기기 사용 주의사항은 예약 때 확인합니다.",활동혈압 검사의 “착용과 생활 기록” 항목은 기록할 내용은 제공하지만 착용·기기 사용법은 안내받으라는 지시만 있다. 본원 장비를 명시한 만큼 실제 착용 시 주의 안내가 필요하다.,본원 장비 안내서에서 검증한 착용·물 접촉·충전/재착용 등의 필요한 항목과 반납 절차를 확인해 제공한다. 장비 기능은 임의 추정하지 않는다.,현재 구현에서 확인; 원 작성 주체는 이 문구만으로 단정하지 않음
F113,P1,중복,T04219,/symptoms/cardio/chest-pressure-sweating/,content/pages.json,/108/blocks/3/text,"증상이 계속되거나 달라지면 이전 정상 결과만으로 판단하지 말고 다시 상담하세요. 추가 검사의 목적, 다시 연락할 증상과 다음 방문 시점을 진료 때 확인합니다.",증상백과 20편의 “결과 상담과 다음 진료”가 모두 같은 문장이다. 검사 결과를 이미 받은 사람을 가정해 최초 증상·응급 행동을 찾는 페이지와도 문맥이 맞지 않는다.,20편 전체에서 증상별 다음 행동과 추적 조건을 작성하고 결과 상담 안내가 필요한 페이지에만 둔다.,현재 구현에서 확인; 원 작성 주체는 이 문구만으로 단정하지 않음
F113,P1,중복,T04238,/symptoms/cardio/chest-tightness-causes/,content/pages.json,/109/blocks/3/text,"증상이 계속되거나 달라지면 이전 정상 결과만으로 판단하지 말고 다시 상담하세요. 추가 검사의 목적, 다시 연락할 증상과 다음 방문 시점을 진료 때 확인합니다.",증상백과 20편의 “결과 상담과 다음 진료”가 모두 같은 문장이다. 검사 결과를 이미 받은 사람을 가정해 최초 증상·응급 행동을 찾는 페이지와도 문맥이 맞지 않는다.,20편 전체에서 증상별 다음 행동과 추적 조건을 작성하고 결과 상담 안내가 필요한 페이지에만 둔다.,현재 구현에서 확인; 원 작성 주체는 이 문구만으로 단정하지 않음
F113,P1,중복,T04257,/symptoms/cardio/epigastric-pain-heart/,content/pages.json,/110/blocks/3/text,"증상이 계속되거나 달라지면 이전 정상 결과만으로 판단하지 말고 다시 상담하세요. 추가 검사의 목적, 다시 연락할 증상과 다음 방문 시점을 진료 때 확인합니다.",증상백과 20편의 “결과 상담과 다음 진료”가 모두 같은 문장이다. 검사 결과를 이미 받은 사람을 가정해 최초 증상·응급 행동을 찾는 페이지와도 문맥이 맞지 않는다.,20편 전체에서 증상별 다음 행동과 추적 조건을 작성하고 결과 상담 안내가 필요한 페이지에만 둔다.,현재 구현에서 확인; 원 작성 주체는 이 문구만으로 단정하지 않음
F113,P1,중복,T04275,/symptoms/cardio/exertional-chest-pain/,content/pages.json,/111/blocks/3/text,"증상이 계속되거나 달라지면 이전 정상 결과만으로 판단하지 말고 다시 상담하세요. 추가 검사의 목적, 다시 연락할 증상과 다음 방문 시점을 진료 때 확인합니다.",증상백과 20편의 “결과 상담과 다음 진료”가 모두 같은 문장이다. 검사 결과를 이미 받은 사람을 가정해 최초 증상·응급 행동을 찾는 페이지와도 문맥이 맞지 않는다.,20편 전체에서 증상별 다음 행동과 추적 조건을 작성하고 결과 상담 안내가 필요한 페이지에만 둔다.,현재 구현에서 확인; 원 작성 주체는 이 문구만으로 단정하지 않음
F113,P1,중복,T04294,/symptoms/cardio/recurrent-palpitations-normal-ecg/,content/pages.json,/112/blocks/3/text,"증상이 계속되거나 달라지면 이전 정상 결과만으로 판단하지 말고 다시 상담하세요. 추가 검사의 목적, 다시 연락할 증상과 다음 방문 시점을 진료 때 확인합니다.",증상백과 20편의 “결과 상담과 다음 진료”가 모두 같은 문장이다. 검사 결과를 이미 받은 사람을 가정해 최초 증상·응급 행동을 찾는 페이지와도 문맥이 맞지 않는다.,20편 전체에서 증상별 다음 행동과 추적 조건을 작성하고 결과 상담 안내가 필요한 페이지에만 둔다.,현재 구현에서 확인; 원 작성 주체는 이 문구만으로 단정하지 않음
F113,P1,중복,T04313,/symptoms/cardio/irregular-skipped-heartbeat/,content/pages.json,/113/blocks/3/text,"증상이 계속되거나 달라지면 이전 정상 결과만으로 판단하지 말고 다시 상담하세요. 추가 검사의 목적, 다시 연락할 증상과 다음 방문 시점을 진료 때 확인합니다.",증상백과 20편의 “결과 상담과 다음 진료”가 모두 같은 문장이다. 검사 결과를 이미 받은 사람을 가정해 최초 증상·응급 행동을 찾는 페이지와도 문맥이 맞지 않는다.,20편 전체에서 증상별 다음 행동과 추적 조건을 작성하고 결과 상담 안내가 필요한 페이지에만 둔다.,현재 구현에서 확인; 원 작성 주체는 이 문구만으로 단정하지 않음
F113,P1,중복,T04332,/symptoms/cardio/rapid-heart-rate/,content/pages.json,/114/blocks/3/text,"증상이 계속되거나 달라지면 이전 정상 결과만으로 판단하지 말고 다시 상담하세요. 추가 검사의 목적, 다시 연락할 증상과 다음 방문 시점을 진료 때 확인합니다.",증상백과 20편의 “결과 상담과 다음 진료”가 모두 같은 문장이다. 검사 결과를 이미 받은 사람을 가정해 최초 증상·응급 행동을 찾는 페이지와도 문맥이 맞지 않는다.,20편 전체에서 증상별 다음 행동과 추적 조건을 작성하고 결과 상담 안내가 필요한 페이지에만 둔다.,현재 구현에서 확인; 원 작성 주체는 이 문구만으로 단정하지 않음
F113,P1,중복,T04351,/symptoms/cardio/slow-heart-rate-dizziness/,content/pages.json,/115/blocks/3/text,"증상이 계속되거나 달라지면 이전 정상 결과만으로 판단하지 말고 다시 상담하세요. 추가 검사의 목적, 다시 연락할 증상과 다음 방문 시점을 진료 때 확인합니다.",증상백과 20편의 “결과 상담과 다음 진료”가 모두 같은 문장이다. 검사 결과를 이미 받은 사람을 가정해 최초 증상·응급 행동을 찾는 페이지와도 문맥이 맞지 않는다.,20편 전체에서 증상별 다음 행동과 추적 조건을 작성하고 결과 상담 안내가 필요한 페이지에만 둔다.,현재 구현에서 확인; 원 작성 주체는 이 문구만으로 단정하지 않음
F113,P1,중복,T04370,/symptoms/cardio/presyncope-cardiac-evaluation/,content/pages.json,/116/blocks/3/text,"증상이 계속되거나 달라지면 이전 정상 결과만으로 판단하지 말고 다시 상담하세요. 추가 검사의 목적, 다시 연락할 증상과 다음 방문 시점을 진료 때 확인합니다.",증상백과 20편의 “결과 상담과 다음 진료”가 모두 같은 문장이다. 검사 결과를 이미 받은 사람을 가정해 최초 증상·응급 행동을 찾는 페이지와도 문맥이 맞지 않는다.,20편 전체에서 증상별 다음 행동과 추적 조건을 작성하고 결과 상담 안내가 필요한 페이지에만 둔다.,현재 구현에서 확인; 원 작성 주체는 이 문구만으로 단정하지 않음
F113,P1,중복,T04389,/symptoms/cardio/syncope-emergency/,content/pages.json,/117/blocks/3/text,"증상이 계속되거나 달라지면 이전 정상 결과만으로 판단하지 말고 다시 상담하세요. 추가 검사의 목적, 다시 연락할 증상과 다음 방문 시점을 진료 때 확인합니다.",증상백과 20편의 “결과 상담과 다음 진료”가 모두 같은 문장이다. 검사 결과를 이미 받은 사람을 가정해 최초 증상·응급 행동을 찾는 페이지와도 문맥이 맞지 않는다.,20편 전체에서 증상별 다음 행동과 추적 조건을 작성하고 결과 상담 안내가 필요한 페이지에만 둔다.,현재 구현에서 확인; 원 작성 주체는 이 문구만으로 단정하지 않음
F113,P1,중복,T04407,/symptoms/cardio/exertional-dyspnea/,content/pages.json,/118/blocks/3/text,"증상이 계속되거나 달라지면 이전 정상 결과만으로 판단하지 말고 다시 상담하세요. 추가 검사의 목적, 다시 연락할 증상과 다음 방문 시점을 진료 때 확인합니다.",증상백과 20편의 “결과 상담과 다음 진료”가 모두 같은 문장이다. 검사 결과를 이미 받은 사람을 가정해 최초 증상·응급 행동을 찾는 페이지와도 문맥이 맞지 않는다.,20편 전체에서 증상별 다음 행동과 추적 조건을 작성하고 결과 상담 안내가 필요한 페이지에만 둔다.,현재 구현에서 확인; 원 작성 주체는 이 문구만으로 단정하지 않음
F113,P1,중복,T04426,/symptoms/cardio/orthopnea-leg-edema/,content/pages.json,/119/blocks/3/text,"증상이 계속되거나 달라지면 이전 정상 결과만으로 판단하지 말고 다시 상담하세요. 추가 검사의 목적, 다시 연락할 증상과 다음 방문 시점을 진료 때 확인합니다.",증상백과 20편의 “결과 상담과 다음 진료”가 모두 같은 문장이다. 검사 결과를 이미 받은 사람을 가정해 최초 증상·응급 행동을 찾는 페이지와도 문맥이 맞지 않는다.,20편 전체에서 증상별 다음 행동과 추적 조건을 작성하고 결과 상담 안내가 필요한 페이지에만 둔다.,현재 구현에서 확인; 원 작성 주체는 이 문구만으로 단정하지 않음
F113,P1,중복,T04444,/symptoms/cardio/leg-edema-dyspnea/,content/pages.json,/120/blocks/3/text,"증상이 계속되거나 달라지면 이전 정상 결과만으로 판단하지 말고 다시 상담하세요. 추가 검사의 목적, 다시 연락할 증상과 다음 방문 시점을 진료 때 확인합니다.",증상백과 20편의 “결과 상담과 다음 진료”가 모두 같은 문장이다. 검사 결과를 이미 받은 사람을 가정해 최초 증상·응급 행동을 찾는 페이지와도 문맥이 맞지 않는다.,20편 전체에서 증상별 다음 행동과 추적 조건을 작성하고 결과 상담 안내가 필요한 페이지에만 둔다.,현재 구현에서 확인; 원 작성 주체는 이 문구만으로 단정하지 않음
F113,P1,중복,T04463,/symptoms/cardio/rapid-weight-gain-edema/,content/pages.json,/121/blocks/3/text,"증상이 계속되거나 달라지면 이전 정상 결과만으로 판단하지 말고 다시 상담하세요. 추가 검사의 목적, 다시 연락할 증상과 다음 방문 시점을 진료 때 확인합니다.",증상백과 20편의 “결과 상담과 다음 진료”가 모두 같은 문장이다. 검사 결과를 이미 받은 사람을 가정해 최초 증상·응급 행동을 찾는 페이지와도 문맥이 맞지 않는다.,20편 전체에서 증상별 다음 행동과 추적 조건을 작성하고 결과 상담 안내가 필요한 페이지에만 둔다.,현재 구현에서 확인; 원 작성 주체는 이 문구만으로 단정하지 않음
F113,P1,중복,T04482,/symptoms/cardio/fatigue-exercise-intolerance/,content/pages.json,/122/blocks/3/text,"증상이 계속되거나 달라지면 이전 정상 결과만으로 판단하지 말고 다시 상담하세요. 추가 검사의 목적, 다시 연락할 증상과 다음 방문 시점을 진료 때 확인합니다.",증상백과 20편의 “결과 상담과 다음 진료”가 모두 같은 문장이다. 검사 결과를 이미 받은 사람을 가정해 최초 증상·응급 행동을 찾는 페이지와도 문맥이 맞지 않는다.,20편 전체에서 증상별 다음 행동과 추적 조건을 작성하고 결과 상담 안내가 필요한 페이지에만 둔다.,현재 구현에서 확인; 원 작성 주체는 이 문구만으로 단정하지 않음
F113,P1,중복,T04501,/symptoms/cardio/blood-pressure-180/,content/pages.json,/123/blocks/3/text,"증상이 계속되거나 달라지면 이전 정상 결과만으로 판단하지 말고 다시 상담하세요. 추가 검사의 목적, 다시 연락할 증상과 다음 방문 시점을 진료 때 확인합니다.",증상백과 20편의 “결과 상담과 다음 진료”가 모두 같은 문장이다. 검사 결과를 이미 받은 사람을 가정해 최초 증상·응급 행동을 찾는 페이지와도 문맥이 맞지 않는다.,20편 전체에서 증상별 다음 행동과 추적 조건을 작성하고 결과 상담 안내가 필요한 페이지에만 둔다.,현재 구현에서 확인; 원 작성 주체는 이 문구만으로 단정하지 않음
F113,P1,중복,T04519,/symptoms/cardio/orthostatic-dizziness-low-bp/,content/pages.json,/124/blocks/3/text,"증상이 계속되거나 달라지면 이전 정상 결과만으로 판단하지 말고 다시 상담하세요. 추가 검사의 목적, 다시 연락할 증상과 다음 방문 시점을 진료 때 확인합니다.",증상백과 20편의 “결과 상담과 다음 진료”가 모두 같은 문장이다. 검사 결과를 이미 받은 사람을 가정해 최초 증상·응급 행동을 찾는 페이지와도 문맥이 맞지 않는다.,20편 전체에서 증상별 다음 행동과 추적 조건을 작성하고 결과 상담 안내가 필요한 페이지에만 둔다.,현재 구현에서 확인; 원 작성 주체는 이 문구만으로 단정하지 않음
F113,P1,중복,T04537,/symptoms/cardio/valve-regurgitation-follow-up/,content/pages.json,/125/blocks/3/text,"증상이 계속되거나 달라지면 이전 정상 결과만으로 판단하지 말고 다시 상담하세요. 추가 검사의 목적, 다시 연락할 증상과 다음 방문 시점을 진료 때 확인합니다.",증상백과 20편의 “결과 상담과 다음 진료”가 모두 같은 문장이다. 검사 결과를 이미 받은 사람을 가정해 최초 증상·응급 행동을 찾는 페이지와도 문맥이 맞지 않는다.,20편 전체에서 증상별 다음 행동과 추적 조건을 작성하고 결과 상담 안내가 필요한 페이지에만 둔다.,현재 구현에서 확인; 원 작성 주체는 이 문구만으로 단정하지 않음
F113,P1,중복,T04555,/symptoms/cardio/family-history-heart-disease/,content/pages.json,/126/blocks/3/text,"증상이 계속되거나 달라지면 이전 정상 결과만으로 판단하지 말고 다시 상담하세요. 추가 검사의 목적, 다시 연락할 증상과 다음 방문 시점을 진료 때 확인합니다.",증상백과 20편의 “결과 상담과 다음 진료”가 모두 같은 문장이다. 검사 결과를 이미 받은 사람을 가정해 최초 증상·응급 행동을 찾는 페이지와도 문맥이 맞지 않는다.,20편 전체에서 증상별 다음 행동과 추적 조건을 작성하고 결과 상담 안내가 필요한 페이지에만 둔다.,현재 구현에서 확인; 원 작성 주체는 이 문구만으로 단정하지 않음
F113,P1,중복,T04573,/symptoms/cardio/radiating-chest-pain-119/,content/pages.json,/127/blocks/3/text,"증상이 계속되거나 달라지면 이전 정상 결과만으로 판단하지 말고 다시 상담하세요. 추가 검사의 목적, 다시 연락할 증상과 다음 방문 시점을 진료 때 확인합니다.",증상백과 20편의 “결과 상담과 다음 진료”가 모두 같은 문장이다. 검사 결과를 이미 받은 사람을 가정해 최초 증상·응급 행동을 찾는 페이지와도 문맥이 맞지 않는다.,20편 전체에서 증상별 다음 행동과 추적 조건을 작성하고 결과 상담 안내가 필요한 페이지에만 둔다.,현재 구현에서 확인; 원 작성 주체는 이 문구만으로 단정하지 않음
F114,P1,요구사항대체,T04223,/symptoms/cardio/chest-tightness-causes/,content/pages.json,/109/title,가슴이 답답할 때 심장·폐·위식도 원인을 어떻게 구분하나요?,심장·폐·위식도 원인을 “어떻게 구분하나”라는 제목인데 활동/기침/식후 양상을 나열할 뿐 각각 어떤 원인의 단서인지 설명하지 않고 확정 불가·검사 선택으로 끝난다.,각 양상이 어떤 평가로 이어지는지 독자가 이해할 비교 설명을 제공하고 위험 신호 및 증상만으로 확진할 수 없는 한계를 함께 설명한다.,현재 구현에서 확인; 원 작성 주체는 이 문구만으로 단정하지 않음
F114,P1,요구사항대체,T04225,/symptoms/cardio/chest-tightness-causes/,content/pages.json,/109/description,"가슴 답답함은 심장·폐·위식도 등 여러 원인에서 생깁니다. 식사나 호흡과의 관계는 진료의 단서이지만, 느낌만으로 원인을 확정할 수 없습니다.",심장·폐·위식도 원인을 “어떻게 구분하나”라는 제목인데 활동/기침/식후 양상을 나열할 뿐 각각 어떤 원인의 단서인지 설명하지 않고 확정 불가·검사 선택으로 끝난다.,각 양상이 어떤 평가로 이어지는지 독자가 이해할 비교 설명을 제공하고 위험 신호 및 증상만으로 확진할 수 없는 한계를 함께 설명한다.,현재 구현에서 확인; 원 작성 주체는 이 문구만으로 단정하지 않음
F114,P1,요구사항대체,T04227,/symptoms/cardio/chest-tightness-causes/,content/pages.json,/109/intro,"가슴 답답함은 심장·폐·위식도 등 여러 원인에서 생깁니다. 식사나 호흡과의 관계는 진료의 단서이지만, 느낌만으로 원인을 확정할 수 없습니다.",심장·폐·위식도 원인을 “어떻게 구분하나”라는 제목인데 활동/기침/식후 양상을 나열할 뿐 각각 어떤 원인의 단서인지 설명하지 않고 확정 불가·검사 선택으로 끝난다.,각 양상이 어떤 평가로 이어지는지 독자가 이해할 비교 설명을 제공하고 위험 신호 및 증상만으로 확진할 수 없는 한계를 함께 설명한다.,현재 구현에서 확인; 원 작성 주체는 이 문구만으로 단정하지 않음
F114,P1,요구사항대체,T04229,/symptoms/cardio/chest-tightness-causes/,content/pages.json,/109/blocks/0/text,"활동할 때 심해지는지, 기침·발열이 있는지, 식후나 누울 때 쓰린지 살펴보세요. 한 사람이 여러 원인을 동시에 가질 수도 있어 특정 양상이 심장질환을 완전히 제외하지는 않습니다.",심장·폐·위식도 원인을 “어떻게 구분하나”라는 제목인데 활동/기침/식후 양상을 나열할 뿐 각각 어떤 원인의 단서인지 설명하지 않고 확정 불가·검사 선택으로 끝난다.,각 양상이 어떤 평가로 이어지는지 독자가 이해할 비교 설명을 제공하고 위험 신호 및 증상만으로 확진할 수 없는 한계를 함께 설명한다.,현재 구현에서 확인; 원 작성 주체는 이 문구만으로 단정하지 않음
F114,P1,요구사항대체,T04230,/symptoms/cardio/chest-tightness-causes/,content/pages.json,/109/blocks/1/heading,모든 검사를 한꺼번에 하지는 않습니다,심장·폐·위식도 원인을 “어떻게 구분하나”라는 제목인데 활동/기침/식후 양상을 나열할 뿐 각각 어떤 원인의 단서인지 설명하지 않고 확정 불가·검사 선택으로 끝난다.,각 양상이 어떤 평가로 이어지는지 독자가 이해할 비교 설명을 제공하고 위험 신호 및 증상만으로 확진할 수 없는 한계를 함께 설명한다.,현재 구현에서 확인; 원 작성 주체는 이 문구만으로 단정하지 않음
F114,P1,요구사항대체,T04231,/symptoms/cardio/chest-tightness-causes/,content/pages.json,/109/blocks/1/text,"진찰과 활력징후를 먼저 보고 심전도, 흉부 검사, 혈액검사 또는 소화기 평가를 선택합니다. 기존에 역류질환이 있어도 새로 생긴 심한 답답함은 다시 평가해야 합니다.",심장·폐·위식도 원인을 “어떻게 구분하나”라는 제목인데 활동/기침/식후 양상을 나열할 뿐 각각 어떤 원인의 단서인지 설명하지 않고 확정 불가·검사 선택으로 끝난다.,각 양상이 어떤 평가로 이어지는지 독자가 이해할 비교 설명을 제공하고 위험 신호 및 증상만으로 확진할 수 없는 한계를 함께 설명한다.,현재 구현에서 확인; 원 작성 주체는 이 문구만으로 단정하지 않음
F115,P1,답변회피,T04260,/symptoms/cardio/exertional-chest-pain/,content/pages.json,/111/title,운동할 때 가슴통증이 생기면 협심증 검사부터 해야 하나요?,운동 시 흉통에서 협심증 검사를 먼저 해야 하는지 묻지만 “위험도에 따라 선택/추가검사나 의뢰”라는 과정 설명만 있다.,"우선 진료와 심전도 등 초기 평가, 추가 관상동맥 평가가 필요한 상황, 응급 행동을 단계별로 직접 설명한다.",현재 구현에서 확인; 원 작성 주체는 이 문구만으로 단정하지 않음
F115,P1,답변회피,T04267,/symptoms/cardio/exertional-chest-pain/,content/pages.json,/111/blocks/1/heading,검사는 위험도와 현재 상태에 따라 선택합니다,운동 시 흉통에서 협심증 검사를 먼저 해야 하는지 묻지만 “위험도에 따라 선택/추가검사나 의뢰”라는 과정 설명만 있다.,"우선 진료와 심전도 등 초기 평가, 추가 관상동맥 평가가 필요한 상황, 응급 행동을 단계별로 직접 설명한다.",현재 구현에서 확인; 원 작성 주체는 이 문구만으로 단정하지 않음
F115,P1,답변회피,T04268,/symptoms/cardio/exertional-chest-pain/,content/pages.json,/111/blocks/1/text,진찰과 심전도 등을 바탕으로 추가 검사나 상급병원 의뢰를 정합니다. 안정 시 심장초음파가 정상이라는 사실만으로 관상동맥질환이 모두 제외되지는 않습니다.,운동 시 흉통에서 협심증 검사를 먼저 해야 하는지 묻지만 “위험도에 따라 선택/추가검사나 의뢰”라는 과정 설명만 있다.,"우선 진료와 심전도 등 초기 평가, 추가 관상동맥 평가가 필요한 상황, 응급 행동을 단계별로 직접 설명한다.",현재 구현에서 확인; 원 작성 주체는 이 문구만으로 단정하지 않음
F116,P1,요구사항대체,T04298,/symptoms/cardio/irregular-skipped-heartbeat/,content/pages.json,/113/title,"맥박이 불규칙하고 건너뛰는 느낌, 심방세동이나 조기수축일까요?",심방세동과 조기수축을 묻는 글에서 두 리듬의 의미·차이는 빠지고 느낌만으로 확정 불가와 약을 시작하지 말라는 지시가 중심이다.,두 부정맥의 차이와 기록 검사의 목적을 쉬운 말로 설명하고 확인 전 약 복용 경고는 필요한 범위로 한정한다.,현재 구현에서 확인; 원 작성 주체는 이 문구만으로 단정하지 않음
F116,P1,요구사항대체,T04300,/symptoms/cardio/irregular-skipped-heartbeat/,content/pages.json,/113/description,맥박이 빠지거나 불규칙한 느낌만으로 심방세동과 조기수축을 구분하기는 어렵습니다. 증상 당시의 심전도 기록과 진료를 통해 리듬을 확인합니다.,심방세동과 조기수축을 묻는 글에서 두 리듬의 의미·차이는 빠지고 느낌만으로 확정 불가와 약을 시작하지 말라는 지시가 중심이다.,두 부정맥의 차이와 기록 검사의 목적을 쉬운 말로 설명하고 확인 전 약 복용 경고는 필요한 범위로 한정한다.,현재 구현에서 확인; 원 작성 주체는 이 문구만으로 단정하지 않음
F116,P1,요구사항대체,T04302,/symptoms/cardio/irregular-skipped-heartbeat/,content/pages.json,/113/intro,맥박이 빠지거나 불규칙한 느낌만으로 심방세동과 조기수축을 구분하기는 어렵습니다. 증상 당시의 심전도 기록과 진료를 통해 리듬을 확인합니다.,심방세동과 조기수축을 묻는 글에서 두 리듬의 의미·차이는 빠지고 느낌만으로 확정 불가와 약을 시작하지 말라는 지시가 중심이다.,두 부정맥의 차이와 기록 검사의 목적을 쉬운 말로 설명하고 확인 전 약 복용 경고는 필요한 범위로 한정한다.,현재 구현에서 확인; 원 작성 주체는 이 문구만으로 단정하지 않음
F116,P1,요구사항대체,T04304,/symptoms/cardio/irregular-skipped-heartbeat/,content/pages.json,/113/blocks/0/text,한 번 크게 뛰는 느낌과 지속적인 불규칙함을 구별해 설명하면 도움이 됩니다. 손목 맥박이나 기기 알림은 단서이며 부정맥의 종류를 확정하는 검사는 아닙니다.,심방세동과 조기수축을 묻는 글에서 두 리듬의 의미·차이는 빠지고 느낌만으로 확정 불가와 약을 시작하지 말라는 지시가 중심이다.,두 부정맥의 차이와 기록 검사의 목적을 쉬운 말로 설명하고 확인 전 약 복용 경고는 필요한 범위로 한정한다.,현재 구현에서 확인; 원 작성 주체는 이 문구만으로 단정하지 않음
F116,P1,요구사항대체,T04306,/symptoms/cardio/irregular-skipped-heartbeat/,content/pages.json,/113/blocks/1/text,심전도나 연속 기록으로 증상과 리듬을 비교합니다. 심방세동 여부와 다른 위험요인에 따라 치료 판단이 달라지므로 알림만 보고 항응고제나 맥박 약을 시작하지 마세요.,심방세동과 조기수축을 묻는 글에서 두 리듬의 의미·차이는 빠지고 느낌만으로 확정 불가와 약을 시작하지 말라는 지시가 중심이다.,두 부정맥의 차이와 기록 검사의 목적을 쉬운 말로 설명하고 확인 전 약 복용 경고는 필요한 범위로 한정한다.,현재 구현에서 확인; 원 작성 주체는 이 문구만으로 단정하지 않음
F117,P1,답변회피,T04317,/symptoms/cardio/rapid-heart-rate/,content/pages.json,/114/title,맥박이 빠를 때 단순 긴장인지 위험한 빈맥인지 확인하는 법,제목은 긴장과 위험 빈맥을 확인하는 법인데 두 번째 핵심 문단이 “원인 평가를 정합니다”와 타인 약/목 마사지 금지로 끝난다.,안정 중 지속/발작 양상/동반 증상별 행동을 먼저 설명하고 금지사항은 실제 이유와 함께 보조 정보로 둔다.,현재 구현에서 확인; 원 작성 주체는 이 문구만으로 단정하지 않음
F117,P1,답변회피,T04324,/symptoms/cardio/rapid-heart-rate/,content/pages.json,/114/blocks/1/heading,휴식 중 기록과 약 목록을 준비합니다,제목은 긴장과 위험 빈맥을 확인하는 법인데 두 번째 핵심 문단이 “원인 평가를 정합니다”와 타인 약/목 마사지 금지로 끝난다.,안정 중 지속/발작 양상/동반 증상별 행동을 먼저 설명하고 금지사항은 실제 이유와 함께 보조 정보로 둔다.,현재 구현에서 확인; 원 작성 주체는 이 문구만으로 단정하지 않음
F117,P1,답변회피,T04325,/symptoms/cardio/rapid-heart-rate/,content/pages.json,/114/blocks/1/text,의료진은 심전도와 병력을 보고 원인 평가를 정합니다. 증상을 멈추려고 다른 사람의 약을 먹거나 목 부위를 눌러 마사지하지 마세요.,제목은 긴장과 위험 빈맥을 확인하는 법인데 두 번째 핵심 문단이 “원인 평가를 정합니다”와 타인 약/목 마사지 금지로 끝난다.,안정 중 지속/발작 양상/동반 증상별 행동을 먼저 설명하고 금지사항은 실제 이유와 함께 보조 정보로 둔다.,현재 구현에서 확인; 원 작성 주체는 이 문구만으로 단정하지 않음
F118,P2,방어적표현,T04338,/symptoms/cardio/slow-heart-rate-dizziness/,content/pages.json,/115/description,느린 맥박에 어지럼이나 기운 빠짐이 동반되면 약물 영향과 심장 전도 이상 등을 확인해야 합니다. 평소 운동량이 많다는 이유만으로 증상을 넘기지 마세요.,“평소 운동량이 많다는 이유만으로 증상을 넘기지 마세요”가 독자 행동을 가정한 경고다.,운동으로 인한 평소 느린 맥박과 어지럼·실신을 동반한 새로운 증상을 구분해 설명한다.,현재 구현에서 확인; 원 작성 주체는 이 문구만으로 단정하지 않음
F118,P2,방어적표현,T04340,/symptoms/cardio/slow-heart-rate-dizziness/,content/pages.json,/115/intro,느린 맥박에 어지럼이나 기운 빠짐이 동반되면 약물 영향과 심장 전도 이상 등을 확인해야 합니다. 평소 운동량이 많다는 이유만으로 증상을 넘기지 마세요.,“평소 운동량이 많다는 이유만으로 증상을 넘기지 마세요”가 독자 행동을 가정한 경고다.,운동으로 인한 평소 느린 맥박과 어지럼·실신을 동반한 새로운 증상을 구분해 설명한다.,현재 구현에서 확인; 원 작성 주체는 이 문구만으로 단정하지 않음
F119,P1,요구사항대체,T04392,/symptoms/cardio/exertional-dyspnea/,content/pages.json,/118/title,조금만 걸어도 숨이 찰 때 심장·폐·빈혈을 어떻게 구분하나요?,심장·폐·빈혈을 어떻게 구분하는지 약속하지만 각 원인과 검사 역할을 설명하지 않고 기록/검사 선택/모두 검사하지 않는다는 말로 끝난다.,심장·폐·빈혈 평가에서 확인하는 단서와 검사 목적을 구체적으로 설명하고 긴급 호흡곤란 행동은 유지한다.,현재 구현에서 확인; 원 작성 주체는 이 문구만으로 단정하지 않음
F119,P1,요구사항대체,T04398,/symptoms/cardio/exertional-dyspnea/,content/pages.json,/118/blocks/0/text,"같은 거리에서 쉬는 횟수가 늘었는지, 기침·발열·가슴통증·부종이 함께 있는지 기록하세요. 운동 부족으로 단정하거나 숨찬 상태에서 운동을 밀어붙이지 않습니다.",심장·폐·빈혈을 어떻게 구분하는지 약속하지만 각 원인과 검사 역할을 설명하지 않고 기록/검사 선택/모두 검사하지 않는다는 말로 끝난다.,심장·폐·빈혈 평가에서 확인하는 단서와 검사 목적을 구체적으로 설명하고 긴급 호흡곤란 행동은 유지한다.,현재 구현에서 확인; 원 작성 주체는 이 문구만으로 단정하지 않음
F119,P1,요구사항대체,T04400,/symptoms/cardio/exertional-dyspnea/,content/pages.json,/118/blocks/1/text,"산소포화도와 진찰, 심전도·흉부 검사·혈액검사 등을 상태에 따라 선택합니다. 모든 환자가 심장초음파나 폐기능검사를 한꺼번에 받을 필요는 없습니다.",심장·폐·빈혈을 어떻게 구분하는지 약속하지만 각 원인과 검사 역할을 설명하지 않고 기록/검사 선택/모두 검사하지 않는다는 말로 끝난다.,심장·폐·빈혈 평가에서 확인하는 단서와 검사 목적을 구체적으로 설명하고 긴급 호흡곤란 행동은 유지한다.,현재 구현에서 확인; 원 작성 주체는 이 문구만으로 단정하지 않음
F120,P1,문맥불일치,T04429,/symptoms/cardio/leg-edema-dyspnea/,content/pages.json,/120/title,다리가 붓고 숨이 찰 때 심장·신장·간 문제를 확인하는 순서,제목은 장기 문제를 확인하는 “순서”를 약속하고 본문은 “정해진 장기 순서가 아니다”라는 해명을 한다.,응급 신호→한쪽/양쪽→동반 증상과 필요한 평가라는 실제 진료 판단 흐름에 맞춰 제목과 본문을 정리한다.,현재 구현에서 확인; 원 작성 주체는 이 문구만으로 단정하지 않음
F120,P1,문맥불일치,T04436,/symptoms/cardio/leg-edema-dyspnea/,content/pages.json,/120/blocks/1/heading,검사의 순서는 증상과 진찰에 따릅니다,제목은 장기 문제를 확인하는 “순서”를 약속하고 본문은 “정해진 장기 순서가 아니다”라는 해명을 한다.,응급 신호→한쪽/양쪽→동반 증상과 필요한 평가라는 실제 진료 판단 흐름에 맞춰 제목과 본문을 정리한다.,현재 구현에서 확인; 원 작성 주체는 이 문구만으로 단정하지 않음
F120,P1,문맥불일치,T04437,/symptoms/cardio/leg-edema-dyspnea/,content/pages.json,/120/blocks/1/text,"혈압·산소포화도와 진찰을 바탕으로 혈액·소변검사, 심장초음파 또는 혈관 평가를 선택합니다. 정해진 장기 순서대로 모든 검사를 진행하는 것은 아닙니다.",제목은 장기 문제를 확인하는 “순서”를 약속하고 본문은 “정해진 장기 순서가 아니다”라는 해명을 한다.,응급 신호→한쪽/양쪽→동반 증상과 필요한 평가라는 실제 진료 판단 흐름에 맞춰 제목과 본문을 정리한다.,현재 구현에서 확인; 원 작성 주체는 이 문구만으로 단정하지 않음
F121,P2,정보위계,T04455,/symptoms/cardio/rapid-weight-gain-edema/,content/pages.json,/121/blocks/1/heading,몸무게만 보고 약을 늘리지 않습니다,체액 증가를 이해하려는 글의 두 번째 핵심 항목이 약을 늘리지 말라는 경고로 배치된다. 약 조절 지침은 기존 심부전 치료 환자에게 필요한 별도 상황이다.,체중 증가·부종·소변 변화의 의미를 먼저 설명하고 기존 심부전 환자의 개인 지침을 별도 조건으로 둔다.,현재 구현에서 확인; 원 작성 주체는 이 문구만으로 단정하지 않음
F121,P2,정보위계,T04456,/symptoms/cardio/rapid-weight-gain-edema/,content/pages.json,/121/blocks/1/text,"심장·신장 기능과 약물 등을 함께 평가합니다. 이미 심부전으로 치료 중이라면 담당 의료진이 정한 연락 기준을 따르고, 임의로 이뇨제나 수분 섭취를 바꾸지 않습니다.",체액 증가를 이해하려는 글의 두 번째 핵심 항목이 약을 늘리지 말라는 경고로 배치된다. 약 조절 지침은 기존 심부전 치료 환자에게 필요한 별도 상황이다.,체중 증가·부종·소변 변화의 의미를 먼저 설명하고 기존 심부전 환자의 개인 지침을 별도 조건으로 둔다.,현재 구현에서 확인; 원 작성 주체는 이 문구만으로 단정하지 않음
F122,P1,요구사항대체,T04467,/symptoms/cardio/fatigue-exercise-intolerance/,content/pages.json,/122/title,쉽게 지치고 운동능력이 떨어질 때 심장·빈혈·갑상선을 확인하는 이유,심장·빈혈·갑상선을 확인하는 이유라는 제목인데 해당 질환이 피로/운동능력과 어떻게 연결되는지 설명하지 않는다. 영양제/수액부터 쓰지 말라는 경고가 대신 들어간다.,각 원인과 증상의 관계 및 본원 평가 내용을 간략히 제공하고 불필요한 동기 추정 경고를 정리한다.,현재 구현에서 확인; 원 작성 주체는 이 문구만으로 단정하지 않음
F122,P1,요구사항대체,T04469,/symptoms/cardio/fatigue-exercise-intolerance/,content/pages.json,/122/description,쉽게 지치고 평소 하던 활동이 어려워지면 수면·생활 변화와 빈혈·갑상선·심장 문제 등을 함께 살핍니다. 피로만으로 특정 질환이나 필요한 검사를 정하지 않습니다.,심장·빈혈·갑상선을 확인하는 이유라는 제목인데 해당 질환이 피로/운동능력과 어떻게 연결되는지 설명하지 않는다. 영양제/수액부터 쓰지 말라는 경고가 대신 들어간다.,각 원인과 증상의 관계 및 본원 평가 내용을 간략히 제공하고 불필요한 동기 추정 경고를 정리한다.,현재 구현에서 확인; 원 작성 주체는 이 문구만으로 단정하지 않음
F122,P1,요구사항대체,T04471,/symptoms/cardio/fatigue-exercise-intolerance/,content/pages.json,/122/intro,쉽게 지치고 평소 하던 활동이 어려워지면 수면·생활 변화와 빈혈·갑상선·심장 문제 등을 함께 살핍니다. 피로만으로 특정 질환이나 필요한 검사를 정하지 않습니다.,심장·빈혈·갑상선을 확인하는 이유라는 제목인데 해당 질환이 피로/운동능력과 어떻게 연결되는지 설명하지 않는다. 영양제/수액부터 쓰지 말라는 경고가 대신 들어간다.,각 원인과 증상의 관계 및 본원 평가 내용을 간략히 제공하고 불필요한 동기 추정 경고를 정리한다.,현재 구현에서 확인; 원 작성 주체는 이 문구만으로 단정하지 않음
F122,P1,요구사항대체,T04475,/symptoms/cardio/fatigue-exercise-intolerance/,content/pages.json,/122/blocks/1/text,진찰 뒤 빈혈·갑상선 등 혈액검사나 심장 평가를 선택할 수 있습니다. 무조건 영양제나 수액부터 사용하기보다 지속되는 피로의 원인을 상담하세요.,심장·빈혈·갑상선을 확인하는 이유라는 제목인데 해당 질환이 피로/운동능력과 어떻게 연결되는지 설명하지 않는다. 영양제/수액부터 쓰지 말라는 경고가 대신 들어간다.,각 원인과 증상의 관계 및 본원 평가 내용을 간략히 제공하고 불필요한 동기 추정 경고를 정리한다.,현재 구현에서 확인; 원 작성 주체는 이 문구만으로 단정하지 않음
F123,P1,요구사항대체,T04522,/symptoms/cardio/valve-regurgitation-follow-up/,content/pages.json,/125/title,판막 역류가 발견됐을 때 증상과 심장초음파 추적간격을 정하는 법,추적간격을 정하는 법이라는 제목이 결과를 설명받기/수술·간격을 정할 수 없기/다른 글 보기로 채워진다. 연결된 건강정보와 질환백과에도 주기 설명이 상대 표현 위주라 링크만으로 답이 완성되지 않는다.,3개 관련 판막 페이지의 역할을 구분하고 핵심 답을 각 진입 페이지에서 읽을 수 있도록 정리한다. 의료 확인이 필요한 검사 간격은 근거를 확보한다.,현재 구현에서 확인; 원 작성 주체는 이 문구만으로 단정하지 않음
F123,P1,요구사항대체,T04528,/symptoms/cardio/valve-regurgitation-follow-up/,content/pages.json,/125/blocks/0/text,"판막 이름, 역류의 중증도, 심장 크기와 수축 기능을 의료진에게 설명받으세요. “역류가 있다”는 한 문장만으로 수술 필요성이나 추적 간격을 정할 수 없습니다.",추적간격을 정하는 법이라는 제목이 결과를 설명받기/수술·간격을 정할 수 없기/다른 글 보기로 채워진다. 연결된 건강정보와 질환백과에도 주기 설명이 상대 표현 위주라 링크만으로 답이 완성되지 않는다.,3개 관련 판막 페이지의 역할을 구분하고 핵심 답을 각 진입 페이지에서 읽을 수 있도록 정리한다. 의료 확인이 필요한 검사 간격은 근거를 확보한다.,현재 구현에서 확인; 원 작성 주체는 이 문구만으로 단정하지 않음
F123,P1,요구사항대체,T04530,/symptoms/cardio/valve-regurgitation-follow-up/,content/pages.json,/125/blocks/1/text,이전보다 숨차거나 활동이 줄고 부종·두근거림이 새로 생기면 예약일을 앞당겨야 하는지 문의하세요. 치료 선택에 대한 자세한 설명은 판막 역류와 치료·추적검사 안내에서 이어서 확인할 수 있습니다.,추적간격을 정하는 법이라는 제목이 결과를 설명받기/수술·간격을 정할 수 없기/다른 글 보기로 채워진다. 연결된 건강정보와 질환백과에도 주기 설명이 상대 표현 위주라 링크만으로 답이 완성되지 않는다.,3개 관련 판막 페이지의 역할을 구분하고 핵심 답을 각 진입 페이지에서 읽을 수 있도록 정리한다. 의료 확인이 필요한 검사 간격은 근거를 확보한다.,현재 구현에서 확인; 원 작성 주체는 이 문구만으로 단정하지 않음
F124,P2,방어적표현,T04548,/symptoms/cardio/family-history-heart-disease/,content/pages.json,/126/blocks/1/text,"혈압·콜레스테롤·혈당·흡연 상태를 살피고 관리 계획을 정합니다. 심장초음파나 유전검사는 가족의 진단과 본인 상태에 따라 상의하며, 증상이 없다고 가족력이 없어지는 것은 아닙니다.",“증상이 없다고 가족력이 없어지는 것은 아닙니다”는 환자에게 필요한 위험평가 내용을 상식적 부정문으로 반복한다.,가족 진단별 필요한 본인 위험평가와 검사 조건을 직접 설명한다.,현재 구현에서 확인; 원 작성 주체는 이 문구만으로 단정하지 않음
F125,P2,문맥불일치,T04558,/symptoms/cardio/radiating-chest-pain-119/,content/pages.json,/127/title,가슴통증이 등·턱·팔로 퍼질 때 즉시 119를 고려해야 하는 이유,제목은 119를 “고려”하지만 도입은 구체 위험 조건에서 “즉시 연락”이다. 긴급 행동의 강도가 다르다.,위험 조건과 제목의 행동 강도를 맞춘다.,현재 구현에서 확인; 원 작성 주체는 이 문구만으로 단정하지 않음
F125,P2,문맥불일치,T04560,/symptoms/cardio/radiating-chest-pain-119/,content/pages.json,/127/description,가슴통증이 팔·턱·등으로 퍼지고 지속되거나 식은땀·숨참이 동반되면 즉시 119에 연락하세요. 집에서 통증의 원인을 구분하려다 진료가 늦어지지 않도록 합니다.,제목은 119를 “고려”하지만 도입은 구체 위험 조건에서 “즉시 연락”이다. 긴급 행동의 강도가 다르다.,위험 조건과 제목의 행동 강도를 맞춘다.,현재 구현에서 확인; 원 작성 주체는 이 문구만으로 단정하지 않음
F125,P2,문맥불일치,T04562,/symptoms/cardio/radiating-chest-pain-119/,content/pages.json,/127/intro,가슴통증이 팔·턱·등으로 퍼지고 지속되거나 식은땀·숨참이 동반되면 즉시 119에 연락하세요. 집에서 통증의 원인을 구분하려다 진료가 늦어지지 않도록 합니다.,제목은 119를 “고려”하지만 도입은 구체 위험 조건에서 “즉시 연락”이다. 긴급 행동의 강도가 다르다.,위험 조건과 제목의 행동 강도를 맞춘다.,현재 구현에서 확인; 원 작성 주체는 이 문구만으로 단정하지 않음
F126,P2,중복,T04589,/copyright/,content/pages.json,/128/blocks/3/text,건강정보는 개인의 진단·처방을 대신하지 않습니다. 검사 준비와 약물 복용은 담당 의료진의 안내를 따르세요. 내용의 일부만 떼어 개인에게 맞는 치료법이나 효과가 보장된 것처럼 전달하지 마십시오.,저작권·이용 안내에 공통 건강정보 제한 문구와 개인 치료법처럼 전달하지 말라는 경고가 다시 붙는다. 공유 시 문맥 보존은 앞 항목에도 있다.,사이트 이용에 필요한 출처/문맥 유지 안내로 정리하고 공통 의료 안내를 불필요하게 반복하지 않는다.,현재 구현에서 확인; 원 작성 주체는 이 문구만으로 단정하지 않음
F127,P1,요구사항대체,T04592,notices,content/notices.json,/0/summary,연령·성별·소득 요건과 이전 접종 횟수에 따라 지원 여부와 다음 접종일을 확인합니다.,공지 카드 요약이 연령·대상·일정의 핵심을 직접 보여주기보다 확인/문의할 목록으로 쓰였다. 일부는 바로 아래 본문에 대상과 날짜가 이미 있다. 미확인 본원 참여 여부와 공식 사업 요건은 구분해야 한다.,카드와 첫 문장에 확인된 대상·시작일·준비자료를 직접 요약한다. 본원 지원접종 가능 여부는 두 미확인 사업에서 단정하지 않는다.,현재 구현에서 확인; 원 작성 주체는 이 문구만으로 단정하지 않음
F127,P1,요구사항대체,T04607,notices,content/notices.json,/2/availability,대상별 시작일이 다릅니다. 본인의 지원 대상 여부와 예약·백신 보유 여부를 먼저 문의해 주세요.,공지 카드 요약이 연령·대상·일정의 핵심을 직접 보여주기보다 확인/문의할 목록으로 쓰였다. 일부는 바로 아래 본문에 대상과 날짜가 이미 있다. 미확인 본원 참여 여부와 공식 사업 요건은 구분해야 한다.,카드와 첫 문장에 확인된 대상·시작일·준비자료를 직접 요약한다. 본원 지원접종 가능 여부는 두 미확인 사업에서 단정하지 않는다.,현재 구현에서 확인; 원 작성 주체는 이 문구만으로 단정하지 않음
F127,P1,요구사항대체,T04611,notices,content/notices.json,/3/summary,연령·출생연도·거주지·이전 접종 여부와 지원 유형을 확인하세요.,공지 카드 요약이 연령·대상·일정의 핵심을 직접 보여주기보다 확인/문의할 목록으로 쓰였다. 일부는 바로 아래 본문에 대상과 날짜가 이미 있다. 미확인 본원 참여 여부와 공식 사업 요건은 구분해야 한다.,카드와 첫 문장에 확인된 대상·시작일·준비자료를 직접 요약한다. 본원 지원접종 가능 여부는 두 미확인 사업에서 단정하지 않는다.,현재 구현에서 확인; 원 작성 주체는 이 문구만으로 단정하지 않음
F127,P1,요구사항대체,T04618,notices,content/notices.json,/4/summary,경기도교육청 사업 대상 학생은 학교 안내 서류와 선정 의료기관을 확인하세요.,공지 카드 요약이 연령·대상·일정의 핵심을 직접 보여주기보다 확인/문의할 목록으로 쓰였다. 일부는 바로 아래 본문에 대상과 날짜가 이미 있다. 미확인 본원 참여 여부와 공식 사업 요건은 구분해야 한다.,카드와 첫 문장에 확인된 대상·시작일·준비자료를 직접 요약한다. 본원 지원접종 가능 여부는 두 미확인 사업에서 단정하지 않는다.,현재 구현에서 확인; 원 작성 주체는 이 문구만으로 단정하지 않음
F128,P1,요구사항대체,T04624,notices,content/notices.json,/5/title,9월 17일 감염병 자료와 가족 예방 안내,감염병 자료 기반 가족 예방 가이드 요청에 해당 주차의 어떤 감염병/지표가 주목할 만한지 설명이 없다. 통계의 한계와 일반 위생수칙만 있어 원문 자료를 활용한 핵심 해설이 빠졌다.,해당 주차 공식 자료에서 해석 가능한 핵심 지표와 가족의 예방 행동을 연결한다. 과거 주차를 현재 유행으로 바꾸어 쓰지 않는다.,현재 구현에서 확인; 원 작성 주체는 이 문구만으로 단정하지 않음
F128,P1,요구사항대체,T04625,notices,content/notices.json,/5/summary,2026년 37주차 통계의 기준 시점을 확인하고 생활 속 감염 예방수칙을 살펴보세요.,감염병 자료 기반 가족 예방 가이드 요청에 해당 주차의 어떤 감염병/지표가 주목할 만한지 설명이 없다. 통계의 한계와 일반 위생수칙만 있어 원문 자료를 활용한 핵심 해설이 빠졌다.,해당 주차 공식 자료에서 해석 가능한 핵심 지표와 가족의 예방 행동을 연결한다. 과거 주차를 현재 유행으로 바꾸어 쓰지 않는다.,현재 구현에서 확인; 원 작성 주체는 이 문구만으로 단정하지 않음
F128,P1,요구사항대체,T04626,notices,content/notices.json,/5/paragraphs/0,9월 17일 발간된 주간 건강과 질병의 37주차 주요 감염병 통계는 해당 기간의 자료입니다. 현재 시점의 실시간 유행 현황이나 개인의 감염 여부를 보여주는 자료는 아닙니다.,감염병 자료 기반 가족 예방 가이드 요청에 해당 주차의 어떤 감염병/지표가 주목할 만한지 설명이 없다. 통계의 한계와 일반 위생수칙만 있어 원문 자료를 활용한 핵심 해설이 빠졌다.,해당 주차 공식 자료에서 해석 가능한 핵심 지표와 가족의 예방 행동을 연결한다. 과거 주차를 현재 유행으로 바꾸어 쓰지 않는다.,현재 구현에서 확인; 원 작성 주체는 이 문구만으로 단정하지 않음
F128,P1,요구사항대체,T04627,notices,content/notices.json,/5/paragraphs/1,손 씻기·기침예절·환기를 실천하고 호흡기 증상이 있으면 마스크를 착용하세요. 음식은 충분히 익히고 설사·구토가 있을 때는 다른 사람의 음식을 조리하지 않습니다. 심한 숨참이나 의식 변화는 긴급 진료가 필요합니다.,감염병 자료 기반 가족 예방 가이드 요청에 해당 주차의 어떤 감염병/지표가 주목할 만한지 설명이 없다. 통계의 한계와 일반 위생수칙만 있어 원문 자료를 활용한 핵심 해설이 빠졌다.,해당 주차 공식 자료에서 해석 가능한 핵심 지표와 가족의 예방 행동을 연결한다. 과거 주차를 현재 유행으로 바꾸어 쓰지 않는다.,현재 구현에서 확인; 원 작성 주체는 이 문구만으로 단정하지 않음
F129,P2,중복,T04658,visuals,content/visuals.json,/diagrams/0/caption,"심장검사, 이렇게 상담합니다 · 자세한 준비는 본문과 개별 진료 안내를 확인하세요.",서로 다른 4개 안내도 캡션이 모두 자세한 준비는 본문/개별 진료 안내를 확인하라는 문구로 끝난다. 검사 후 관리 그림에도 준비라는 틀을 적용한다.,그림의 목적을 짧게 나타내고 실제 자세한 안내 위치를 연결한다.,현재 구현에서 확인; 원 작성 주체는 이 문구만으로 단정하지 않음
F129,P2,중복,T04670,visuals,content/visuals.json,/diagrams/1/caption,"내시경 전, 네 가지를 확인하세요 · 자세한 준비는 본문과 개별 진료 안내를 확인하세요.",서로 다른 4개 안내도 캡션이 모두 자세한 준비는 본문/개별 진료 안내를 확인하라는 문구로 끝난다. 검사 후 관리 그림에도 준비라는 틀을 적용한다.,그림의 목적을 짧게 나타내고 실제 자세한 안내 위치를 연결한다.,현재 구현에서 확인; 원 작성 주체는 이 문구만으로 단정하지 않음
F129,P2,중복,T04682,visuals,content/visuals.json,/diagrams/2/caption,조직검사·용종절제 후 확인할 일 · 자세한 준비는 본문과 개별 진료 안내를 확인하세요.,서로 다른 4개 안내도 캡션이 모두 자세한 준비는 본문/개별 진료 안내를 확인하라는 문구로 끝난다. 검사 후 관리 그림에도 준비라는 틀을 적용한다.,그림의 목적을 짧게 나타내고 실제 자세한 안내 위치를 연결한다.,현재 구현에서 확인; 원 작성 주체는 이 문구만으로 단정하지 않음
F129,P2,중복,T04694,visuals,content/visuals.json,/diagrams/3/caption,검진·서류 준비부터 수령까지 · 자세한 준비는 본문과 개별 진료 안내를 확인하세요.,서로 다른 4개 안내도 캡션이 모두 자세한 준비는 본문/개별 진료 안내를 확인하라는 문구로 끝난다. 검사 후 관리 그림에도 준비라는 틀을 적용한다.,그림의 목적을 짧게 나타내고 실제 자세한 안내 위치를 연결한다.,현재 구현에서 확인; 원 작성 주체는 이 문구만으로 단정하지 않음
F130,P1,요구사항대체,T04675,visuals,content/visuals.json,/diagrams/1/steps/2/title,금식과 장정결 안내 따르기,실용형 안내도의 핵심 단계가 개별 안내를 따르기/재개 시각 확인/발급일 문의로 채워져 있다. 해당 본문도 같은 지시를 반복하는 경우 그림을 읽어도 실제 준비와 회복 행동이 완성되지 않는다.,검증된 본원 준비·회복 지침을 확보한 뒤 실제 할 일과 조건을 도식화한다. 항혈전제와 시술별 식사 시점은 임의로 일률화하지 않는다.,현재 구현에서 확인; 원 작성 주체는 이 문구만으로 단정하지 않음
F130,P1,요구사항대체,T04676,visuals,content/visuals.json,/diagrams/1/steps/2/text,물·음식 제한과 처방된 장정결제의 복용 시각은 병원에서 받은 개별 안내를 따릅니다.,실용형 안내도의 핵심 단계가 개별 안내를 따르기/재개 시각 확인/발급일 문의로 채워져 있다. 해당 본문도 같은 지시를 반복하는 경우 그림을 읽어도 실제 준비와 회복 행동이 완성되지 않는다.,검증된 본원 준비·회복 지침을 확보한 뒤 실제 할 일과 조건을 도식화한다. 항혈전제와 시술별 식사 시점은 임의로 일률화하지 않는다.,현재 구현에서 확인; 원 작성 주체는 이 문구만으로 단정하지 않음
F130,P1,요구사항대체,T04679,visuals,content/visuals.json,/diagrams/1/note,장정결제 종류와 검사 시각에 따라 준비가 다릅니다. 안내가 불분명하면 복용 전에 문의하세요.,실용형 안내도의 핵심 단계가 개별 안내를 따르기/재개 시각 확인/발급일 문의로 채워져 있다. 해당 본문도 같은 지시를 반복하는 경우 그림을 읽어도 실제 준비와 회복 행동이 완성되지 않는다.,검증된 본원 준비·회복 지침을 확보한 뒤 실제 할 일과 조건을 도식화한다. 항혈전제와 시술별 식사 시점은 임의로 일률화하지 않는다.,현재 구현에서 확인; 원 작성 주체는 이 문구만으로 단정하지 않음
F130,P1,요구사항대체,T04685,visuals,content/visuals.json,/diagrams/2/steps/1/title,식사·약 재개 시각 확인,실용형 안내도의 핵심 단계가 개별 안내를 따르기/재개 시각 확인/발급일 문의로 채워져 있다. 해당 본문도 같은 지시를 반복하는 경우 그림을 읽어도 실제 준비와 회복 행동이 완성되지 않는다.,검증된 본원 준비·회복 지침을 확보한 뒤 실제 할 일과 조건을 도식화한다. 항혈전제와 시술별 식사 시점은 임의로 일률화하지 않는다.,현재 구현에서 확인; 원 작성 주체는 이 문구만으로 단정하지 않음
F130,P1,요구사항대체,T04686,visuals,content/visuals.json,/diagrams/2/steps/1/text,물·음식과 항혈전제 재개 시점은 시술과 출혈·혈전 위험에 따라 개별적으로 정합니다.,실용형 안내도의 핵심 단계가 개별 안내를 따르기/재개 시각 확인/발급일 문의로 채워져 있다. 해당 본문도 같은 지시를 반복하는 경우 그림을 읽어도 실제 준비와 회복 행동이 완성되지 않는다.,검증된 본원 준비·회복 지침을 확보한 뒤 실제 할 일과 조건을 도식화한다. 항혈전제와 시술별 식사 시점은 임의로 일률화하지 않는다.,현재 구현에서 확인; 원 작성 주체는 이 문구만으로 단정하지 않음
F130,P1,요구사항대체,T04688,visuals,content/visuals.json,/diagrams/2/steps/2/text,진정내시경 당일은 운전·음주를 피합니다. 운동·여행 등은 안내받은 재개 날짜를 따릅니다.,실용형 안내도의 핵심 단계가 개별 안내를 따르기/재개 시각 확인/발급일 문의로 채워져 있다. 해당 본문도 같은 지시를 반복하는 경우 그림을 읽어도 실제 준비와 회복 행동이 완성되지 않는다.,검증된 본원 준비·회복 지침을 확보한 뒤 실제 할 일과 조건을 도식화한다. 항혈전제와 시술별 식사 시점은 임의로 일률화하지 않는다.,현재 구현에서 확인; 원 작성 주체는 이 문구만으로 단정하지 않음
F130,P1,요구사항대체,T04698,visuals,content/visuals.json,/diagrams/3/steps/1/text,"검사 가능 여부, 금식·복용약, 신분증과 필요한 사진·서류를 방문 전에 확인합니다.",실용형 안내도의 핵심 단계가 개별 안내를 따르기/재개 시각 확인/발급일 문의로 채워져 있다. 해당 본문도 같은 지시를 반복하는 경우 그림을 읽어도 실제 준비와 회복 행동이 완성되지 않는다.,검증된 본원 준비·회복 지침을 확보한 뒤 실제 할 일과 조건을 도식화한다. 항혈전제와 시술별 식사 시점은 임의로 일률화하지 않는다.,현재 구현에서 확인; 원 작성 주체는 이 문구만으로 단정하지 않음
F130,P1,요구사항대체,T04702,visuals,content/visuals.json,/diagrams/3/steps/3/text,"발급예정일, 직인·봉인 등 제출 형식과 대리수령 시 구비서류를 확인합니다.",실용형 안내도의 핵심 단계가 개별 안내를 따르기/재개 시각 확인/발급일 문의로 채워져 있다. 해당 본문도 같은 지시를 반복하는 경우 그림을 읽어도 실제 준비와 회복 행동이 완성되지 않는다.,검증된 본원 준비·회복 지침을 확보한 뒤 실제 할 일과 조건을 도식화한다. 항혈전제와 시술별 식사 시점은 임의로 일률화하지 않는다.,현재 구현에서 확인; 원 작성 주체는 이 문구만으로 단정하지 않음
F130,P1,요구사항대체,T04703,visuals,content/visuals.json,/diagrams/3/note,검사 결과에 따라 추가 확인이 필요할 수 있으므로 제출 기한에 여유를 두고 문의하세요.,실용형 안내도의 핵심 단계가 개별 안내를 따르기/재개 시각 확인/발급일 문의로 채워져 있다. 해당 본문도 같은 지시를 반복하는 경우 그림을 읽어도 실제 준비와 회복 행동이 완성되지 않는다.,검증된 본원 준비·회복 지침을 확보한 뒤 실제 할 일과 조건을 도식화한다. 항혈전제와 시술별 식사 시점은 임의로 일률화하지 않는다.,현재 구현에서 확인; 원 작성 주체는 이 문구만으로 단정하지 않음
F131,P2,방어적표현,T04667,visuals,content/visuals.json,/diagrams/0/note,한 번의 정상 결과만으로 새로 생긴 심한 증상을 무시하지 마세요.,“새로 생긴 심한 증상을 무시하지 마세요”는 환자가 무시한다고 가정한다. 필요한 긴급 행동은 같은 그림 첫 단계에도 있다.,새로 생긴 위험 증상은 이전 정상 결과와 관계없이 즉시 평가받는다는 직접 행동으로 정리한다.,현재 구현에서 확인; 원 작성 주체는 이 문구만으로 단정하지 않음
F132,P2,정보확인필요,T04726,clinic,content/clinic.json,/parkingNote,건물 지하주차장을 이용할 수 있습니다. 주차 지원 조건은 접수 시 확인해 주세요.,지하주차장 위치는 알려주지만 지원 조건은 다시 접수에서 확인하도록 한다. 무료시간/등록방법은 현재 자료만으로 확정할 수 없다.,실제 주차 지원 시간과 등록 절차를 병원에서 확인한 뒤 방문 안내에 제공한다.,현재 구현에서 확인; 원 작성 주체는 이 문구만으로 단정하지 않음
F133,P2,문맥불일치,T04768,case-links,content/case-links.json,/2/title,갑상선암 증례 진단 사례,"사례 제목에 “증례 진단 사례”, “사례 진단 사례”, “진단사례. 진단 사례”, 마침표 뒤 진단 사례 등 일괄 접미어 흔적이 남는다.",원문으로 연결하는 기능과 출처를 유지하면서 중복 단어·문장부호를 정리한다.,현재 구현에서 확인; 원 작성 주체는 이 문구만으로 단정하지 않음
F133,P2,문맥불일치,T04771,case-links,content/case-links.json,/3/title,수신증 사례 진단 사례,"사례 제목에 “증례 진단 사례”, “사례 진단 사례”, “진단사례. 진단 사례”, 마침표 뒤 진단 사례 등 일괄 접미어 흔적이 남는다.",원문으로 연결하는 기능과 출처를 유지하면서 중복 단어·문장부호를 정리한다.,현재 구현에서 확인; 원 작성 주체는 이 문구만으로 단정하지 않음
F133,P2,문맥불일치,T04777,case-links,content/case-links.json,/5/title,발열 복통으로 내원한 복막염 환자. 진단 사례,"사례 제목에 “증례 진단 사례”, “사례 진단 사례”, “진단사례. 진단 사례”, 마침표 뒤 진단 사례 등 일괄 접미어 흔적이 남는다.",원문으로 연결하는 기능과 출처를 유지하면서 중복 단어·문장부호를 정리한다.,현재 구현에서 확인; 원 작성 주체는 이 문구만으로 단정하지 않음
F133,P2,문맥불일치,T04780,case-links,content/case-links.json,/6/title,복강내 종괴 증례 진단 사례,"사례 제목에 “증례 진단 사례”, “사례 진단 사례”, “진단사례. 진단 사례”, 마침표 뒤 진단 사례 등 일괄 접미어 흔적이 남는다.",원문으로 연결하는 기능과 출처를 유지하면서 중복 단어·문장부호를 정리한다.,현재 구현에서 확인; 원 작성 주체는 이 문구만으로 단정하지 않음
F133,P2,문맥불일치,T04783,case-links,content/case-links.json,/7/title,대장 베체트 증례 진단 사례,"사례 제목에 “증례 진단 사례”, “사례 진단 사례”, “진단사례. 진단 사례”, 마침표 뒤 진단 사례 등 일괄 접미어 흔적이 남는다.",원문으로 연결하는 기능과 출처를 유지하면서 중복 단어·문장부호를 정리한다.,현재 구현에서 확인; 원 작성 주체는 이 문구만으로 단정하지 않음
F133,P2,문맥불일치,T04786,case-links,content/case-links.json,/8/title,폐렴 증례 진단 사례,"사례 제목에 “증례 진단 사례”, “사례 진단 사례”, “진단사례. 진단 사례”, 마침표 뒤 진단 사례 등 일괄 접미어 흔적이 남는다.",원문으로 연결하는 기능과 출처를 유지하면서 중복 단어·문장부호를 정리한다.,현재 구현에서 확인; 원 작성 주체는 이 문구만으로 단정하지 않음
F133,P2,문맥불일치,T04789,case-links,content/case-links.json,/9/title,비후성 심근병증 증례 진단 사례,"사례 제목에 “증례 진단 사례”, “사례 진단 사례”, “진단사례. 진단 사례”, 마침표 뒤 진단 사례 등 일괄 접미어 흔적이 남는다.",원문으로 연결하는 기능과 출처를 유지하면서 중복 단어·문장부호를 정리한다.,현재 구현에서 확인; 원 작성 주체는 이 문구만으로 단정하지 않음
F133,P2,문맥불일치,T04807,case-links,content/case-links.json,/15/title,대동맥 판막협착 및 대동맥판막 역류. 진단 사례,"사례 제목에 “증례 진단 사례”, “사례 진단 사례”, “진단사례. 진단 사례”, 마침표 뒤 진단 사례 등 일괄 접미어 흔적이 남는다.",원문으로 연결하는 기능과 출처를 유지하면서 중복 단어·문장부호를 정리한다.,현재 구현에서 확인; 원 작성 주체는 이 문구만으로 단정하지 않음
F133,P2,문맥불일치,T04813,case-links,content/case-links.json,/17/title,목에 혹이 만져져요. 림프종 진단사례. 진단 사례,"사례 제목에 “증례 진단 사례”, “사례 진단 사례”, “진단사례. 진단 사례”, 마침표 뒤 진단 사례 등 일괄 접미어 흔적이 남는다.",원문으로 연결하는 기능과 출처를 유지하면서 중복 단어·문장부호를 정리한다.,현재 구현에서 확인; 원 작성 주체는 이 문구만으로 단정하지 않음
F133,P2,문맥불일치,T04816,case-links,content/case-links.json,/18/title,재발하는 뇌경색으로 내원하여 진단된 심방세동. 진단 사례,"사례 제목에 “증례 진단 사례”, “사례 진단 사례”, “진단사례. 진단 사례”, 마침표 뒤 진단 사례 등 일괄 접미어 흔적이 남는다.",원문으로 연결하는 기능과 출처를 유지하면서 중복 단어·문장부호를 정리한다.,현재 구현에서 확인; 원 작성 주체는 이 문구만으로 단정하지 않음
F133,P2,문맥불일치,T04831,case-links,content/case-links.json,/23/title,대장용종 절제 사례 진단 사례,"사례 제목에 “증례 진단 사례”, “사례 진단 사례”, “진단사례. 진단 사례”, 마침표 뒤 진단 사례 등 일괄 접미어 흔적이 남는다.",원문으로 연결하는 기능과 출처를 유지하면서 중복 단어·문장부호를 정리한다.,현재 구현에서 확인; 원 작성 주체는 이 문구만으로 단정하지 않음
F133,P2,문맥불일치,T04834,case-links,content/case-links.json,/24/title,심근경색 진단과정 진단 사례,"사례 제목에 “증례 진단 사례”, “사례 진단 사례”, “진단사례. 진단 사례”, 마침표 뒤 진단 사례 등 일괄 접미어 흔적이 남는다.",원문으로 연결하는 기능과 출처를 유지하면서 중복 단어·문장부호를 정리한다.,현재 구현에서 확인; 원 작성 주체는 이 문구만으로 단정하지 않음
F134,P1,중복,I00002,image-overlay,web/scripts/render-patient-diagrams.mjs,image-overlay,개인별 검사·치료와 준비는 의료진의 안내를 확인해 주세요.,의학정보 글 하단에 원장 요청의 공통 안전 안내가 있는데 전역 푸터에서도 개인별 진료/검사 준비는 의료진 안내를 확인하라고 반복한다. 원문 적용규칙은 전역 푸터와 중복되지 않게 한 번 출력하도록 했다.,원장 요청의 안전 안내는 보존하고 전역 푸터·본문·그림의 중복 제한 문구를 정리한다. 구성요소별 한 번씩 출력된다는 기술 검사와 독자가 같은 내용을 반복 읽는 문제를 구분한다.,현재 구현에서 확인; 원 작성 주체는 이 문구만으로 단정하지 않음
F134,P1,중복,UI0169,interface,web/src/components/chrome.tsx,line:104,영통탑내과의 진료·검사와 방문을 안내합니다. 개인별 진단·치료와 검사 준비는 의료진의 안내를 확인해 주세요.,의학정보 글 하단에 원장 요청의 공통 안전 안내가 있는데 전역 푸터에서도 개인별 진료/검사 준비는 의료진 안내를 확인하라고 반복한다. 원문 적용규칙은 전역 푸터와 중복되지 않게 한 번 출력하도록 했다.,원장 요청의 안전 안내는 보존하고 전역 푸터·본문·그림의 중복 제한 문구를 정리한다. 구성요소별 한 번씩 출력된다는 기술 검사와 독자가 같은 내용을 반복 읽는 문제를 구분한다.,현재 구현에서 확인; 원 작성 주체는 이 문구만으로 단정하지 않음
F134,P1,중복,UI0831,interface,web/src/lib/article-guidance.mjs,line:32,"이 글은 일반적인 건강정보를 제공하기 위한 것으로 개인의 진단이나 처방을 대신하지 않습니다. 증상과 검사 필요성은 환자마다 다릅니다. 지속되는 흉통, 심한 호흡곤란, 의식 변화, 실신, 많은 출혈, 갑자기 시작된 극심한 복통 등 응급증상이 있으면 외래 예약을 기다리지 말고 119 또는 응급실 진료를 우선하십시오.",의학정보 글 하단에 원장 요청의 공통 안전 안내가 있는데 전역 푸터에서도 개인별 진료/검사 준비는 의료진 안내를 확인하라고 반복한다. 원문 적용규칙은 전역 푸터와 중복되지 않게 한 번 출력하도록 했다.,원장 요청의 안전 안내는 보존하고 전역 푸터·본문·그림의 중복 제한 문구를 정리한다. 구성요소별 한 번씩 출력된다는 기술 검사와 독자가 같은 내용을 반복 읽는 문제를 구분한다.,"제공 공통 하단 안내문에 명시된 문구 — 유지 대상, 중복 위치만 조정"
F135,P2,방어적표현,UI0447,interface,web/src/components/content.tsx,line:634,위 도식은 위치 안내용이며 실제 거리·방향을 표현한 지도는 아닙니다.,길찾기 도식을 보여주면서 실제 거리·방향을 나타낸 지도가 아니라는 설명을 별도로 붙인다. 목적에 맞지 않는 그림을 경고로 보완하는 형태다.,역 출구·건물·층수와 실제 지도 링크를 중심으로 필요한 길찾기 정보를 제공한다.,현재 구현에서 확인; 원 작성 주체는 이 문구만으로 단정하지 않음
F136,P2,답변회피,UI0450,interface,web/src/components/content.tsx,line:641,다른 검사와 함께 진행할 때는 준비 사항을 함께 문의해 주세요. 최종 접수 시간과 당일 검사 가능 여부는 검사 종류와 진료 상황에 따라 병원에 확인해 주세요.,방문 안내 끝에 준비·최종 접수·당일 가능 여부를 모두 병원에 확인하라고 반복한다. 확인된 시간/예약 원칙과 미확인 운영사항이 분리되지 않는다.,확인된 접수/예약 원칙을 먼저 제공하고 변동되는 검사별 마감만 구체적으로 문의 안내한다.,현재 구현에서 확인; 원 작성 주체는 이 문구만으로 단정하지 않음
F137,P2,요구사항대체,UI0458,interface,web/src/components/content.tsx,line:659,진료를 이해하는 설명,병원 소개의 세 가치 문단이 검사·진료·방문 정보를 안내/확인할 수 있다는 홈페이지 기능 설명이다. 이 병원의 진료 특징이나 환자가 얻는 도움을 구체적으로 설명하지 않는다.,검증된 의료진 전문분야·본원 가능 진료·검사 및 진료 연계 방식을 실제 정보로 풀어낸다.,현재 구현에서 확인; 원 작성 주체는 이 문구만으로 단정하지 않음
F137,P2,요구사항대체,UI0459,interface,web/src/components/content.tsx,line:660,"검사의 목적과 준비, 결과를 살펴볼 때 필요한 정보를 함께 안내합니다.",병원 소개의 세 가치 문단이 검사·진료·방문 정보를 안내/확인할 수 있다는 홈페이지 기능 설명이다. 이 병원의 진료 특징이나 환자가 얻는 도움을 구체적으로 설명하지 않는다.,검증된 의료진 전문분야·본원 가능 진료·검사 및 진료 연계 방식을 실제 정보로 풀어낸다.,현재 구현에서 확인; 원 작성 주체는 이 문구만으로 단정하지 않음
F137,P2,요구사항대체,UI0460,interface,web/src/components/content.tsx,line:663,일상 가까이의 건강관리,병원 소개의 세 가치 문단이 검사·진료·방문 정보를 안내/확인할 수 있다는 홈페이지 기능 설명이다. 이 병원의 진료 특징이나 환자가 얻는 도움을 구체적으로 설명하지 않는다.,검증된 의료진 전문분야·본원 가능 진료·검사 및 진료 연계 방식을 실제 정보로 풀어낸다.,현재 구현에서 확인; 원 작성 주체는 이 문구만으로 단정하지 않음
F137,P2,요구사항대체,UI0461,interface,web/src/components/content.tsx,line:664,내과 진료와 건강검진부터 심장·초음파·내시경 검사까지 확인할 수 있습니다.,병원 소개의 세 가치 문단이 검사·진료·방문 정보를 안내/확인할 수 있다는 홈페이지 기능 설명이다. 이 병원의 진료 특징이나 환자가 얻는 도움을 구체적으로 설명하지 않는다.,검증된 의료진 전문분야·본원 가능 진료·검사 및 진료 연계 방식을 실제 정보로 풀어낸다.,현재 구현에서 확인; 원 작성 주체는 이 문구만으로 단정하지 않음
F137,P2,요구사항대체,UI0462,interface,web/src/components/content.tsx,line:667,방문 전부터 편안하게,병원 소개의 세 가치 문단이 검사·진료·방문 정보를 안내/확인할 수 있다는 홈페이지 기능 설명이다. 이 병원의 진료 특징이나 환자가 얻는 도움을 구체적으로 설명하지 않는다.,검증된 의료진 전문분야·본원 가능 진료·검사 및 진료 연계 방식을 실제 정보로 풀어낸다.,현재 구현에서 확인; 원 작성 주체는 이 문구만으로 단정하지 않음
F137,P2,요구사항대체,UI0463,interface,web/src/components/content.tsx,line:668,"진료시간과 위치, 검사 예약·서류 준비를 미리 살펴보세요.",병원 소개의 세 가치 문단이 검사·진료·방문 정보를 안내/확인할 수 있다는 홈페이지 기능 설명이다. 이 병원의 진료 특징이나 환자가 얻는 도움을 구체적으로 설명하지 않는다.,검증된 의료진 전문분야·본원 가능 진료·검사 및 진료 연계 방식을 실제 정보로 풀어낸다.,현재 구현에서 확인; 원 작성 주체는 이 문구만으로 단정하지 않음
F138,P1,요구사항대체,UI0548,interface,web/src/components/content.tsx,line:891,전화 문의 시 함께 확인할 항목,비용·서류 페이지가 실제 요금/발급 안내 대신 전화할 때 물어볼 항목을 렌더러에서 추가한다. 본문 부족을 문의 체크리스트로 메우는 구조다.,본원의 확인된 비용표와 서류별 기본 준비·발급기간을 제공하고 추가 비용이 생기는 조건을 설명한다.,현재 구현에서 확인; 원 작성 주체는 이 문구만으로 단정하지 않음
F138,P1,요구사항대체,UI0550,interface,web/src/components/content.tsx,line:893,검사 종류와 건강보험·검진 적용 여부,비용·서류 페이지가 실제 요금/발급 안내 대신 전화할 때 물어볼 항목을 렌더러에서 추가한다. 본문 부족을 문의 체크리스트로 메우는 구조다.,본원의 확인된 비용표와 서류별 기본 준비·발급기간을 제공하고 추가 비용이 생기는 조건을 설명한다.,현재 구현에서 확인; 원 작성 주체는 이 문구만으로 단정하지 않음
F138,P1,요구사항대체,UI0551,interface,web/src/components/content.tsx,line:894,진정·조직검사·추가 처치의 포함 여부,비용·서류 페이지가 실제 요금/발급 안내 대신 전화할 때 물어볼 항목을 렌더러에서 추가한다. 본문 부족을 문의 체크리스트로 메우는 구조다.,본원의 확인된 비용표와 서류별 기본 준비·발급기간을 제공하고 추가 비용이 생기는 조건을 설명한다.,현재 구현에서 확인; 원 작성 주체는 이 문구만으로 단정하지 않음
F138,P1,요구사항대체,UI0552,interface,web/src/components/content.tsx,line:895,"진단서·영문서류의 종류, 발급 소요 시간과 비용",비용·서류 페이지가 실제 요금/발급 안내 대신 전화할 때 물어볼 항목을 렌더러에서 추가한다. 본문 부족을 문의 체크리스트로 메우는 구조다.,본원의 확인된 비용표와 서류별 기본 준비·발급기간을 제공하고 추가 비용이 생기는 조건을 설명한다.,현재 구현에서 확인; 원 작성 주체는 이 문구만으로 단정하지 않음
F138,P1,요구사항대체,UI0553,interface,web/src/components/content.tsx,line:896,제출 기관의 지정 양식과 필요한 신분 확인 서류,비용·서류 페이지가 실제 요금/발급 안내 대신 전화할 때 물어볼 항목을 렌더러에서 추가한다. 본문 부족을 문의 체크리스트로 메우는 구조다.,본원의 확인된 비용표와 서류별 기본 준비·발급기간을 제공하고 추가 비용이 생기는 조건을 설명한다.,현재 구현에서 확인; 원 작성 주체는 이 문구만으로 단정하지 않음
F138,P1,요구사항대체,UI0555,interface,web/src/components/content.tsx,line:899,비용·서류 전화 문의,비용·서류 페이지가 실제 요금/발급 안내 대신 전화할 때 물어볼 항목을 렌더러에서 추가한다. 본문 부족을 문의 체크리스트로 메우는 구조다.,본원의 확인된 비용표와 서류별 기본 준비·발급기간을 제공하고 추가 비용이 생기는 조건을 설명한다.,현재 구현에서 확인; 원 작성 주체는 이 문구만으로 단정하지 않음
F139,P2,중복,UI0624,interface,web/src/components/notices.tsx,line:89,지원 대상·일정은 공식 자료의 확인일을 기준으로 안내합니다. 방문 전 대상 요건과 백신 보유 여부를 확인해 주세요.,공지 전체 머리말에서 대상/백신 확인을 요구하고 각 공지의 요약·가용성 문단에서 동일한 요구가 반복된다.,공통 운영 안내는 한곳에 모으고 카드에는 사업별 핵심 조건과 본원 참여 확인 상태를 구분한다.,현재 구현에서 확인; 원 작성 주체는 이 문구만으로 단정하지 않음
