page_id,source_file,source_url,width,height,ocr_file,status
home,research/2026-09-11-yttop/evidence/assets/3940fdda35ddaccb.jpg,https://cdn.imweb.me/upload/S202304199e04167fc8c5a/7767393bab5dd.jpg,1080,1080,research/2026-09-11-yttop/evidence/ocr/3940fdda35ddaccb.jpg.txt,candidate_not_visually_approved
home,research/2026-09-11-yttop/evidence/assets/f728d93fe9a7ac8b.jpg,https://cdn.imweb.me/upload/S202304199e04167fc8c5a/d2f35d7923d30.jpg,2160,1483,research/2026-09-11-yttop/evidence/ocr/f728d93fe9a7ac8b.jpg.txt,candidate_not_visually_approved
home,research/2026-09-11-yttop/evidence/assets/4b07624a614ff2dd.jpg,https://cdn.imweb.me/upload/S202304199e04167fc8c5a/084170a0e76ee.jpg,900,900,research/2026-09-11-yttop/evidence/ocr/4b07624a614ff2dd.jpg.txt,candidate_not_visually_approved
home,research/2026-09-11-yttop/evidence/assets/c4b7bcad82bb2f51.jpg,https://cdn.imweb.me/upload/S202304199e04167fc8c5a/0cb519f9a9f55.jpg,900,900,research/2026-09-11-yttop/evidence/ocr/c4b7bcad82bb2f51.jpg.txt,candidate_not_visually_approved
home,research/2026-09-11-yttop/evidence/assets/62d1087812fbaa66.jpg,https://cdn.imweb.me/upload/S202304199e04167fc8c5a/9eb227a31e8b3.jpg,2480,3508,research/2026-09-11-yttop/evidence/ocr/62d1087812fbaa66.jpg.txt,candidate_not_visually_approved
home,research/2026-09-11-yttop/evidence/assets/27f5b8915dcaa2af.png,https://cdn.imweb.me/thumbnail/20250725/6039576a713dd.png,691,751,research/2026-09-11-yttop/evidence/ocr/27f5b8915dcaa2af.png.txt,candidate_not_visually_approved
home,research/2026-09-11-yttop/evidence/assets/589fa5799cadb78b.png,https://cdn.imweb.me/thumbnail/20250613/f8a69eaabfe64.png,661,615,research/2026-09-11-yttop/evidence/ocr/589fa5799cadb78b.png.txt,candidate_not_visually_approved
home,research/2026-09-11-yttop/evidence/assets/509c6b62ad28af6b.png,https://cdn.imweb.me/thumbnail/20250613/c1a5c016695c9.png,705,615,research/2026-09-11-yttop/evidence/ocr/509c6b62ad28af6b.png.txt,candidate_not_visually_approved
home,research/2026-09-11-yttop/evidence/assets/310ed366295fd8eb.png,https://cdn.imweb.me/thumbnail/20250527/25bb1916b586e.png,850,1928,research/2026-09-11-yttop/evidence/ocr/310ed366295fd8eb.png.txt,candidate_not_visually_approved
home,research/2026-09-11-yttop/evidence/assets/3b0bff1b66578a7e.png,https://cdn.imweb.me/thumbnail/20250527/7ed22e8d95a97.png,558,115,research/2026-09-11-yttop/evidence/ocr/3b0bff1b66578a7e.png.txt,candidate_not_visually_approved
home,research/2026-09-11-yttop/evidence/assets/39c6d5a34c228c5a.png,https://cdn.imweb.me/thumbnail/20250527/b543c5a6f1a44.png,1384,391,research/2026-09-11-yttop/evidence/ocr/39c6d5a34c228c5a.png.txt,candidate_not_visually_approved
home,research/2026-09-11-yttop/evidence/assets/0ad5ff798fe9be3f.png,https://cdn.imweb.me/thumbnail/20250527/9c4bb6a8b8300.png,558,115,research/2026-09-11-yttop/evidence/ocr/0ad5ff798fe9be3f.png.txt,candidate_not_visually_approved
home,research/2026-09-11-yttop/evidence/assets/988305921ed3aadb.png,https://cdn.imweb.me/thumbnail/20250527/c50af20f75b98.png,1920,500,research/2026-09-11-yttop/evidence/ocr/988305921ed3aadb.png.txt,candidate_not_visually_approved
home,research/2026-09-11-yttop/evidence/assets/e81e2ee6b0f06e71.png,https://cdn.imweb.me/thumbnail/20250527/ccd37c1d8232f.png,1920,500,research/2026-09-11-yttop/evidence/ocr/e81e2ee6b0f06e71.png.txt,candidate_not_visually_approved
home,research/2026-09-11-yttop/evidence/assets/f224759e97061e1c.png,https://cdn.imweb.me/thumbnail/20250527/d6f24962d5c64.png,600,366,research/2026-09-11-yttop/evidence/ocr/f224759e97061e1c.png.txt,candidate_not_visually_approved
home,research/2026-09-11-yttop/evidence/assets/45f2ac40c8204c90.png,https://cdn.imweb.me/thumbnail/20250527/534a6482043e3.png,600,366,research/2026-09-11-yttop/evidence/ocr/45f2ac40c8204c90.png.txt,candidate_not_visually_approved
home,research/2026-09-11-yttop/evidence/assets/27a64c774e590f55.jpg,https://cdn.imweb.me/thumbnail/20250926/96089e7258f57.jpg,800,550,research/2026-09-11-yttop/evidence/ocr/27a64c774e590f55.jpg.txt,candidate_not_visually_approved
home,research/2026-09-11-yttop/evidence/assets/5b77d7aba0ad30de.jpg,https://cdn.imweb.me/thumbnail/20260623/25719453f2a5f.jpg,800,550,research/2026-09-11-yttop/evidence/ocr/5b77d7aba0ad30de.jpg.txt,candidate_not_visually_approved
home,research/2026-09-11-yttop/evidence/assets/2d2fd518e1de33ef.jpg,https://cdn.imweb.me/thumbnail/20250926/3f5fe415970bc.jpg,800,830,research/2026-09-11-yttop/evidence/ocr/2d2fd518e1de33ef.jpg.txt,candidate_not_visually_approved
home,research/2026-09-11-yttop/evidence/assets/4685799c0b97d94f.png,https://cdn.imweb.me/upload/S202304199e04167fc8c5a/cdea3929d9ade.png,100,30,research/2026-09-11-yttop/evidence/ocr/4685799c0b97d94f.png.txt,candidate_not_visually_approved
home,research/2026-09-11-yttop/evidence/assets/42d82d647291539a.jpg,https://cdn.imweb.me/thumbnail/20260623/c679680d9181c.jpg,800,830,research/2026-09-11-yttop/evidence/ocr/42d82d647291539a.jpg.txt,candidate_not_visually_approved
home,research/2026-09-11-yttop/evidence/assets/de8031c34528d485.png,https://cdn.imweb.me/thumbnail/20250613/bdbefde33e1e8.png,761,521,research/2026-09-11-yttop/evidence/ocr/de8031c34528d485.png.txt,candidate_not_visually_approved
home,research/2026-09-11-yttop/evidence/assets/532e2a67541cd9b9.png,https://cdn.imweb.me/thumbnail/20250613/24ac1a41f9199.png,768,499,research/2026-09-11-yttop/evidence/ocr/532e2a67541cd9b9.png.txt,candidate_not_visually_approved
home,research/2026-09-11-yttop/evidence/assets/fa93bd6250a67ae1.png,https://cdn.imweb.me/thumbnail/20250613/dc5f27bfcd872.png,694,627,research/2026-09-11-yttop/evidence/ocr/fa93bd6250a67ae1.png.txt,candidate_not_visually_approved
home,research/2026-09-11-yttop/evidence/assets/8f6e26910aa32713.png,https://cdn.imweb.me/thumbnail/20250613/35a3463a43694.png,559,615,research/2026-09-11-yttop/evidence/ocr/8f6e26910aa32713.png.txt,candidate_not_visually_approved
home,research/2026-09-11-yttop/evidence/assets/af0a4ebc8037466a.png,https://cdn.imweb.me/thumbnail/20250612/af734d5342314.png,761,611,research/2026-09-11-yttop/evidence/ocr/af0a4ebc8037466a.png.txt,candidate_not_visually_approved
home,research/2026-09-11-yttop/evidence/assets/81d4ff8cdeca1cca.png,https://cdn.imweb.me/thumbnail/20250612/2082f65ed7cc4.png,761,532,research/2026-09-11-yttop/evidence/ocr/81d4ff8cdeca1cca.png.txt,candidate_not_visually_approved
home,research/2026-09-11-yttop/evidence/assets/94e58259d43d1986.png,https://cdn.imweb.me/thumbnail/20250611/38aa4c2ef3609.png,565,615,research/2026-09-11-yttop/evidence/ocr/94e58259d43d1986.png.txt,candidate_not_visually_approved
home,research/2026-09-11-yttop/evidence/assets/3f55c0d525c15988.png,https://cdn.imweb.me/thumbnail/20250611/69f037b79dc97.png,1000,397,research/2026-09-11-yttop/evidence/ocr/3f55c0d525c15988.png.txt,candidate_not_visually_approved
home,research/2026-09-11-yttop/evidence/assets/37591871243a2027.png,https://cdn.imweb.me/thumbnail/20250611/0f0e181a30930.png,761,544,research/2026-09-11-yttop/evidence/ocr/37591871243a2027.png.txt,candidate_not_visually_approved
home,research/2026-09-11-yttop/evidence/assets/81338dfdb7e91289.png,https://cdn.imweb.me/thumbnail/20250610/b6ddcfb25387a.png,705,615,research/2026-09-11-yttop/evidence/ocr/81338dfdb7e91289.png.txt,candidate_not_visually_approved
home,research/2026-09-11-yttop/evidence/assets/ad1d8c2b18855695.png,https://cdn.imweb.me/thumbnail/20250610/2d10b393e93a2.png,605,615,research/2026-09-11-yttop/evidence/ocr/ad1d8c2b18855695.png.txt,candidate_not_visually_approved
home,research/2026-09-11-yttop/evidence/assets/e45130ba62eae8f8.png,https://cdn.imweb.me/thumbnail/20250610/1f38eb939d517.png,761,499,research/2026-09-11-yttop/evidence/ocr/e45130ba62eae8f8.png.txt,candidate_not_visually_approved
home,research/2026-09-11-yttop/evidence/assets/ce53f41e188a68dd.png,https://cdn.imweb.me/thumbnail/20250609/19f6798ab63de.png,677,615,research/2026-09-11-yttop/evidence/ocr/ce53f41e188a68dd.png.txt,candidate_not_visually_approved
home,research/2026-09-11-yttop/evidence/assets/296d269043da0a56.png,https://cdn.imweb.me/thumbnail/20250609/2501eff306dce.png,623,615,research/2026-09-11-yttop/evidence/ocr/296d269043da0a56.png.txt,candidate_not_visually_approved
home,research/2026-09-11-yttop/evidence/assets/28918b61b613d137.png,https://cdn.imweb.me/thumbnail/20250609/c088ae633a461.png,691,615,research/2026-09-11-yttop/evidence/ocr/28918b61b613d137.png.txt,candidate_not_visually_approved
home,research/2026-09-11-yttop/evidence/assets/105d8ae204559430.png,https://cdn.imweb.me/thumbnail/20250609/7c58ebace80d9.png,761,495,research/2026-09-11-yttop/evidence/ocr/105d8ae204559430.png.txt,candidate_not_visually_approved
home,research/2026-09-11-yttop/evidence/assets/4095fd699bc82026.png,https://cdn.imweb.me/thumbnail/20250530/0672442fb3fc5.png,381,255,research/2026-09-11-yttop/evidence/ocr/4095fd699bc82026.png.txt,candidate_not_visually_approved
home,research/2026-09-11-yttop/evidence/assets/da94573e36336093.png,https://cdn.imweb.me/thumbnail/20250530/3b8e04d0e0578.png,393,255,research/2026-09-11-yttop/evidence/ocr/da94573e36336093.png.txt,candidate_not_visually_approved
home,research/2026-09-11-yttop/evidence/assets/d5a80194c4cffeb2.png,https://cdn.imweb.me/thumbnail/20250530/6ea57406cf0c4.png,343,255,research/2026-09-11-yttop/evidence/ocr/d5a80194c4cffeb2.png.txt,candidate_not_visually_approved
home,research/2026-09-11-yttop/evidence/assets/dff75d41957a5b09.png,https://cdn.imweb.me/thumbnail/20250605/1e044525b2e38.png,761,570,research/2026-09-11-yttop/evidence/ocr/dff75d41957a5b09.png.txt,candidate_not_visually_approved
home,research/2026-09-11-yttop/evidence/assets/eea9a3b7e5ad1bc2.png,https://cdn.imweb.me/thumbnail/20250530/6b2d60ee48405.png,298,255,research/2026-09-11-yttop/evidence/ocr/eea9a3b7e5ad1bc2.png.txt,candidate_not_visually_approved
home,research/2026-09-11-yttop/evidence/assets/97c9b3b8fc8de93d.png,https://cdn.imweb.me/thumbnail/20250530/365eef694d391.png,392,255,research/2026-09-11-yttop/evidence/ocr/97c9b3b8fc8de93d.png.txt,candidate_not_visually_approved
about,research/2026-09-11-yttop/evidence/assets/310ed366295fd8eb.png,https://cdn.imweb.me/thumbnail/20250527/25bb1916b586e.png,850,1928,research/2026-09-11-yttop/evidence/ocr/310ed366295fd8eb.png.txt,candidate_not_visually_approved
about,research/2026-09-11-yttop/evidence/assets/3b0bff1b66578a7e.png,https://cdn.imweb.me/thumbnail/20250527/7ed22e8d95a97.png,558,115,research/2026-09-11-yttop/evidence/ocr/3b0bff1b66578a7e.png.txt,candidate_not_visually_approved
about,research/2026-09-11-yttop/evidence/assets/39c6d5a34c228c5a.png,https://cdn.imweb.me/thumbnail/20250527/b543c5a6f1a44.png,1384,391,research/2026-09-11-yttop/evidence/ocr/39c6d5a34c228c5a.png.txt,candidate_not_visually_approved
about,research/2026-09-11-yttop/evidence/assets/0ad5ff798fe9be3f.png,https://cdn.imweb.me/thumbnail/20250527/9c4bb6a8b8300.png,558,115,research/2026-09-11-yttop/evidence/ocr/0ad5ff798fe9be3f.png.txt,candidate_not_visually_approved
about,research/2026-09-11-yttop/evidence/assets/988305921ed3aadb.png,https://cdn.imweb.me/thumbnail/20250527/c50af20f75b98.png,1920,500,research/2026-09-11-yttop/evidence/ocr/988305921ed3aadb.png.txt,candidate_not_visually_approved
about,research/2026-09-11-yttop/evidence/assets/e81e2ee6b0f06e71.png,https://cdn.imweb.me/thumbnail/20250527/ccd37c1d8232f.png,1920,500,research/2026-09-11-yttop/evidence/ocr/e81e2ee6b0f06e71.png.txt,candidate_not_visually_approved
about,research/2026-09-11-yttop/evidence/assets/27a64c774e590f55.jpg,https://cdn.imweb.me/thumbnail/20250926/96089e7258f57.jpg,800,550,research/2026-09-11-yttop/evidence/ocr/27a64c774e590f55.jpg.txt,candidate_not_visually_approved
about,research/2026-09-11-yttop/evidence/assets/5b77d7aba0ad30de.jpg,https://cdn.imweb.me/thumbnail/20260623/25719453f2a5f.jpg,800,550,research/2026-09-11-yttop/evidence/ocr/5b77d7aba0ad30de.jpg.txt,candidate_not_visually_approved
about,research/2026-09-11-yttop/evidence/assets/2d2fd518e1de33ef.jpg,https://cdn.imweb.me/thumbnail/20250926/3f5fe415970bc.jpg,800,830,research/2026-09-11-yttop/evidence/ocr/2d2fd518e1de33ef.jpg.txt,candidate_not_visually_approved
about,research/2026-09-11-yttop/evidence/assets/4685799c0b97d94f.png,https://cdn.imweb.me/upload/S202304199e04167fc8c5a/cdea3929d9ade.png,100,30,research/2026-09-11-yttop/evidence/ocr/4685799c0b97d94f.png.txt,candidate_not_visually_approved
about,research/2026-09-11-yttop/evidence/assets/42d82d647291539a.jpg,https://cdn.imweb.me/thumbnail/20260623/c679680d9181c.jpg,800,830,research/2026-09-11-yttop/evidence/ocr/42d82d647291539a.jpg.txt,candidate_not_visually_approved
doctors,research/2026-09-11-yttop/evidence/assets/988305921ed3aadb.png,https://cdn.imweb.me/thumbnail/20250527/c50af20f75b98.png,1920,500,research/2026-09-11-yttop/evidence/ocr/988305921ed3aadb.png.txt,candidate_not_visually_approved
doctors,research/2026-09-11-yttop/evidence/assets/e81e2ee6b0f06e71.png,https://cdn.imweb.me/thumbnail/20250527/ccd37c1d8232f.png,1920,500,research/2026-09-11-yttop/evidence/ocr/e81e2ee6b0f06e71.png.txt,candidate_not_visually_approved
doctors,research/2026-09-11-yttop/evidence/assets/27a64c774e590f55.jpg,https://cdn.imweb.me/thumbnail/20250926/96089e7258f57.jpg,800,550,research/2026-09-11-yttop/evidence/ocr/27a64c774e590f55.jpg.txt,candidate_not_visually_approved
doctors,research/2026-09-11-yttop/evidence/assets/5b77d7aba0ad30de.jpg,https://cdn.imweb.me/thumbnail/20260623/25719453f2a5f.jpg,800,550,research/2026-09-11-yttop/evidence/ocr/5b77d7aba0ad30de.jpg.txt,candidate_not_visually_approved
doctors,research/2026-09-11-yttop/evidence/assets/2d2fd518e1de33ef.jpg,https://cdn.imweb.me/thumbnail/20250926/3f5fe415970bc.jpg,800,830,research/2026-09-11-yttop/evidence/ocr/2d2fd518e1de33ef.jpg.txt,candidate_not_visually_approved
doctors,research/2026-09-11-yttop/evidence/assets/4685799c0b97d94f.png,https://cdn.imweb.me/upload/S202304199e04167fc8c5a/cdea3929d9ade.png,100,30,research/2026-09-11-yttop/evidence/ocr/4685799c0b97d94f.png.txt,candidate_not_visually_approved
doctors,research/2026-09-11-yttop/evidence/assets/42d82d647291539a.jpg,https://cdn.imweb.me/thumbnail/20260623/c679680d9181c.jpg,800,830,research/2026-09-11-yttop/evidence/ocr/42d82d647291539a.jpg.txt,candidate_not_visually_approved
visit,research/2026-09-11-yttop/evidence/assets/988305921ed3aadb.png,https://cdn.imweb.me/thumbnail/20250527/c50af20f75b98.png,1920,500,research/2026-09-11-yttop/evidence/ocr/988305921ed3aadb.png.txt,candidate_not_visually_approved
visit,research/2026-09-11-yttop/evidence/assets/e81e2ee6b0f06e71.png,https://cdn.imweb.me/thumbnail/20250527/ccd37c1d8232f.png,1920,500,research/2026-09-11-yttop/evidence/ocr/e81e2ee6b0f06e71.png.txt,candidate_not_visually_approved
visit,research/2026-09-11-yttop/evidence/assets/f224759e97061e1c.png,https://cdn.imweb.me/thumbnail/20250527/d6f24962d5c64.png,600,366,research/2026-09-11-yttop/evidence/ocr/f224759e97061e1c.png.txt,candidate_not_visually_approved
visit,research/2026-09-11-yttop/evidence/assets/45f2ac40c8204c90.png,https://cdn.imweb.me/thumbnail/20250527/534a6482043e3.png,600,366,research/2026-09-11-yttop/evidence/ocr/45f2ac40c8204c90.png.txt,candidate_not_visually_approved
services,research/2026-09-11-yttop/evidence/assets/fb4fab92bac241ed.png,https://cdn.imweb.me/upload/S202304199e04167fc8c5a/de1e65c4c99d9.png,1538,1538,research/2026-09-11-yttop/evidence/ocr/fb4fab92bac241ed.png.txt,candidate_not_visually_approved
services,research/2026-09-11-yttop/evidence/assets/bb70394f860f60c5.png,https://cdn.imweb.me/thumbnail/20250522/8452672be866f.png,500,420,research/2026-09-11-yttop/evidence/ocr/bb70394f860f60c5.png.txt,candidate_not_visually_approved
services,research/2026-09-11-yttop/evidence/assets/f21548365a7d3641.png,https://cdn.imweb.me/thumbnail/20250522/db83bc485d6f1.png,500,420,research/2026-09-11-yttop/evidence/ocr/f21548365a7d3641.png.txt,candidate_not_visually_approved
services,research/2026-09-11-yttop/evidence/assets/a3d3476ee3b65f8e.png,https://cdn.imweb.me/thumbnail/20250522/7f0d2847f9946.png,500,420,research/2026-09-11-yttop/evidence/ocr/a3d3476ee3b65f8e.png.txt,candidate_not_visually_approved
services,research/2026-09-11-yttop/evidence/assets/ec256939ac2c0bc9.png,https://cdn.imweb.me/thumbnail/20250522/49a559190e1b9.png,500,420,research/2026-09-11-yttop/evidence/ocr/ec256939ac2c0bc9.png.txt,candidate_not_visually_approved
services,research/2026-09-11-yttop/evidence/assets/6c41e5cc5a028c5e.png,https://cdn.imweb.me/upload/S202304199e04167fc8c5a/c0401d7db3415.png,1538,1538,research/2026-09-11-yttop/evidence/ocr/6c41e5cc5a028c5e.png.txt,candidate_not_visually_approved
services,research/2026-09-11-yttop/evidence/assets/d6281e5fb3ab627a.png,https://cdn.imweb.me/thumbnail/20250522/ab3d3a4ab9f25.png,1400,340,research/2026-09-11-yttop/evidence/ocr/d6281e5fb3ab627a.png.txt,candidate_not_visually_approved
services,research/2026-09-11-yttop/evidence/assets/1edecc8eac265bcc.png,https://cdn.imweb.me/thumbnail/20250513/e284ab87408ab.png,1920,384,research/2026-09-11-yttop/evidence/ocr/1edecc8eac265bcc.png.txt,candidate_not_visually_approved
services,research/2026-09-11-yttop/evidence/assets/7c07b0cfe310101b.png,https://cdn.imweb.me/thumbnail/20250428/82c81dd405035.png,1920,384,research/2026-09-11-yttop/evidence/ocr/7c07b0cfe310101b.png.txt,candidate_not_visually_approved
services,research/2026-09-11-yttop/evidence/assets/a242b3ac69a0d9be.jpg,https://cdn.imweb.me/thumbnail/20250502/9fad61098c44b.jpg,1920,629,research/2026-09-11-yttop/evidence/ocr/a242b3ac69a0d9be.jpg.txt,candidate_not_visually_approved
services,research/2026-09-11-yttop/evidence/assets/c573556c0c7bd6d7.png,https://cdn.imweb.me/thumbnail/20250513/a85a0da3abdb9.png,900,1300,research/2026-09-11-yttop/evidence/ocr/c573556c0c7bd6d7.png.txt,candidate_not_visually_approved
services,research/2026-09-11-yttop/evidence/assets/401b714a206ed425.png,https://cdn.imweb.me/thumbnail/20250513/ea44c6d4064ed.png,600,366,research/2026-09-11-yttop/evidence/ocr/401b714a206ed425.png.txt,candidate_not_visually_approved
services,research/2026-09-11-yttop/evidence/assets/c87dc21b6dadfdc5.png,https://cdn.imweb.me/thumbnail/20250513/baede26abcf01.png,500,500,research/2026-09-11-yttop/evidence/ocr/c87dc21b6dadfdc5.png.txt,candidate_not_visually_approved
services,research/2026-09-11-yttop/evidence/assets/23bc7de6923642e9.png,https://cdn.imweb.me/thumbnail/20250513/b903a67a31789.png,500,500,research/2026-09-11-yttop/evidence/ocr/23bc7de6923642e9.png.txt,candidate_not_visually_approved
services,research/2026-09-11-yttop/evidence/assets/12fcfaa5d6bf8c2b.png,https://cdn.imweb.me/thumbnail/20250513/fed0add7ccc21.png,500,500,research/2026-09-11-yttop/evidence/ocr/12fcfaa5d6bf8c2b.png.txt,candidate_not_visually_approved
services,research/2026-09-11-yttop/evidence/assets/44d8e1f3c46753a5.png,https://cdn.imweb.me/thumbnail/20250513/3e286181cde3f.png,500,500,research/2026-09-11-yttop/evidence/ocr/44d8e1f3c46753a5.png.txt,candidate_not_visually_approved
services,research/2026-09-11-yttop/evidence/assets/4d29e8dbac40288d.png,https://cdn.imweb.me/thumbnail/20250513/a7fa9fa0c5279.png,500,500,research/2026-09-11-yttop/evidence/ocr/4d29e8dbac40288d.png.txt,candidate_not_visually_approved
services,research/2026-09-11-yttop/evidence/assets/347857ad2d949243.png,https://cdn.imweb.me/thumbnail/20250513/b26d8b746849e.png,500,500,research/2026-09-11-yttop/evidence/ocr/347857ad2d949243.png.txt,candidate_not_visually_approved
services,research/2026-09-11-yttop/evidence/assets/23fbf08d088f4ba9.png,https://cdn.imweb.me/thumbnail/20250513/af6b133cfe931.png,500,500,research/2026-09-11-yttop/evidence/ocr/23fbf08d088f4ba9.png.txt,candidate_not_visually_approved
services,research/2026-09-11-yttop/evidence/assets/ac9a241a21286cd5.png,https://cdn.imweb.me/thumbnail/20250513/4f968c10aebcc.png,500,500,research/2026-09-11-yttop/evidence/ocr/ac9a241a21286cd5.png.txt,candidate_not_visually_approved
services,research/2026-09-11-yttop/evidence/assets/fa07583252368149.png,https://cdn.imweb.me/thumbnail/20250513/b9f65039cc888.png,900,3139,research/2026-09-11-yttop/evidence/ocr/fa07583252368149.png.txt,candidate_not_visually_approved
services,research/2026-09-11-yttop/evidence/assets/0cdec520369e462c.png,https://cdn.imweb.me/thumbnail/20250502/3a470ebd3d98d.png,1032,366,research/2026-09-11-yttop/evidence/ocr/0cdec520369e462c.png.txt,candidate_not_visually_approved
services,research/2026-09-11-yttop/evidence/assets/4268ca9040874a19.png,https://cdn.imweb.me/thumbnail/20250428/3cb79234730ca.png,600,366,research/2026-09-11-yttop/evidence/ocr/4268ca9040874a19.png.txt,candidate_not_visually_approved
services,research/2026-09-11-yttop/evidence/assets/1e6aaae03b4e4ce1.png,https://cdn.imweb.me/thumbnail/20250502/c1e596cd3285e.png,600,748,research/2026-09-11-yttop/evidence/ocr/1e6aaae03b4e4ce1.png.txt,candidate_not_visually_approved
services,research/2026-09-11-yttop/evidence/assets/01ae39e2b17196d4.png,https://cdn.imweb.me/thumbnail/20250502/dd236314bcbaa.png,600,748,research/2026-09-11-yttop/evidence/ocr/01ae39e2b17196d4.png.txt,candidate_not_visually_approved
services,research/2026-09-11-yttop/evidence/assets/2e0fe9922b20ca8e.png,https://cdn.imweb.me/thumbnail/20250502/f38d4f0c249ad.png,600,748,research/2026-09-11-yttop/evidence/ocr/2e0fe9922b20ca8e.png.txt,candidate_not_visually_approved
services,research/2026-09-11-yttop/evidence/assets/db7494ded6cc6a03.png,https://cdn.imweb.me/thumbnail/20250502/af90a20a30ff6.png,600,748,research/2026-09-11-yttop/evidence/ocr/db7494ded6cc6a03.png.txt,candidate_not_visually_approved
services,research/2026-09-11-yttop/evidence/assets/7f6eb6d771b95b6b.png,https://cdn.imweb.me/thumbnail/20250502/f6136a1f0b794.png,600,748,research/2026-09-11-yttop/evidence/ocr/7f6eb6d771b95b6b.png.txt,candidate_not_visually_approved
services,research/2026-09-11-yttop/evidence/assets/c6407204b7116710.png,https://cdn.imweb.me/thumbnail/20250502/8320e0ca5770a.png,600,748,research/2026-09-11-yttop/evidence/ocr/c6407204b7116710.png.txt,candidate_not_visually_approved
services,research/2026-09-11-yttop/evidence/assets/159dfc84895e7884.jpg,https://cdn.imweb.me/thumbnail/20250513/b3affadae6f1f.jpg,654,748,research/2026-09-11-yttop/evidence/ocr/159dfc84895e7884.jpg.txt,candidate_not_visually_approved
services,research/2026-09-11-yttop/evidence/assets/9ca4a760a170065f.png,https://cdn.imweb.me/thumbnail/20250502/43536636c7f23.png,600,748,research/2026-09-11-yttop/evidence/ocr/9ca4a760a170065f.png.txt,candidate_not_visually_approved
services,research/2026-09-11-yttop/evidence/assets/2c88b3963e010a45.png,https://cdn.imweb.me/thumbnail/20250502/a575c8df160e3.png,1400,340,research/2026-09-11-yttop/evidence/ocr/2c88b3963e010a45.png.txt,candidate_not_visually_approved
services,research/2026-09-11-yttop/evidence/assets/205a1a56a2201a6b.png,https://cdn.imweb.me/thumbnail/20250513/c3bc3bfe07239.png,1400,340,research/2026-09-11-yttop/evidence/ocr/205a1a56a2201a6b.png.txt,candidate_not_visually_approved
services,research/2026-09-11-yttop/evidence/assets/a7a1a197cc195db5.png,https://cdn.imweb.me/thumbnail/20250530/5a51addc54d9d.png,179,43,research/2026-09-11-yttop/evidence/ocr/a7a1a197cc195db5.png.txt,candidate_not_visually_approved
services,research/2026-09-11-yttop/evidence/assets/de325fb6a508a4b1.png,https://cdn.imweb.me/thumbnail/20250428/6dcd967dd7758.png,1920,500,research/2026-09-11-yttop/evidence/ocr/de325fb6a508a4b1.png.txt,candidate_not_visually_approved
services,research/2026-09-11-yttop/evidence/assets/3cd5acfaef14d22f.png,https://cdn.imweb.me/thumbnail/20250513/93207dd0a77f1.png,1920,500,research/2026-09-11-yttop/evidence/ocr/3cd5acfaef14d22f.png.txt,candidate_not_visually_approved
services,research/2026-09-11-yttop/evidence/assets/ca2240e04ae06552.png,https://cdn.imweb.me/thumbnail/20250513/390ead6745dc9.png,1600,900,research/2026-09-11-yttop/evidence/ocr/ca2240e04ae06552.png.txt,candidate_not_visually_approved
services,research/2026-09-11-yttop/evidence/assets/d0be96acf94dc0fc.png,https://cdn.imweb.me/thumbnail/20250513/bc22b9d1c2714.png,1600,900,research/2026-09-11-yttop/evidence/ocr/d0be96acf94dc0fc.png.txt,candidate_not_visually_approved
services,research/2026-09-11-yttop/evidence/assets/cc377a275103b97a.png,https://cdn.imweb.me/thumbnail/20250513/2cfd84a161b45.png,1600,900,research/2026-09-11-yttop/evidence/ocr/cc377a275103b97a.png.txt,candidate_not_visually_approved
services,research/2026-09-11-yttop/evidence/assets/bf2bcb610a200e22.png,https://cdn.imweb.me/thumbnail/20250502/5d720659b03f7.png,800,500,research/2026-09-11-yttop/evidence/ocr/bf2bcb610a200e22.png.txt,candidate_not_visually_approved
services,research/2026-09-11-yttop/evidence/assets/3fa251ac7ce873a7.png,https://cdn.imweb.me/thumbnail/20250502/8aa1eb468a644.png,800,500,research/2026-09-11-yttop/evidence/ocr/3fa251ac7ce873a7.png.txt,candidate_not_visually_approved
services,research/2026-09-11-yttop/evidence/assets/0ce1054e82318d34.png,https://cdn.imweb.me/thumbnail/20250502/f78b9c8a2bea4.png,800,500,research/2026-09-11-yttop/evidence/ocr/0ce1054e82318d34.png.txt,candidate_not_visually_approved
services,research/2026-09-11-yttop/evidence/assets/07a9452462e2a257.png,https://cdn.imweb.me/thumbnail/20250502/2b76f4a8ff7b5.png,800,500,research/2026-09-11-yttop/evidence/ocr/07a9452462e2a257.png.txt,candidate_not_visually_approved
services,research/2026-09-11-yttop/evidence/assets/0a7d7cdc9a8fa18c.png,https://cdn.imweb.me/thumbnail/20250502/4def4aca2c374.png,800,500,research/2026-09-11-yttop/evidence/ocr/0a7d7cdc9a8fa18c.png.txt,candidate_not_visually_approved
services,research/2026-09-11-yttop/evidence/assets/4439418ec0fdf927.png,https://cdn.imweb.me/thumbnail/20250502/e7bd0e6ce1f12.png,800,500,research/2026-09-11-yttop/evidence/ocr/4439418ec0fdf927.png.txt,candidate_not_visually_approved
services,research/2026-09-11-yttop/evidence/assets/b8fa0f15c3c485f0.png,https://cdn.imweb.me/thumbnail/20250502/3483d6972a781.png,800,500,research/2026-09-11-yttop/evidence/ocr/b8fa0f15c3c485f0.png.txt,candidate_not_visually_approved
services,research/2026-09-11-yttop/evidence/assets/ffb5d768de75eb6e.png,https://cdn.imweb.me/thumbnail/20250530/68122cc25b8ec.png,388,255,research/2026-09-11-yttop/evidence/ocr/ffb5d768de75eb6e.png.txt,candidate_not_visually_approved
services,research/2026-09-11-yttop/evidence/assets/1ff9ac29ce1f9241.png,https://cdn.imweb.me/thumbnail/20250530/48891a042c1a9.png,383,255,research/2026-09-11-yttop/evidence/ocr/1ff9ac29ce1f9241.png.txt,candidate_not_visually_approved
services,research/2026-09-11-yttop/evidence/assets/3ace4f5c98aee067.png,https://cdn.imweb.me/thumbnail/20250530/c12b7ad4800cb.png,372,255,research/2026-09-11-yttop/evidence/ocr/3ace4f5c98aee067.png.txt,candidate_not_visually_approved
services,research/2026-09-11-yttop/evidence/assets/b2233de18a027dd5.png,https://cdn.imweb.me/thumbnail/20250530/e7a1cd0c6d193.png,379,255,research/2026-09-11-yttop/evidence/ocr/b2233de18a027dd5.png.txt,candidate_not_visually_approved
services,research/2026-09-11-yttop/evidence/assets/ba7f45a64bfac449.png,https://cdn.imweb.me/thumbnail/20250530/845bd969e7f4d.png,343,255,research/2026-09-11-yttop/evidence/ocr/ba7f45a64bfac449.png.txt,candidate_not_visually_approved
services,research/2026-09-11-yttop/evidence/assets/819b5fa6e10b4bbc.png,https://cdn.imweb.me/thumbnail/20250530/2ba32d574a409.png,343,255,research/2026-09-11-yttop/evidence/ocr/819b5fa6e10b4bbc.png.txt,candidate_not_visually_approved
services,research/2026-09-11-yttop/evidence/assets/aff2c53355f06096.png,https://cdn.imweb.me/thumbnail/20250530/8051118e847aa.png,340,255,research/2026-09-11-yttop/evidence/ocr/aff2c53355f06096.png.txt,candidate_not_visually_approved
services,research/2026-09-11-yttop/evidence/assets/ea2a2aec5a13d957.png,https://cdn.imweb.me/thumbnail/20250530/f1d2d7ecbd008.png,352,255,research/2026-09-11-yttop/evidence/ocr/ea2a2aec5a13d957.png.txt,candidate_not_visually_approved
services,research/2026-09-11-yttop/evidence/assets/7db965d71ba6ea66.png,https://cdn.imweb.me/thumbnail/20250530/134e620b1e114.png,357,255,research/2026-09-11-yttop/evidence/ocr/7db965d71ba6ea66.png.txt,candidate_not_visually_approved
services,research/2026-09-11-yttop/evidence/assets/055ed5d8c348e389.png,https://cdn.imweb.me/thumbnail/20250530/cbb92c4c48a77.png,253,170,research/2026-09-11-yttop/evidence/ocr/055ed5d8c348e389.png.txt,candidate_not_visually_approved
services,research/2026-09-11-yttop/evidence/assets/79b8b5b7d23d6716.png,https://cdn.imweb.me/thumbnail/20250530/e0085327ce444.png,316,170,research/2026-09-11-yttop/evidence/ocr/79b8b5b7d23d6716.png.txt,candidate_not_visually_approved
services,research/2026-09-11-yttop/evidence/assets/11c0345409280b26.png,https://cdn.imweb.me/thumbnail/20250530/c33fc4d5e1744.png,569,390,research/2026-09-11-yttop/evidence/ocr/11c0345409280b26.png.txt,candidate_not_visually_approved
services,research/2026-09-11-yttop/evidence/assets/ac6162d14b059fda.png,https://cdn.imweb.me/thumbnail/20250530/29962bbb5f536.png,292,170,research/2026-09-11-yttop/evidence/ocr/ac6162d14b059fda.png.txt,candidate_not_visually_approved
services,research/2026-09-11-yttop/evidence/assets/8beb093634548089.png,https://cdn.imweb.me/thumbnail/20250428/75ca4e22dc896.png,800,500,research/2026-09-11-yttop/evidence/ocr/8beb093634548089.png.txt,candidate_not_visually_approved
services,research/2026-09-11-yttop/evidence/assets/1c1648a873fdbd4f.png,https://cdn.imweb.me/thumbnail/20250428/0e75f2a1b1d20.png,800,500,research/2026-09-11-yttop/evidence/ocr/1c1648a873fdbd4f.png.txt,candidate_not_visually_approved
services,research/2026-09-11-yttop/evidence/assets/115d2ee12772a239.png,https://cdn.imweb.me/thumbnail/20250428/d0729a91ba60b.png,800,500,research/2026-09-11-yttop/evidence/ocr/115d2ee12772a239.png.txt,candidate_not_visually_approved
services,research/2026-09-11-yttop/evidence/assets/454527990e6ef3c1.png,https://cdn.imweb.me/thumbnail/20250428/6f2390a501e06.png,800,500,research/2026-09-11-yttop/evidence/ocr/454527990e6ef3c1.png.txt,candidate_not_visually_approved
services,research/2026-09-11-yttop/evidence/assets/533fd8efb15d809a.png,https://cdn.imweb.me/thumbnail/20250428/c61065968e3b0.png,800,500,research/2026-09-11-yttop/evidence/ocr/533fd8efb15d809a.png.txt,candidate_not_visually_approved
services,research/2026-09-11-yttop/evidence/assets/dbc5c4429a806c6b.png,https://cdn.imweb.me/thumbnail/20250428/5c4af7f9fee69.png,800,500,research/2026-09-11-yttop/evidence/ocr/dbc5c4429a806c6b.png.txt,candidate_not_visually_approved
services,research/2026-09-11-yttop/evidence/assets/c143d5b3e3f720a8.png,https://cdn.imweb.me/thumbnail/20250428/9f5cd6585a820.png,800,500,research/2026-09-11-yttop/evidence/ocr/c143d5b3e3f720a8.png.txt,candidate_not_visually_approved
services,research/2026-09-11-yttop/evidence/assets/4892a3cf22cb1abd.png,https://cdn.imweb.me/thumbnail/20250530/ca8c1b449d588.png,388,255,research/2026-09-11-yttop/evidence/ocr/4892a3cf22cb1abd.png.txt,candidate_not_visually_approved
services,research/2026-09-11-yttop/evidence/assets/dab44ea8e8e162d8.png,https://cdn.imweb.me/thumbnail/20250530/0dd8562e47d87.png,383,255,research/2026-09-11-yttop/evidence/ocr/dab44ea8e8e162d8.png.txt,candidate_not_visually_approved
services,research/2026-09-11-yttop/evidence/assets/0294cc8bb01ed68e.png,https://cdn.imweb.me/thumbnail/20250530/51d0589d9a591.png,372,255,research/2026-09-11-yttop/evidence/ocr/0294cc8bb01ed68e.png.txt,candidate_not_visually_approved
services,research/2026-09-11-yttop/evidence/assets/7b4508c93ea8472a.png,https://cdn.imweb.me/thumbnail/20250530/9cafc6ddd9d17.png,379,255,research/2026-09-11-yttop/evidence/ocr/7b4508c93ea8472a.png.txt,candidate_not_visually_approved
services,research/2026-09-11-yttop/evidence/assets/6514a9806dfce4e3.png,https://cdn.imweb.me/thumbnail/20250530/e9b6125ba47a5.png,343,255,research/2026-09-11-yttop/evidence/ocr/6514a9806dfce4e3.png.txt,candidate_not_visually_approved
services,research/2026-09-11-yttop/evidence/assets/96c21533c9ad7ae7.png,https://cdn.imweb.me/thumbnail/20250530/3d8fadda89df5.png,343,255,research/2026-09-11-yttop/evidence/ocr/96c21533c9ad7ae7.png.txt,candidate_not_visually_approved
services,research/2026-09-11-yttop/evidence/assets/9ac5695c9a93332e.png,https://cdn.imweb.me/thumbnail/20250530/74157c240d819.png,340,255,research/2026-09-11-yttop/evidence/ocr/9ac5695c9a93332e.png.txt,candidate_not_visually_approved
services,research/2026-09-11-yttop/evidence/assets/d2b65e3c98664493.png,https://cdn.imweb.me/thumbnail/20250530/ab691182188f5.png,352,255,research/2026-09-11-yttop/evidence/ocr/d2b65e3c98664493.png.txt,candidate_not_visually_approved
services,research/2026-09-11-yttop/evidence/assets/7011fd2cde48ea72.png,https://cdn.imweb.me/thumbnail/20250530/691bc53a5b1f7.png,357,255,research/2026-09-11-yttop/evidence/ocr/7011fd2cde48ea72.png.txt,candidate_not_visually_approved
services,research/2026-09-11-yttop/evidence/assets/b441dfb64fa7c5a8.png,https://cdn.imweb.me/thumbnail/20250530/03d60a28e3c8c.png,253,170,research/2026-09-11-yttop/evidence/ocr/b441dfb64fa7c5a8.png.txt,candidate_not_visually_approved
services,research/2026-09-11-yttop/evidence/assets/cf91d86eab40dbb1.png,https://cdn.imweb.me/thumbnail/20250530/0d9f9ea42543a.png,316,170,research/2026-09-11-yttop/evidence/ocr/cf91d86eab40dbb1.png.txt,candidate_not_visually_approved
services,research/2026-09-11-yttop/evidence/assets/3fe86058184483c4.png,https://cdn.imweb.me/thumbnail/20250530/2bee45a0a1afa.png,569,390,research/2026-09-11-yttop/evidence/ocr/3fe86058184483c4.png.txt,candidate_not_visually_approved
services,research/2026-09-11-yttop/evidence/assets/7db6ca60e3828c94.png,https://cdn.imweb.me/thumbnail/20250530/5aea63ec6b6b2.png,292,170,research/2026-09-11-yttop/evidence/ocr/7db6ca60e3828c94.png.txt,candidate_not_visually_approved
services,research/2026-09-11-yttop/evidence/assets/0d8720c72c89f634.png,https://cdn.imweb.me/thumbnail/20250513/30387ac540767.png,1600,900,research/2026-09-11-yttop/evidence/ocr/0d8720c72c89f634.png.txt,candidate_not_visually_approved
services,research/2026-09-11-yttop/evidence/assets/853e563551819f45.png,https://cdn.imweb.me/thumbnail/20250513/fc06a98cf8473.png,1600,900,research/2026-09-11-yttop/evidence/ocr/853e563551819f45.png.txt,candidate_not_visually_approved
services,research/2026-09-11-yttop/evidence/assets/07e8fba9f4e588fb.png,https://cdn.imweb.me/thumbnail/20250513/c5515c0fc5ac6.png,1600,900,research/2026-09-11-yttop/evidence/ocr/07e8fba9f4e588fb.png.txt,candidate_not_visually_approved
services,research/2026-09-11-yttop/evidence/assets/73eab099bc6f6381.png,https://cdn.imweb.me/thumbnail/20250428/22837b6706300.png,800,500,research/2026-09-11-yttop/evidence/ocr/73eab099bc6f6381.png.txt,candidate_not_visually_approved
services,research/2026-09-11-yttop/evidence/assets/8b66050e922fca88.png,https://cdn.imweb.me/thumbnail/20250428/aab8585c19826.png,800,500,research/2026-09-11-yttop/evidence/ocr/8b66050e922fca88.png.txt,candidate_not_visually_approved
services,research/2026-09-11-yttop/evidence/assets/d680f5f92e3691fc.png,https://cdn.imweb.me/thumbnail/20250428/72563498e2623.png,800,500,research/2026-09-11-yttop/evidence/ocr/d680f5f92e3691fc.png.txt,candidate_not_visually_approved
services,research/2026-09-11-yttop/evidence/assets/cbd34fdebb9da8de.png,https://cdn.imweb.me/thumbnail/20250428/ee806f339c5ea.png,800,500,research/2026-09-11-yttop/evidence/ocr/cbd34fdebb9da8de.png.txt,candidate_not_visually_approved
services,research/2026-09-11-yttop/evidence/assets/7ade082877593c4e.png,https://cdn.imweb.me/thumbnail/20250428/74baa279c5956.png,800,500,research/2026-09-11-yttop/evidence/ocr/7ade082877593c4e.png.txt,candidate_not_visually_approved
services,research/2026-09-11-yttop/evidence/assets/174ee032b6c62ca0.png,https://cdn.imweb.me/thumbnail/20250428/b559d36addd4c.png,800,500,research/2026-09-11-yttop/evidence/ocr/174ee032b6c62ca0.png.txt,candidate_not_visually_approved
services,research/2026-09-11-yttop/evidence/assets/4624c099c2f123c4.png,https://cdn.imweb.me/thumbnail/20250428/e1b40a25cf3ec.png,800,500,research/2026-09-11-yttop/evidence/ocr/4624c099c2f123c4.png.txt,candidate_not_visually_approved
services,research/2026-09-11-yttop/evidence/assets/fe4e780eccda2101.png,https://cdn.imweb.me/thumbnail/20250530/2322d19b631ed.png,372,255,research/2026-09-11-yttop/evidence/ocr/fe4e780eccda2101.png.txt,candidate_not_visually_approved
services,research/2026-09-11-yttop/evidence/assets/77a5fd55a2ab1482.png,https://cdn.imweb.me/thumbnail/20250530/f559cd348d96b.png,379,255,research/2026-09-11-yttop/evidence/ocr/77a5fd55a2ab1482.png.txt,candidate_not_visually_approved
services,research/2026-09-11-yttop/evidence/assets/8f94ac73b5c26834.png,https://cdn.imweb.me/thumbnail/20250530/f296246b760cf.png,388,255,research/2026-09-11-yttop/evidence/ocr/8f94ac73b5c26834.png.txt,candidate_not_visually_approved
services,research/2026-09-11-yttop/evidence/assets/222a71eac9701920.png,https://cdn.imweb.me/thumbnail/20250530/f938f2af01c58.png,383,255,research/2026-09-11-yttop/evidence/ocr/222a71eac9701920.png.txt,candidate_not_visually_approved
services,research/2026-09-11-yttop/evidence/assets/148d424809edb7cd.png,https://cdn.imweb.me/thumbnail/20250530/13f9070ff19d3.png,343,255,research/2026-09-11-yttop/evidence/ocr/148d424809edb7cd.png.txt,candidate_not_visually_approved
services,research/2026-09-11-yttop/evidence/assets/6702ff32f299bd73.png,https://cdn.imweb.me/thumbnail/20250530/012e8dc09a7cb.png,343,255,research/2026-09-11-yttop/evidence/ocr/6702ff32f299bd73.png.txt,candidate_not_visually_approved
services,research/2026-09-11-yttop/evidence/assets/94b9192daf0f3df8.png,https://cdn.imweb.me/thumbnail/20250530/ab5ff88ea0e37.png,340,255,research/2026-09-11-yttop/evidence/ocr/94b9192daf0f3df8.png.txt,candidate_not_visually_approved
services,research/2026-09-11-yttop/evidence/assets/88d207f989409f66.png,https://cdn.imweb.me/thumbnail/20250530/04baea8e97a2d.png,352,255,research/2026-09-11-yttop/evidence/ocr/88d207f989409f66.png.txt,candidate_not_visually_approved
services,research/2026-09-11-yttop/evidence/assets/275ee761578c62fd.png,https://cdn.imweb.me/thumbnail/20250530/8c6befff00d5a.png,357,255,research/2026-09-11-yttop/evidence/ocr/275ee761578c62fd.png.txt,candidate_not_visually_approved
services,research/2026-09-11-yttop/evidence/assets/63a742688bf26c44.png,https://cdn.imweb.me/thumbnail/20250530/b03508f98d52e.png,253,170,research/2026-09-11-yttop/evidence/ocr/63a742688bf26c44.png.txt,candidate_not_visually_approved
services,research/2026-09-11-yttop/evidence/assets/507214f29f8e32aa.png,https://cdn.imweb.me/thumbnail/20250530/686776aa7c7ab.png,316,170,research/2026-09-11-yttop/evidence/ocr/507214f29f8e32aa.png.txt,candidate_not_visually_approved
services,research/2026-09-11-yttop/evidence/assets/eda6b2325e8c888b.png,https://cdn.imweb.me/thumbnail/20250530/a39ed48bbec80.png,569,390,research/2026-09-11-yttop/evidence/ocr/eda6b2325e8c888b.png.txt,candidate_not_visually_approved
services,research/2026-09-11-yttop/evidence/assets/29480737713df9bd.png,https://cdn.imweb.me/thumbnail/20250530/fbefb70c8bed0.png,292,170,research/2026-09-11-yttop/evidence/ocr/29480737713df9bd.png.txt,candidate_not_visually_approved
services,research/2026-09-11-yttop/evidence/assets/32728bc6da0da310.png,https://cdn.imweb.me/thumbnail/20250523/1cfb730d20027.png,600,366,research/2026-09-11-yttop/evidence/ocr/32728bc6da0da310.png.txt,candidate_not_visually_approved
services,research/2026-09-11-yttop/evidence/assets/cf3b0752138110e6.jpg,https://cdn.imweb.me/thumbnail/20250523/5a93bd6899b32.jpg,654,748,research/2026-09-11-yttop/evidence/ocr/cf3b0752138110e6.jpg.txt,candidate_not_visually_approved
services,research/2026-09-11-yttop/evidence/assets/3232f129b833c8d5.jpg,https://cdn.imweb.me/thumbnail/20250523/8207bcbde8f3c.jpg,654,748,research/2026-09-11-yttop/evidence/ocr/3232f129b833c8d5.jpg.txt,candidate_not_visually_approved
services,research/2026-09-11-yttop/evidence/assets/27291972e08c58a8.jpg,https://cdn.imweb.me/thumbnail/20250523/12edefa8373e5.jpg,654,748,research/2026-09-11-yttop/evidence/ocr/27291972e08c58a8.jpg.txt,candidate_not_visually_approved
services,research/2026-09-11-yttop/evidence/assets/eab8c5c4696aada2.jpg,https://cdn.imweb.me/thumbnail/20250523/dca2f7cd57675.jpg,654,748,research/2026-09-11-yttop/evidence/ocr/eab8c5c4696aada2.jpg.txt,candidate_not_visually_approved
services,research/2026-09-11-yttop/evidence/assets/affe5061a054dba9.jpg,https://cdn.imweb.me/thumbnail/20250523/5b427738c4206.jpg,654,748,research/2026-09-11-yttop/evidence/ocr/affe5061a054dba9.jpg.txt,candidate_not_visually_approved
services,research/2026-09-11-yttop/evidence/assets/4a4973a5d2230639.jpg,https://cdn.imweb.me/thumbnail/20250523/dd88d6ce90e62.jpg,654,748,research/2026-09-11-yttop/evidence/ocr/4a4973a5d2230639.jpg.txt,candidate_not_visually_approved
services,research/2026-09-11-yttop/evidence/assets/3262bc4171c395e6.png,https://cdn.imweb.me/thumbnail/20250523/17ebcad7ba4a0.png,600,366,research/2026-09-11-yttop/evidence/ocr/3262bc4171c395e6.png.txt,candidate_not_visually_approved
services,research/2026-09-11-yttop/evidence/assets/14edf4ef146cc56a.jpg,https://cdn.imweb.me/thumbnail/20250523/0a82ece24e675.jpg,654,748,research/2026-09-11-yttop/evidence/ocr/14edf4ef146cc56a.jpg.txt,candidate_not_visually_approved
services,research/2026-09-11-yttop/evidence/assets/93b02672a4343cde.jpg,https://cdn.imweb.me/thumbnail/20250523/ceb0d7df26962.jpg,654,748,research/2026-09-11-yttop/evidence/ocr/93b02672a4343cde.jpg.txt,candidate_not_visually_approved
services,research/2026-09-11-yttop/evidence/assets/badb6b8d6a367d88.jpg,https://cdn.imweb.me/thumbnail/20250523/d0fa3da58eca1.jpg,654,748,research/2026-09-11-yttop/evidence/ocr/badb6b8d6a367d88.jpg.txt,candidate_not_visually_approved
services,research/2026-09-11-yttop/evidence/assets/dfb32a5c82729657.jpg,https://cdn.imweb.me/thumbnail/20250523/4c2fbe44e6f1d.jpg,654,748,research/2026-09-11-yttop/evidence/ocr/dfb32a5c82729657.jpg.txt,candidate_not_visually_approved
services,research/2026-09-11-yttop/evidence/assets/3c7ee25173919f66.jpg,https://cdn.imweb.me/thumbnail/20250523/a88646fc51c13.jpg,654,748,research/2026-09-11-yttop/evidence/ocr/3c7ee25173919f66.jpg.txt,candidate_not_visually_approved
services,research/2026-09-11-yttop/evidence/assets/a799daac8042fbb1.jpg,https://cdn.imweb.me/thumbnail/20250523/550c391573699.jpg,654,748,research/2026-09-11-yttop/evidence/ocr/a799daac8042fbb1.jpg.txt,candidate_not_visually_approved
services,research/2026-09-11-yttop/evidence/assets/202448f2f54bfcac.png,https://cdn.imweb.me/thumbnail/20250522/6a2ea8631a4bf.png,1920,500,research/2026-09-11-yttop/evidence/ocr/202448f2f54bfcac.png.txt,candidate_not_visually_approved
services,research/2026-09-11-yttop/evidence/assets/a5fd5f3b5d257282.png,https://cdn.imweb.me/thumbnail/20250522/8fbff2c1044b8.png,1920,500,research/2026-09-11-yttop/evidence/ocr/a5fd5f3b5d257282.png.txt,candidate_not_visually_approved
services,research/2026-09-11-yttop/evidence/assets/eb7e83778ffb850b.png,https://cdn.imweb.me/thumbnail/20250520/dffc76a7f4c9e.png,600,366,research/2026-09-11-yttop/evidence/ocr/eb7e83778ffb850b.png.txt,candidate_not_visually_approved
services,research/2026-09-11-yttop/evidence/assets/851d1ecbdfcc243d.jpg,https://cdn.imweb.me/thumbnail/20250520/51daf357b3118.jpg,654,748,research/2026-09-11-yttop/evidence/ocr/851d1ecbdfcc243d.jpg.txt,candidate_not_visually_approved
services,research/2026-09-11-yttop/evidence/assets/56b30d4b1e28b6b3.jpg,https://cdn.imweb.me/thumbnail/20250520/bdb415fde132a.jpg,654,748,research/2026-09-11-yttop/evidence/ocr/56b30d4b1e28b6b3.jpg.txt,candidate_not_visually_approved
services,research/2026-09-11-yttop/evidence/assets/b5997322a1e91477.jpg,https://cdn.imweb.me/thumbnail/20250520/c42f12ed2cebe.jpg,654,748,research/2026-09-11-yttop/evidence/ocr/b5997322a1e91477.jpg.txt,candidate_not_visually_approved
services,research/2026-09-11-yttop/evidence/assets/56242a56d3c3bfbc.jpg,https://cdn.imweb.me/thumbnail/20250520/ff41a210b540b.jpg,654,748,research/2026-09-11-yttop/evidence/ocr/56242a56d3c3bfbc.jpg.txt,candidate_not_visually_approved
services,research/2026-09-11-yttop/evidence/assets/06a7c70b639c69f1.jpg,https://cdn.imweb.me/thumbnail/20250520/e4abec416cb9c.jpg,654,748,research/2026-09-11-yttop/evidence/ocr/06a7c70b639c69f1.jpg.txt,candidate_not_visually_approved
services,research/2026-09-11-yttop/evidence/assets/90350633e3429a95.jpg,https://cdn.imweb.me/thumbnail/20250520/8be9746de11ca.jpg,654,748,research/2026-09-11-yttop/evidence/ocr/90350633e3429a95.jpg.txt,candidate_not_visually_approved
services,research/2026-09-11-yttop/evidence/assets/6dbb67ac6037f8b8.jpg,https://cdn.imweb.me/thumbnail/20250520/5fff0fc849bce.jpg,654,748,research/2026-09-11-yttop/evidence/ocr/6dbb67ac6037f8b8.jpg.txt,candidate_not_visually_approved
services,research/2026-09-11-yttop/evidence/assets/4df517a88a4ed6e9.jpg,https://cdn.imweb.me/thumbnail/20250520/21ac920e374c8.jpg,654,748,research/2026-09-11-yttop/evidence/ocr/4df517a88a4ed6e9.jpg.txt,candidate_not_visually_approved
services,research/2026-09-11-yttop/evidence/assets/fedbac337681d79d.jpg,https://cdn.imweb.me/thumbnail/20250520/8512e33fdb908.jpg,654,748,research/2026-09-11-yttop/evidence/ocr/fedbac337681d79d.jpg.txt,candidate_not_visually_approved
services,research/2026-09-11-yttop/evidence/assets/6de752544855a2ef.jpg,https://cdn.imweb.me/thumbnail/20250520/182003d38211d.jpg,654,748,research/2026-09-11-yttop/evidence/ocr/6de752544855a2ef.jpg.txt,candidate_not_visually_approved
services,research/2026-09-11-yttop/evidence/assets/ee4811020948ab5b.png,https://cdn.imweb.me/thumbnail/20250520/aaa9794dacb9d.png,600,366,research/2026-09-11-yttop/evidence/ocr/ee4811020948ab5b.png.txt,candidate_not_visually_approved
services,research/2026-09-11-yttop/evidence/assets/3e1ce4f643ac3d60.jpg,https://cdn.imweb.me/thumbnail/20250520/4a0b6adbb1415.jpg,654,748,research/2026-09-11-yttop/evidence/ocr/3e1ce4f643ac3d60.jpg.txt,candidate_not_visually_approved
services,research/2026-09-11-yttop/evidence/assets/ff14a5b961c36b11.jpg,https://cdn.imweb.me/thumbnail/20250520/210a8432c764a.jpg,654,748,research/2026-09-11-yttop/evidence/ocr/ff14a5b961c36b11.jpg.txt,candidate_not_visually_approved
services,research/2026-09-11-yttop/evidence/assets/5d201b6c1e073cb4.jpg,https://cdn.imweb.me/thumbnail/20250520/e1d83ddf5062b.jpg,654,748,research/2026-09-11-yttop/evidence/ocr/5d201b6c1e073cb4.jpg.txt,candidate_not_visually_approved
services,research/2026-09-11-yttop/evidence/assets/ed77251253d693bc.jpg,https://cdn.imweb.me/thumbnail/20250520/162b99b965896.jpg,654,748,research/2026-09-11-yttop/evidence/ocr/ed77251253d693bc.jpg.txt,candidate_not_visually_approved
services,research/2026-09-11-yttop/evidence/assets/011bcb7ac8b05e67.jpg,https://cdn.imweb.me/thumbnail/20250520/ac867643e2533.jpg,654,748,research/2026-09-11-yttop/evidence/ocr/011bcb7ac8b05e67.jpg.txt,candidate_not_visually_approved
services,research/2026-09-11-yttop/evidence/assets/b309656a836f4a15.jpg,https://cdn.imweb.me/thumbnail/20250520/142e385f5913b.jpg,654,748,research/2026-09-11-yttop/evidence/ocr/b309656a836f4a15.jpg.txt,candidate_not_visually_approved
services,research/2026-09-11-yttop/evidence/assets/6a67fa247550754d.jpg,https://cdn.imweb.me/thumbnail/20250520/a155fe8941395.jpg,654,748,research/2026-09-11-yttop/evidence/ocr/6a67fa247550754d.jpg.txt,candidate_not_visually_approved
services,research/2026-09-11-yttop/evidence/assets/4abce750052c6bfd.jpg,https://cdn.imweb.me/thumbnail/20250520/dbee29365eb8a.jpg,654,748,research/2026-09-11-yttop/evidence/ocr/4abce750052c6bfd.jpg.txt,candidate_not_visually_approved
services,research/2026-09-11-yttop/evidence/assets/f2b94e006ec451e5.jpg,https://cdn.imweb.me/thumbnail/20250520/a91dc284e90c7.jpg,654,748,research/2026-09-11-yttop/evidence/ocr/f2b94e006ec451e5.jpg.txt,candidate_not_visually_approved
services,research/2026-09-11-yttop/evidence/assets/122ead3dc096f424.jpg,https://cdn.imweb.me/thumbnail/20250520/c00dfbb6b5147.jpg,654,748,research/2026-09-11-yttop/evidence/ocr/122ead3dc096f424.jpg.txt,candidate_not_visually_approved
services,research/2026-09-11-yttop/evidence/assets/b57495eede5549e9.png,https://cdn.imweb.me/thumbnail/20250520/62efb9e45748a.png,1920,500,research/2026-09-11-yttop/evidence/ocr/b57495eede5549e9.png.txt,candidate_not_visually_approved
services,research/2026-09-11-yttop/evidence/assets/2d02bd00d4d13da8.png,https://cdn.imweb.me/thumbnail/20250530/ec9c3b23998da.png,343,255,research/2026-09-11-yttop/evidence/ocr/2d02bd00d4d13da8.png.txt,candidate_not_visually_approved
services,research/2026-09-11-yttop/evidence/assets/257a08f956a6328e.png,https://cdn.imweb.me/thumbnail/20250530/7f488943c9878.png,330,255,research/2026-09-11-yttop/evidence/ocr/257a08f956a6328e.png.txt,candidate_not_visually_approved
services,research/2026-09-11-yttop/evidence/assets/b29d430929e742f7.png,https://cdn.imweb.me/thumbnail/20250530/856cfa8f3044e.png,393,255,research/2026-09-11-yttop/evidence/ocr/b29d430929e742f7.png.txt,candidate_not_visually_approved
services,research/2026-09-11-yttop/evidence/assets/725b1d6198b54e65.png,https://cdn.imweb.me/thumbnail/20250530/1a87af18a7c33.png,381,255,research/2026-09-11-yttop/evidence/ocr/725b1d6198b54e65.png.txt,candidate_not_visually_approved
services,research/2026-09-11-yttop/evidence/assets/50d0f2ab14b478ca.png,https://cdn.imweb.me/thumbnail/20250530/a338216161d24.png,394,255,research/2026-09-11-yttop/evidence/ocr/50d0f2ab14b478ca.png.txt,candidate_not_visually_approved
services,research/2026-09-11-yttop/evidence/assets/fd05999a2ca0d490.png,https://cdn.imweb.me/thumbnail/20250530/f1682e981f61c.png,375,255,research/2026-09-11-yttop/evidence/ocr/fd05999a2ca0d490.png.txt,candidate_not_visually_approved
services,research/2026-09-11-yttop/evidence/assets/b78989b411625bdb.png,https://cdn.imweb.me/thumbnail/20250530/8cf17549122b1.png,357,255,research/2026-09-11-yttop/evidence/ocr/b78989b411625bdb.png.txt,candidate_not_visually_approved
services,research/2026-09-11-yttop/evidence/assets/4411c453acb21273.png,https://cdn.imweb.me/thumbnail/20250530/7d720ab9eee8c.png,343,255,research/2026-09-11-yttop/evidence/ocr/4411c453acb21273.png.txt,candidate_not_visually_approved
services,research/2026-09-11-yttop/evidence/assets/e40edc21f3535e90.png,https://cdn.imweb.me/thumbnail/20250530/f35110430d07c.png,330,255,research/2026-09-11-yttop/evidence/ocr/e40edc21f3535e90.png.txt,candidate_not_visually_approved
services,research/2026-09-11-yttop/evidence/assets/43bb28d1d242e52d.png,https://cdn.imweb.me/thumbnail/20250530/2cc179849a998.png,393,255,research/2026-09-11-yttop/evidence/ocr/43bb28d1d242e52d.png.txt,candidate_not_visually_approved
services,research/2026-09-11-yttop/evidence/assets/394cfd99e654df6b.png,https://cdn.imweb.me/thumbnail/20250530/24048e3394e5f.png,381,255,research/2026-09-11-yttop/evidence/ocr/394cfd99e654df6b.png.txt,candidate_not_visually_approved
services,research/2026-09-11-yttop/evidence/assets/90abfa24fb854f34.png,https://cdn.imweb.me/thumbnail/20250530/b873843e7d2bb.png,394,255,research/2026-09-11-yttop/evidence/ocr/90abfa24fb854f34.png.txt,candidate_not_visually_approved
services,research/2026-09-11-yttop/evidence/assets/571c456ce59e5a82.png,https://cdn.imweb.me/thumbnail/20250530/01564f8a6eff8.png,375,255,research/2026-09-11-yttop/evidence/ocr/571c456ce59e5a82.png.txt,candidate_not_visually_approved
services,research/2026-09-11-yttop/evidence/assets/eabcdd53b64d75ae.png,https://cdn.imweb.me/thumbnail/20250530/b1523da4d9700.png,357,255,research/2026-09-11-yttop/evidence/ocr/eabcdd53b64d75ae.png.txt,candidate_not_visually_approved
services,research/2026-09-11-yttop/evidence/assets/504fd7a8a57a8f67.png,https://cdn.imweb.me/thumbnail/20250530/4a7cb1b797d85.png,343,255,research/2026-09-11-yttop/evidence/ocr/504fd7a8a57a8f67.png.txt,candidate_not_visually_approved
services,research/2026-09-11-yttop/evidence/assets/09edd9a03557ecba.png,https://cdn.imweb.me/thumbnail/20250530/9c10d8d5e8856.png,330,255,research/2026-09-11-yttop/evidence/ocr/09edd9a03557ecba.png.txt,candidate_not_visually_approved
services,research/2026-09-11-yttop/evidence/assets/40a9128e9ae1a04c.png,https://cdn.imweb.me/thumbnail/20250530/02533d9719238.png,393,255,research/2026-09-11-yttop/evidence/ocr/40a9128e9ae1a04c.png.txt,candidate_not_visually_approved
services,research/2026-09-11-yttop/evidence/assets/9c4374c8b677abaa.png,https://cdn.imweb.me/thumbnail/20250530/8bcb96a470ee5.png,381,255,research/2026-09-11-yttop/evidence/ocr/9c4374c8b677abaa.png.txt,candidate_not_visually_approved
services,research/2026-09-11-yttop/evidence/assets/5007de1fc7455f5c.png,https://cdn.imweb.me/thumbnail/20250530/53c26b8d81e5d.png,394,255,research/2026-09-11-yttop/evidence/ocr/5007de1fc7455f5c.png.txt,candidate_not_visually_approved
services,research/2026-09-11-yttop/evidence/assets/624af26fd284808a.png,https://cdn.imweb.me/thumbnail/20250530/771aec85ffa80.png,375,255,research/2026-09-11-yttop/evidence/ocr/624af26fd284808a.png.txt,candidate_not_visually_approved
services,research/2026-09-11-yttop/evidence/assets/b17b7ff936c5f2e0.png,https://cdn.imweb.me/thumbnail/20250530/2f6b1387c305a.png,357,255,research/2026-09-11-yttop/evidence/ocr/b17b7ff936c5f2e0.png.txt,candidate_not_visually_approved
services,research/2026-09-11-yttop/evidence/assets/635341c086b4b4c6.png,https://cdn.imweb.me/thumbnail/20250925/bd9b1273106bc.png,600,366,research/2026-09-11-yttop/evidence/ocr/635341c086b4b4c6.png.txt,candidate_not_visually_approved
services,research/2026-09-11-yttop/evidence/assets/f8ff13f5065c7b69.jpg,https://cdn.imweb.me/thumbnail/20250925/3294c3f862782.jpg,654,748,research/2026-09-11-yttop/evidence/ocr/f8ff13f5065c7b69.jpg.txt,candidate_not_visually_approved
services,research/2026-09-11-yttop/evidence/assets/f0c0219b1089a9ba.jpg,https://cdn.imweb.me/thumbnail/20250925/19ea43f279aa2.jpg,654,748,research/2026-09-11-yttop/evidence/ocr/f0c0219b1089a9ba.jpg.txt,candidate_not_visually_approved
services,research/2026-09-11-yttop/evidence/assets/4511dd92813f59aa.jpg,https://cdn.imweb.me/thumbnail/20250925/c4265f53b2684.jpg,654,748,research/2026-09-11-yttop/evidence/ocr/4511dd92813f59aa.jpg.txt,candidate_not_visually_approved
services,research/2026-09-11-yttop/evidence/assets/e2c6a7f7b01221ff.png,https://cdn.imweb.me/thumbnail/20250925/680011b4169b2.png,600,366,research/2026-09-11-yttop/evidence/ocr/e2c6a7f7b01221ff.png.txt,candidate_not_visually_approved
services,research/2026-09-11-yttop/evidence/assets/6eb09b9b71948b13.jpg,https://cdn.imweb.me/thumbnail/20250925/bd185929a7f00.jpg,654,748,research/2026-09-11-yttop/evidence/ocr/6eb09b9b71948b13.jpg.txt,candidate_not_visually_approved
services,research/2026-09-11-yttop/evidence/assets/2c43a4a77c4ddfe2.jpg,https://cdn.imweb.me/thumbnail/20250925/0dcb50dcd9e22.jpg,654,748,research/2026-09-11-yttop/evidence/ocr/2c43a4a77c4ddfe2.jpg.txt,candidate_not_visually_approved
services,research/2026-09-11-yttop/evidence/assets/f524adc7aaea56a6.jpg,https://cdn.imweb.me/thumbnail/20250925/8db41eb17d10e.jpg,654,748,research/2026-09-11-yttop/evidence/ocr/f524adc7aaea56a6.jpg.txt,candidate_not_visually_approved
services,research/2026-09-11-yttop/evidence/assets/0f0b5bfd0eebe543.jpg,https://cdn.imweb.me/thumbnail/20250925/e6ce1d2d1a90c.jpg,1920,500,research/2026-09-11-yttop/evidence/ocr/0f0b5bfd0eebe543.jpg.txt,candidate_not_visually_approved
services,research/2026-09-11-yttop/evidence/assets/00ea749c2cd841d2.jpg,https://cdn.imweb.me/thumbnail/20250925/4b6590de69224.jpg,1920,500,research/2026-09-11-yttop/evidence/ocr/00ea749c2cd841d2.jpg.txt,candidate_not_visually_approved
heart-index,research/2026-09-11-yttop/evidence/assets/fb4fab92bac241ed.png,https://cdn.imweb.me/upload/S202304199e04167fc8c5a/de1e65c4c99d9.png,1538,1538,research/2026-09-11-yttop/evidence/ocr/fb4fab92bac241ed.png.txt,candidate_not_visually_approved
heart-index,research/2026-09-11-yttop/evidence/assets/6c41e5cc5a028c5e.png,https://cdn.imweb.me/upload/S202304199e04167fc8c5a/c0401d7db3415.png,1538,1538,research/2026-09-11-yttop/evidence/ocr/6c41e5cc5a028c5e.png.txt,candidate_not_visually_approved
heart-index,research/2026-09-11-yttop/evidence/assets/1edecc8eac265bcc.png,https://cdn.imweb.me/thumbnail/20250513/e284ab87408ab.png,1920,384,research/2026-09-11-yttop/evidence/ocr/1edecc8eac265bcc.png.txt,candidate_not_visually_approved
heart-index,research/2026-09-11-yttop/evidence/assets/7c07b0cfe310101b.png,https://cdn.imweb.me/thumbnail/20250428/82c81dd405035.png,1920,384,research/2026-09-11-yttop/evidence/ocr/7c07b0cfe310101b.png.txt,candidate_not_visually_approved
heart-index,research/2026-09-11-yttop/evidence/assets/a242b3ac69a0d9be.jpg,https://cdn.imweb.me/thumbnail/20250502/9fad61098c44b.jpg,1920,629,research/2026-09-11-yttop/evidence/ocr/a242b3ac69a0d9be.jpg.txt,candidate_not_visually_approved
heart-index,research/2026-09-11-yttop/evidence/assets/c573556c0c7bd6d7.png,https://cdn.imweb.me/thumbnail/20250513/a85a0da3abdb9.png,900,1300,research/2026-09-11-yttop/evidence/ocr/c573556c0c7bd6d7.png.txt,candidate_not_visually_approved
heart-index,research/2026-09-11-yttop/evidence/assets/401b714a206ed425.png,https://cdn.imweb.me/thumbnail/20250513/ea44c6d4064ed.png,600,366,research/2026-09-11-yttop/evidence/ocr/401b714a206ed425.png.txt,candidate_not_visually_approved
heart-index,research/2026-09-11-yttop/evidence/assets/c87dc21b6dadfdc5.png,https://cdn.imweb.me/thumbnail/20250513/baede26abcf01.png,500,500,research/2026-09-11-yttop/evidence/ocr/c87dc21b6dadfdc5.png.txt,candidate_not_visually_approved
heart-index,research/2026-09-11-yttop/evidence/assets/23bc7de6923642e9.png,https://cdn.imweb.me/thumbnail/20250513/b903a67a31789.png,500,500,research/2026-09-11-yttop/evidence/ocr/23bc7de6923642e9.png.txt,candidate_not_visually_approved
heart-index,research/2026-09-11-yttop/evidence/assets/12fcfaa5d6bf8c2b.png,https://cdn.imweb.me/thumbnail/20250513/fed0add7ccc21.png,500,500,research/2026-09-11-yttop/evidence/ocr/12fcfaa5d6bf8c2b.png.txt,candidate_not_visually_approved
heart-index,research/2026-09-11-yttop/evidence/assets/44d8e1f3c46753a5.png,https://cdn.imweb.me/thumbnail/20250513/3e286181cde3f.png,500,500,research/2026-09-11-yttop/evidence/ocr/44d8e1f3c46753a5.png.txt,candidate_not_visually_approved
heart-index,research/2026-09-11-yttop/evidence/assets/4d29e8dbac40288d.png,https://cdn.imweb.me/thumbnail/20250513/a7fa9fa0c5279.png,500,500,research/2026-09-11-yttop/evidence/ocr/4d29e8dbac40288d.png.txt,candidate_not_visually_approved
heart-index,research/2026-09-11-yttop/evidence/assets/347857ad2d949243.png,https://cdn.imweb.me/thumbnail/20250513/b26d8b746849e.png,500,500,research/2026-09-11-yttop/evidence/ocr/347857ad2d949243.png.txt,candidate_not_visually_approved
heart-index,research/2026-09-11-yttop/evidence/assets/23fbf08d088f4ba9.png,https://cdn.imweb.me/thumbnail/20250513/af6b133cfe931.png,500,500,research/2026-09-11-yttop/evidence/ocr/23fbf08d088f4ba9.png.txt,candidate_not_visually_approved
heart-index,research/2026-09-11-yttop/evidence/assets/ac9a241a21286cd5.png,https://cdn.imweb.me/thumbnail/20250513/4f968c10aebcc.png,500,500,research/2026-09-11-yttop/evidence/ocr/ac9a241a21286cd5.png.txt,candidate_not_visually_approved
heart-index,research/2026-09-11-yttop/evidence/assets/fa07583252368149.png,https://cdn.imweb.me/thumbnail/20250513/b9f65039cc888.png,900,3139,research/2026-09-11-yttop/evidence/ocr/fa07583252368149.png.txt,candidate_not_visually_approved
heart-index,research/2026-09-11-yttop/evidence/assets/0cdec520369e462c.png,https://cdn.imweb.me/thumbnail/20250502/3a470ebd3d98d.png,1032,366,research/2026-09-11-yttop/evidence/ocr/0cdec520369e462c.png.txt,candidate_not_visually_approved
heart-index,research/2026-09-11-yttop/evidence/assets/4268ca9040874a19.png,https://cdn.imweb.me/thumbnail/20250428/3cb79234730ca.png,600,366,research/2026-09-11-yttop/evidence/ocr/4268ca9040874a19.png.txt,candidate_not_visually_approved
heart-index,research/2026-09-11-yttop/evidence/assets/1e6aaae03b4e4ce1.png,https://cdn.imweb.me/thumbnail/20250502/c1e596cd3285e.png,600,748,research/2026-09-11-yttop/evidence/ocr/1e6aaae03b4e4ce1.png.txt,candidate_not_visually_approved
heart-index,research/2026-09-11-yttop/evidence/assets/01ae39e2b17196d4.png,https://cdn.imweb.me/thumbnail/20250502/dd236314bcbaa.png,600,748,research/2026-09-11-yttop/evidence/ocr/01ae39e2b17196d4.png.txt,candidate_not_visually_approved
heart-index,research/2026-09-11-yttop/evidence/assets/2e0fe9922b20ca8e.png,https://cdn.imweb.me/thumbnail/20250502/f38d4f0c249ad.png,600,748,research/2026-09-11-yttop/evidence/ocr/2e0fe9922b20ca8e.png.txt,candidate_not_visually_approved
heart-index,research/2026-09-11-yttop/evidence/assets/db7494ded6cc6a03.png,https://cdn.imweb.me/thumbnail/20250502/af90a20a30ff6.png,600,748,research/2026-09-11-yttop/evidence/ocr/db7494ded6cc6a03.png.txt,candidate_not_visually_approved
heart-index,research/2026-09-11-yttop/evidence/assets/7f6eb6d771b95b6b.png,https://cdn.imweb.me/thumbnail/20250502/f6136a1f0b794.png,600,748,research/2026-09-11-yttop/evidence/ocr/7f6eb6d771b95b6b.png.txt,candidate_not_visually_approved
heart-index,research/2026-09-11-yttop/evidence/assets/c6407204b7116710.png,https://cdn.imweb.me/thumbnail/20250502/8320e0ca5770a.png,600,748,research/2026-09-11-yttop/evidence/ocr/c6407204b7116710.png.txt,candidate_not_visually_approved
heart-index,research/2026-09-11-yttop/evidence/assets/159dfc84895e7884.jpg,https://cdn.imweb.me/thumbnail/20250513/b3affadae6f1f.jpg,654,748,research/2026-09-11-yttop/evidence/ocr/159dfc84895e7884.jpg.txt,candidate_not_visually_approved
heart-index,research/2026-09-11-yttop/evidence/assets/9ca4a760a170065f.png,https://cdn.imweb.me/thumbnail/20250502/43536636c7f23.png,600,748,research/2026-09-11-yttop/evidence/ocr/9ca4a760a170065f.png.txt,candidate_not_visually_approved
heart-index,research/2026-09-11-yttop/evidence/assets/2c88b3963e010a45.png,https://cdn.imweb.me/thumbnail/20250502/a575c8df160e3.png,1400,340,research/2026-09-11-yttop/evidence/ocr/2c88b3963e010a45.png.txt,candidate_not_visually_approved
heart-index,research/2026-09-11-yttop/evidence/assets/205a1a56a2201a6b.png,https://cdn.imweb.me/thumbnail/20250513/c3bc3bfe07239.png,1400,340,research/2026-09-11-yttop/evidence/ocr/205a1a56a2201a6b.png.txt,candidate_not_visually_approved
heart-index,research/2026-09-11-yttop/evidence/assets/a7a1a197cc195db5.png,https://cdn.imweb.me/thumbnail/20250530/5a51addc54d9d.png,179,43,research/2026-09-11-yttop/evidence/ocr/a7a1a197cc195db5.png.txt,candidate_not_visually_approved
heart-index,research/2026-09-11-yttop/evidence/assets/de325fb6a508a4b1.png,https://cdn.imweb.me/thumbnail/20250428/6dcd967dd7758.png,1920,500,research/2026-09-11-yttop/evidence/ocr/de325fb6a508a4b1.png.txt,candidate_not_visually_approved
heart-index,research/2026-09-11-yttop/evidence/assets/3cd5acfaef14d22f.png,https://cdn.imweb.me/thumbnail/20250513/93207dd0a77f1.png,1920,500,research/2026-09-11-yttop/evidence/ocr/3cd5acfaef14d22f.png.txt,candidate_not_visually_approved
heart-index,research/2026-09-11-yttop/evidence/assets/ca2240e04ae06552.png,https://cdn.imweb.me/thumbnail/20250513/390ead6745dc9.png,1600,900,research/2026-09-11-yttop/evidence/ocr/ca2240e04ae06552.png.txt,candidate_not_visually_approved
heart-index,research/2026-09-11-yttop/evidence/assets/d0be96acf94dc0fc.png,https://cdn.imweb.me/thumbnail/20250513/bc22b9d1c2714.png,1600,900,research/2026-09-11-yttop/evidence/ocr/d0be96acf94dc0fc.png.txt,candidate_not_visually_approved
heart-index,research/2026-09-11-yttop/evidence/assets/cc377a275103b97a.png,https://cdn.imweb.me/thumbnail/20250513/2cfd84a161b45.png,1600,900,research/2026-09-11-yttop/evidence/ocr/cc377a275103b97a.png.txt,candidate_not_visually_approved
heart-index,research/2026-09-11-yttop/evidence/assets/bf2bcb610a200e22.png,https://cdn.imweb.me/thumbnail/20250502/5d720659b03f7.png,800,500,research/2026-09-11-yttop/evidence/ocr/bf2bcb610a200e22.png.txt,candidate_not_visually_approved
heart-index,research/2026-09-11-yttop/evidence/assets/3fa251ac7ce873a7.png,https://cdn.imweb.me/thumbnail/20250502/8aa1eb468a644.png,800,500,research/2026-09-11-yttop/evidence/ocr/3fa251ac7ce873a7.png.txt,candidate_not_visually_approved
heart-index,research/2026-09-11-yttop/evidence/assets/0ce1054e82318d34.png,https://cdn.imweb.me/thumbnail/20250502/f78b9c8a2bea4.png,800,500,research/2026-09-11-yttop/evidence/ocr/0ce1054e82318d34.png.txt,candidate_not_visually_approved
heart-index,research/2026-09-11-yttop/evidence/assets/07a9452462e2a257.png,https://cdn.imweb.me/thumbnail/20250502/2b76f4a8ff7b5.png,800,500,research/2026-09-11-yttop/evidence/ocr/07a9452462e2a257.png.txt,candidate_not_visually_approved
heart-index,research/2026-09-11-yttop/evidence/assets/0a7d7cdc9a8fa18c.png,https://cdn.imweb.me/thumbnail/20250502/4def4aca2c374.png,800,500,research/2026-09-11-yttop/evidence/ocr/0a7d7cdc9a8fa18c.png.txt,candidate_not_visually_approved
heart-index,research/2026-09-11-yttop/evidence/assets/4439418ec0fdf927.png,https://cdn.imweb.me/thumbnail/20250502/e7bd0e6ce1f12.png,800,500,research/2026-09-11-yttop/evidence/ocr/4439418ec0fdf927.png.txt,candidate_not_visually_approved
heart-index,research/2026-09-11-yttop/evidence/assets/b8fa0f15c3c485f0.png,https://cdn.imweb.me/thumbnail/20250502/3483d6972a781.png,800,500,research/2026-09-11-yttop/evidence/ocr/b8fa0f15c3c485f0.png.txt,candidate_not_visually_approved
heart-index,research/2026-09-11-yttop/evidence/assets/ffb5d768de75eb6e.png,https://cdn.imweb.me/thumbnail/20250530/68122cc25b8ec.png,388,255,research/2026-09-11-yttop/evidence/ocr/ffb5d768de75eb6e.png.txt,candidate_not_visually_approved
heart-index,research/2026-09-11-yttop/evidence/assets/1ff9ac29ce1f9241.png,https://cdn.imweb.me/thumbnail/20250530/48891a042c1a9.png,383,255,research/2026-09-11-yttop/evidence/ocr/1ff9ac29ce1f9241.png.txt,candidate_not_visually_approved
heart-index,research/2026-09-11-yttop/evidence/assets/3ace4f5c98aee067.png,https://cdn.imweb.me/thumbnail/20250530/c12b7ad4800cb.png,372,255,research/2026-09-11-yttop/evidence/ocr/3ace4f5c98aee067.png.txt,candidate_not_visually_approved
heart-index,research/2026-09-11-yttop/evidence/assets/b2233de18a027dd5.png,https://cdn.imweb.me/thumbnail/20250530/e7a1cd0c6d193.png,379,255,research/2026-09-11-yttop/evidence/ocr/b2233de18a027dd5.png.txt,candidate_not_visually_approved
heart-index,research/2026-09-11-yttop/evidence/assets/ba7f45a64bfac449.png,https://cdn.imweb.me/thumbnail/20250530/845bd969e7f4d.png,343,255,research/2026-09-11-yttop/evidence/ocr/ba7f45a64bfac449.png.txt,candidate_not_visually_approved
heart-index,research/2026-09-11-yttop/evidence/assets/819b5fa6e10b4bbc.png,https://cdn.imweb.me/thumbnail/20250530/2ba32d574a409.png,343,255,research/2026-09-11-yttop/evidence/ocr/819b5fa6e10b4bbc.png.txt,candidate_not_visually_approved
heart-index,research/2026-09-11-yttop/evidence/assets/aff2c53355f06096.png,https://cdn.imweb.me/thumbnail/20250530/8051118e847aa.png,340,255,research/2026-09-11-yttop/evidence/ocr/aff2c53355f06096.png.txt,candidate_not_visually_approved
heart-index,research/2026-09-11-yttop/evidence/assets/ea2a2aec5a13d957.png,https://cdn.imweb.me/thumbnail/20250530/f1d2d7ecbd008.png,352,255,research/2026-09-11-yttop/evidence/ocr/ea2a2aec5a13d957.png.txt,candidate_not_visually_approved
heart-index,research/2026-09-11-yttop/evidence/assets/7db965d71ba6ea66.png,https://cdn.imweb.me/thumbnail/20250530/134e620b1e114.png,357,255,research/2026-09-11-yttop/evidence/ocr/7db965d71ba6ea66.png.txt,candidate_not_visually_approved
heart-index,research/2026-09-11-yttop/evidence/assets/055ed5d8c348e389.png,https://cdn.imweb.me/thumbnail/20250530/cbb92c4c48a77.png,253,170,research/2026-09-11-yttop/evidence/ocr/055ed5d8c348e389.png.txt,candidate_not_visually_approved
heart-index,research/2026-09-11-yttop/evidence/assets/79b8b5b7d23d6716.png,https://cdn.imweb.me/thumbnail/20250530/e0085327ce444.png,316,170,research/2026-09-11-yttop/evidence/ocr/79b8b5b7d23d6716.png.txt,candidate_not_visually_approved
heart-index,research/2026-09-11-yttop/evidence/assets/11c0345409280b26.png,https://cdn.imweb.me/thumbnail/20250530/c33fc4d5e1744.png,569,390,research/2026-09-11-yttop/evidence/ocr/11c0345409280b26.png.txt,candidate_not_visually_approved
heart-index,research/2026-09-11-yttop/evidence/assets/ac6162d14b059fda.png,https://cdn.imweb.me/thumbnail/20250530/29962bbb5f536.png,292,170,research/2026-09-11-yttop/evidence/ocr/ac6162d14b059fda.png.txt,candidate_not_visually_approved
heart-index,research/2026-09-11-yttop/evidence/assets/8beb093634548089.png,https://cdn.imweb.me/thumbnail/20250428/75ca4e22dc896.png,800,500,research/2026-09-11-yttop/evidence/ocr/8beb093634548089.png.txt,candidate_not_visually_approved
heart-index,research/2026-09-11-yttop/evidence/assets/1c1648a873fdbd4f.png,https://cdn.imweb.me/thumbnail/20250428/0e75f2a1b1d20.png,800,500,research/2026-09-11-yttop/evidence/ocr/1c1648a873fdbd4f.png.txt,candidate_not_visually_approved
heart-index,research/2026-09-11-yttop/evidence/assets/115d2ee12772a239.png,https://cdn.imweb.me/thumbnail/20250428/d0729a91ba60b.png,800,500,research/2026-09-11-yttop/evidence/ocr/115d2ee12772a239.png.txt,candidate_not_visually_approved
heart-index,research/2026-09-11-yttop/evidence/assets/454527990e6ef3c1.png,https://cdn.imweb.me/thumbnail/20250428/6f2390a501e06.png,800,500,research/2026-09-11-yttop/evidence/ocr/454527990e6ef3c1.png.txt,candidate_not_visually_approved
heart-index,research/2026-09-11-yttop/evidence/assets/533fd8efb15d809a.png,https://cdn.imweb.me/thumbnail/20250428/c61065968e3b0.png,800,500,research/2026-09-11-yttop/evidence/ocr/533fd8efb15d809a.png.txt,candidate_not_visually_approved
heart-index,research/2026-09-11-yttop/evidence/assets/dbc5c4429a806c6b.png,https://cdn.imweb.me/thumbnail/20250428/5c4af7f9fee69.png,800,500,research/2026-09-11-yttop/evidence/ocr/dbc5c4429a806c6b.png.txt,candidate_not_visually_approved
heart-index,research/2026-09-11-yttop/evidence/assets/c143d5b3e3f720a8.png,https://cdn.imweb.me/thumbnail/20250428/9f5cd6585a820.png,800,500,research/2026-09-11-yttop/evidence/ocr/c143d5b3e3f720a8.png.txt,candidate_not_visually_approved
heart-index,research/2026-09-11-yttop/evidence/assets/4892a3cf22cb1abd.png,https://cdn.imweb.me/thumbnail/20250530/ca8c1b449d588.png,388,255,research/2026-09-11-yttop/evidence/ocr/4892a3cf22cb1abd.png.txt,candidate_not_visually_approved
heart-index,research/2026-09-11-yttop/evidence/assets/dab44ea8e8e162d8.png,https://cdn.imweb.me/thumbnail/20250530/0dd8562e47d87.png,383,255,research/2026-09-11-yttop/evidence/ocr/dab44ea8e8e162d8.png.txt,candidate_not_visually_approved
heart-index,research/2026-09-11-yttop/evidence/assets/0294cc8bb01ed68e.png,https://cdn.imweb.me/thumbnail/20250530/51d0589d9a591.png,372,255,research/2026-09-11-yttop/evidence/ocr/0294cc8bb01ed68e.png.txt,candidate_not_visually_approved
heart-index,research/2026-09-11-yttop/evidence/assets/7b4508c93ea8472a.png,https://cdn.imweb.me/thumbnail/20250530/9cafc6ddd9d17.png,379,255,research/2026-09-11-yttop/evidence/ocr/7b4508c93ea8472a.png.txt,candidate_not_visually_approved
heart-index,research/2026-09-11-yttop/evidence/assets/6514a9806dfce4e3.png,https://cdn.imweb.me/thumbnail/20250530/e9b6125ba47a5.png,343,255,research/2026-09-11-yttop/evidence/ocr/6514a9806dfce4e3.png.txt,candidate_not_visually_approved
heart-index,research/2026-09-11-yttop/evidence/assets/96c21533c9ad7ae7.png,https://cdn.imweb.me/thumbnail/20250530/3d8fadda89df5.png,343,255,research/2026-09-11-yttop/evidence/ocr/96c21533c9ad7ae7.png.txt,candidate_not_visually_approved
heart-index,research/2026-09-11-yttop/evidence/assets/9ac5695c9a93332e.png,https://cdn.imweb.me/thumbnail/20250530/74157c240d819.png,340,255,research/2026-09-11-yttop/evidence/ocr/9ac5695c9a93332e.png.txt,candidate_not_visually_approved
heart-index,research/2026-09-11-yttop/evidence/assets/d2b65e3c98664493.png,https://cdn.imweb.me/thumbnail/20250530/ab691182188f5.png,352,255,research/2026-09-11-yttop/evidence/ocr/d2b65e3c98664493.png.txt,candidate_not_visually_approved
heart-index,research/2026-09-11-yttop/evidence/assets/7011fd2cde48ea72.png,https://cdn.imweb.me/thumbnail/20250530/691bc53a5b1f7.png,357,255,research/2026-09-11-yttop/evidence/ocr/7011fd2cde48ea72.png.txt,candidate_not_visually_approved
heart-index,research/2026-09-11-yttop/evidence/assets/b441dfb64fa7c5a8.png,https://cdn.imweb.me/thumbnail/20250530/03d60a28e3c8c.png,253,170,research/2026-09-11-yttop/evidence/ocr/b441dfb64fa7c5a8.png.txt,candidate_not_visually_approved
heart-index,research/2026-09-11-yttop/evidence/assets/cf91d86eab40dbb1.png,https://cdn.imweb.me/thumbnail/20250530/0d9f9ea42543a.png,316,170,research/2026-09-11-yttop/evidence/ocr/cf91d86eab40dbb1.png.txt,candidate_not_visually_approved
heart-index,research/2026-09-11-yttop/evidence/assets/3fe86058184483c4.png,https://cdn.imweb.me/thumbnail/20250530/2bee45a0a1afa.png,569,390,research/2026-09-11-yttop/evidence/ocr/3fe86058184483c4.png.txt,candidate_not_visually_approved
heart-index,research/2026-09-11-yttop/evidence/assets/7db6ca60e3828c94.png,https://cdn.imweb.me/thumbnail/20250530/5aea63ec6b6b2.png,292,170,research/2026-09-11-yttop/evidence/ocr/7db6ca60e3828c94.png.txt,candidate_not_visually_approved
heart-index,research/2026-09-11-yttop/evidence/assets/0d8720c72c89f634.png,https://cdn.imweb.me/thumbnail/20250513/30387ac540767.png,1600,900,research/2026-09-11-yttop/evidence/ocr/0d8720c72c89f634.png.txt,candidate_not_visually_approved
heart-index,research/2026-09-11-yttop/evidence/assets/853e563551819f45.png,https://cdn.imweb.me/thumbnail/20250513/fc06a98cf8473.png,1600,900,research/2026-09-11-yttop/evidence/ocr/853e563551819f45.png.txt,candidate_not_visually_approved
heart-index,research/2026-09-11-yttop/evidence/assets/07e8fba9f4e588fb.png,https://cdn.imweb.me/thumbnail/20250513/c5515c0fc5ac6.png,1600,900,research/2026-09-11-yttop/evidence/ocr/07e8fba9f4e588fb.png.txt,candidate_not_visually_approved
heart-index,research/2026-09-11-yttop/evidence/assets/73eab099bc6f6381.png,https://cdn.imweb.me/thumbnail/20250428/22837b6706300.png,800,500,research/2026-09-11-yttop/evidence/ocr/73eab099bc6f6381.png.txt,candidate_not_visually_approved
heart-index,research/2026-09-11-yttop/evidence/assets/8b66050e922fca88.png,https://cdn.imweb.me/thumbnail/20250428/aab8585c19826.png,800,500,research/2026-09-11-yttop/evidence/ocr/8b66050e922fca88.png.txt,candidate_not_visually_approved
heart-index,research/2026-09-11-yttop/evidence/assets/d680f5f92e3691fc.png,https://cdn.imweb.me/thumbnail/20250428/72563498e2623.png,800,500,research/2026-09-11-yttop/evidence/ocr/d680f5f92e3691fc.png.txt,candidate_not_visually_approved
heart-index,research/2026-09-11-yttop/evidence/assets/cbd34fdebb9da8de.png,https://cdn.imweb.me/thumbnail/20250428/ee806f339c5ea.png,800,500,research/2026-09-11-yttop/evidence/ocr/cbd34fdebb9da8de.png.txt,candidate_not_visually_approved
heart-index,research/2026-09-11-yttop/evidence/assets/7ade082877593c4e.png,https://cdn.imweb.me/thumbnail/20250428/74baa279c5956.png,800,500,research/2026-09-11-yttop/evidence/ocr/7ade082877593c4e.png.txt,candidate_not_visually_approved
heart-index,research/2026-09-11-yttop/evidence/assets/174ee032b6c62ca0.png,https://cdn.imweb.me/thumbnail/20250428/b559d36addd4c.png,800,500,research/2026-09-11-yttop/evidence/ocr/174ee032b6c62ca0.png.txt,candidate_not_visually_approved
heart-index,research/2026-09-11-yttop/evidence/assets/4624c099c2f123c4.png,https://cdn.imweb.me/thumbnail/20250428/e1b40a25cf3ec.png,800,500,research/2026-09-11-yttop/evidence/ocr/4624c099c2f123c4.png.txt,candidate_not_visually_approved
heart-index,research/2026-09-11-yttop/evidence/assets/fe4e780eccda2101.png,https://cdn.imweb.me/thumbnail/20250530/2322d19b631ed.png,372,255,research/2026-09-11-yttop/evidence/ocr/fe4e780eccda2101.png.txt,candidate_not_visually_approved
heart-index,research/2026-09-11-yttop/evidence/assets/77a5fd55a2ab1482.png,https://cdn.imweb.me/thumbnail/20250530/f559cd348d96b.png,379,255,research/2026-09-11-yttop/evidence/ocr/77a5fd55a2ab1482.png.txt,candidate_not_visually_approved
heart-index,research/2026-09-11-yttop/evidence/assets/8f94ac73b5c26834.png,https://cdn.imweb.me/thumbnail/20250530/f296246b760cf.png,388,255,research/2026-09-11-yttop/evidence/ocr/8f94ac73b5c26834.png.txt,candidate_not_visually_approved
heart-index,research/2026-09-11-yttop/evidence/assets/222a71eac9701920.png,https://cdn.imweb.me/thumbnail/20250530/f938f2af01c58.png,383,255,research/2026-09-11-yttop/evidence/ocr/222a71eac9701920.png.txt,candidate_not_visually_approved
heart-index,research/2026-09-11-yttop/evidence/assets/148d424809edb7cd.png,https://cdn.imweb.me/thumbnail/20250530/13f9070ff19d3.png,343,255,research/2026-09-11-yttop/evidence/ocr/148d424809edb7cd.png.txt,candidate_not_visually_approved
heart-index,research/2026-09-11-yttop/evidence/assets/6702ff32f299bd73.png,https://cdn.imweb.me/thumbnail/20250530/012e8dc09a7cb.png,343,255,research/2026-09-11-yttop/evidence/ocr/6702ff32f299bd73.png.txt,candidate_not_visually_approved
heart-index,research/2026-09-11-yttop/evidence/assets/94b9192daf0f3df8.png,https://cdn.imweb.me/thumbnail/20250530/ab5ff88ea0e37.png,340,255,research/2026-09-11-yttop/evidence/ocr/94b9192daf0f3df8.png.txt,candidate_not_visually_approved
heart-index,research/2026-09-11-yttop/evidence/assets/88d207f989409f66.png,https://cdn.imweb.me/thumbnail/20250530/04baea8e97a2d.png,352,255,research/2026-09-11-yttop/evidence/ocr/88d207f989409f66.png.txt,candidate_not_visually_approved
heart-index,research/2026-09-11-yttop/evidence/assets/275ee761578c62fd.png,https://cdn.imweb.me/thumbnail/20250530/8c6befff00d5a.png,357,255,research/2026-09-11-yttop/evidence/ocr/275ee761578c62fd.png.txt,candidate_not_visually_approved
heart-index,research/2026-09-11-yttop/evidence/assets/63a742688bf26c44.png,https://cdn.imweb.me/thumbnail/20250530/b03508f98d52e.png,253,170,research/2026-09-11-yttop/evidence/ocr/63a742688bf26c44.png.txt,candidate_not_visually_approved
heart-index,research/2026-09-11-yttop/evidence/assets/507214f29f8e32aa.png,https://cdn.imweb.me/thumbnail/20250530/686776aa7c7ab.png,316,170,research/2026-09-11-yttop/evidence/ocr/507214f29f8e32aa.png.txt,candidate_not_visually_approved
heart-index,research/2026-09-11-yttop/evidence/assets/eda6b2325e8c888b.png,https://cdn.imweb.me/thumbnail/20250530/a39ed48bbec80.png,569,390,research/2026-09-11-yttop/evidence/ocr/eda6b2325e8c888b.png.txt,candidate_not_visually_approved
heart-index,research/2026-09-11-yttop/evidence/assets/29480737713df9bd.png,https://cdn.imweb.me/thumbnail/20250530/fbefb70c8bed0.png,292,170,research/2026-09-11-yttop/evidence/ocr/29480737713df9bd.png.txt,candidate_not_visually_approved
echocardiography,research/2026-09-11-yttop/evidence/assets/fb4fab92bac241ed.png,https://cdn.imweb.me/upload/S202304199e04167fc8c5a/de1e65c4c99d9.png,1538,1538,research/2026-09-11-yttop/evidence/ocr/fb4fab92bac241ed.png.txt,candidate_not_visually_approved
echocardiography,research/2026-09-11-yttop/evidence/assets/6c41e5cc5a028c5e.png,https://cdn.imweb.me/upload/S202304199e04167fc8c5a/c0401d7db3415.png,1538,1538,research/2026-09-11-yttop/evidence/ocr/6c41e5cc5a028c5e.png.txt,candidate_not_visually_approved
echocardiography,research/2026-09-11-yttop/evidence/assets/1edecc8eac265bcc.png,https://cdn.imweb.me/thumbnail/20250513/e284ab87408ab.png,1920,384,research/2026-09-11-yttop/evidence/ocr/1edecc8eac265bcc.png.txt,candidate_not_visually_approved
echocardiography,research/2026-09-11-yttop/evidence/assets/7c07b0cfe310101b.png,https://cdn.imweb.me/thumbnail/20250428/82c81dd405035.png,1920,384,research/2026-09-11-yttop/evidence/ocr/7c07b0cfe310101b.png.txt,candidate_not_visually_approved
echocardiography,research/2026-09-11-yttop/evidence/assets/a242b3ac69a0d9be.jpg,https://cdn.imweb.me/thumbnail/20250502/9fad61098c44b.jpg,1920,629,research/2026-09-11-yttop/evidence/ocr/a242b3ac69a0d9be.jpg.txt,candidate_not_visually_approved
echocardiography,research/2026-09-11-yttop/evidence/assets/c573556c0c7bd6d7.png,https://cdn.imweb.me/thumbnail/20250513/a85a0da3abdb9.png,900,1300,research/2026-09-11-yttop/evidence/ocr/c573556c0c7bd6d7.png.txt,candidate_not_visually_approved
echocardiography,research/2026-09-11-yttop/evidence/assets/401b714a206ed425.png,https://cdn.imweb.me/thumbnail/20250513/ea44c6d4064ed.png,600,366,research/2026-09-11-yttop/evidence/ocr/401b714a206ed425.png.txt,candidate_not_visually_approved
echocardiography,research/2026-09-11-yttop/evidence/assets/c87dc21b6dadfdc5.png,https://cdn.imweb.me/thumbnail/20250513/baede26abcf01.png,500,500,research/2026-09-11-yttop/evidence/ocr/c87dc21b6dadfdc5.png.txt,candidate_not_visually_approved
echocardiography,research/2026-09-11-yttop/evidence/assets/23bc7de6923642e9.png,https://cdn.imweb.me/thumbnail/20250513/b903a67a31789.png,500,500,research/2026-09-11-yttop/evidence/ocr/23bc7de6923642e9.png.txt,candidate_not_visually_approved
echocardiography,research/2026-09-11-yttop/evidence/assets/12fcfaa5d6bf8c2b.png,https://cdn.imweb.me/thumbnail/20250513/fed0add7ccc21.png,500,500,research/2026-09-11-yttop/evidence/ocr/12fcfaa5d6bf8c2b.png.txt,candidate_not_visually_approved
echocardiography,research/2026-09-11-yttop/evidence/assets/44d8e1f3c46753a5.png,https://cdn.imweb.me/thumbnail/20250513/3e286181cde3f.png,500,500,research/2026-09-11-yttop/evidence/ocr/44d8e1f3c46753a5.png.txt,candidate_not_visually_approved
echocardiography,research/2026-09-11-yttop/evidence/assets/4d29e8dbac40288d.png,https://cdn.imweb.me/thumbnail/20250513/a7fa9fa0c5279.png,500,500,research/2026-09-11-yttop/evidence/ocr/4d29e8dbac40288d.png.txt,candidate_not_visually_approved
echocardiography,research/2026-09-11-yttop/evidence/assets/347857ad2d949243.png,https://cdn.imweb.me/thumbnail/20250513/b26d8b746849e.png,500,500,research/2026-09-11-yttop/evidence/ocr/347857ad2d949243.png.txt,candidate_not_visually_approved
echocardiography,research/2026-09-11-yttop/evidence/assets/23fbf08d088f4ba9.png,https://cdn.imweb.me/thumbnail/20250513/af6b133cfe931.png,500,500,research/2026-09-11-yttop/evidence/ocr/23fbf08d088f4ba9.png.txt,candidate_not_visually_approved
echocardiography,research/2026-09-11-yttop/evidence/assets/ac9a241a21286cd5.png,https://cdn.imweb.me/thumbnail/20250513/4f968c10aebcc.png,500,500,research/2026-09-11-yttop/evidence/ocr/ac9a241a21286cd5.png.txt,candidate_not_visually_approved
echocardiography,research/2026-09-11-yttop/evidence/assets/fa07583252368149.png,https://cdn.imweb.me/thumbnail/20250513/b9f65039cc888.png,900,3139,research/2026-09-11-yttop/evidence/ocr/fa07583252368149.png.txt,candidate_not_visually_approved
echocardiography,research/2026-09-11-yttop/evidence/assets/0cdec520369e462c.png,https://cdn.imweb.me/thumbnail/20250502/3a470ebd3d98d.png,1032,366,research/2026-09-11-yttop/evidence/ocr/0cdec520369e462c.png.txt,candidate_not_visually_approved
echocardiography,research/2026-09-11-yttop/evidence/assets/4268ca9040874a19.png,https://cdn.imweb.me/thumbnail/20250428/3cb79234730ca.png,600,366,research/2026-09-11-yttop/evidence/ocr/4268ca9040874a19.png.txt,candidate_not_visually_approved
echocardiography,research/2026-09-11-yttop/evidence/assets/1e6aaae03b4e4ce1.png,https://cdn.imweb.me/thumbnail/20250502/c1e596cd3285e.png,600,748,research/2026-09-11-yttop/evidence/ocr/1e6aaae03b4e4ce1.png.txt,candidate_not_visually_approved
echocardiography,research/2026-09-11-yttop/evidence/assets/01ae39e2b17196d4.png,https://cdn.imweb.me/thumbnail/20250502/dd236314bcbaa.png,600,748,research/2026-09-11-yttop/evidence/ocr/01ae39e2b17196d4.png.txt,candidate_not_visually_approved
echocardiography,research/2026-09-11-yttop/evidence/assets/2e0fe9922b20ca8e.png,https://cdn.imweb.me/thumbnail/20250502/f38d4f0c249ad.png,600,748,research/2026-09-11-yttop/evidence/ocr/2e0fe9922b20ca8e.png.txt,candidate_not_visually_approved
echocardiography,research/2026-09-11-yttop/evidence/assets/db7494ded6cc6a03.png,https://cdn.imweb.me/thumbnail/20250502/af90a20a30ff6.png,600,748,research/2026-09-11-yttop/evidence/ocr/db7494ded6cc6a03.png.txt,candidate_not_visually_approved
echocardiography,research/2026-09-11-yttop/evidence/assets/7f6eb6d771b95b6b.png,https://cdn.imweb.me/thumbnail/20250502/f6136a1f0b794.png,600,748,research/2026-09-11-yttop/evidence/ocr/7f6eb6d771b95b6b.png.txt,candidate_not_visually_approved
echocardiography,research/2026-09-11-yttop/evidence/assets/c6407204b7116710.png,https://cdn.imweb.me/thumbnail/20250502/8320e0ca5770a.png,600,748,research/2026-09-11-yttop/evidence/ocr/c6407204b7116710.png.txt,candidate_not_visually_approved
echocardiography,research/2026-09-11-yttop/evidence/assets/159dfc84895e7884.jpg,https://cdn.imweb.me/thumbnail/20250513/b3affadae6f1f.jpg,654,748,research/2026-09-11-yttop/evidence/ocr/159dfc84895e7884.jpg.txt,candidate_not_visually_approved
echocardiography,research/2026-09-11-yttop/evidence/assets/9ca4a760a170065f.png,https://cdn.imweb.me/thumbnail/20250502/43536636c7f23.png,600,748,research/2026-09-11-yttop/evidence/ocr/9ca4a760a170065f.png.txt,candidate_not_visually_approved
echocardiography,research/2026-09-11-yttop/evidence/assets/2c88b3963e010a45.png,https://cdn.imweb.me/thumbnail/20250502/a575c8df160e3.png,1400,340,research/2026-09-11-yttop/evidence/ocr/2c88b3963e010a45.png.txt,candidate_not_visually_approved
echocardiography,research/2026-09-11-yttop/evidence/assets/205a1a56a2201a6b.png,https://cdn.imweb.me/thumbnail/20250513/c3bc3bfe07239.png,1400,340,research/2026-09-11-yttop/evidence/ocr/205a1a56a2201a6b.png.txt,candidate_not_visually_approved
echocardiography,research/2026-09-11-yttop/evidence/assets/a7a1a197cc195db5.png,https://cdn.imweb.me/thumbnail/20250530/5a51addc54d9d.png,179,43,research/2026-09-11-yttop/evidence/ocr/a7a1a197cc195db5.png.txt,candidate_not_visually_approved
echocardiography,research/2026-09-11-yttop/evidence/assets/de325fb6a508a4b1.png,https://cdn.imweb.me/thumbnail/20250428/6dcd967dd7758.png,1920,500,research/2026-09-11-yttop/evidence/ocr/de325fb6a508a4b1.png.txt,candidate_not_visually_approved
echocardiography,research/2026-09-11-yttop/evidence/assets/3cd5acfaef14d22f.png,https://cdn.imweb.me/thumbnail/20250513/93207dd0a77f1.png,1920,500,research/2026-09-11-yttop/evidence/ocr/3cd5acfaef14d22f.png.txt,candidate_not_visually_approved
echocardiography,research/2026-09-11-yttop/evidence/assets/ca2240e04ae06552.png,https://cdn.imweb.me/thumbnail/20250513/390ead6745dc9.png,1600,900,research/2026-09-11-yttop/evidence/ocr/ca2240e04ae06552.png.txt,candidate_not_visually_approved
echocardiography,research/2026-09-11-yttop/evidence/assets/d0be96acf94dc0fc.png,https://cdn.imweb.me/thumbnail/20250513/bc22b9d1c2714.png,1600,900,research/2026-09-11-yttop/evidence/ocr/d0be96acf94dc0fc.png.txt,candidate_not_visually_approved
echocardiography,research/2026-09-11-yttop/evidence/assets/cc377a275103b97a.png,https://cdn.imweb.me/thumbnail/20250513/2cfd84a161b45.png,1600,900,research/2026-09-11-yttop/evidence/ocr/cc377a275103b97a.png.txt,candidate_not_visually_approved
echocardiography,research/2026-09-11-yttop/evidence/assets/bf2bcb610a200e22.png,https://cdn.imweb.me/thumbnail/20250502/5d720659b03f7.png,800,500,research/2026-09-11-yttop/evidence/ocr/bf2bcb610a200e22.png.txt,candidate_not_visually_approved
echocardiography,research/2026-09-11-yttop/evidence/assets/3fa251ac7ce873a7.png,https://cdn.imweb.me/thumbnail/20250502/8aa1eb468a644.png,800,500,research/2026-09-11-yttop/evidence/ocr/3fa251ac7ce873a7.png.txt,candidate_not_visually_approved
echocardiography,research/2026-09-11-yttop/evidence/assets/0ce1054e82318d34.png,https://cdn.imweb.me/thumbnail/20250502/f78b9c8a2bea4.png,800,500,research/2026-09-11-yttop/evidence/ocr/0ce1054e82318d34.png.txt,candidate_not_visually_approved
echocardiography,research/2026-09-11-yttop/evidence/assets/07a9452462e2a257.png,https://cdn.imweb.me/thumbnail/20250502/2b76f4a8ff7b5.png,800,500,research/2026-09-11-yttop/evidence/ocr/07a9452462e2a257.png.txt,candidate_not_visually_approved
echocardiography,research/2026-09-11-yttop/evidence/assets/0a7d7cdc9a8fa18c.png,https://cdn.imweb.me/thumbnail/20250502/4def4aca2c374.png,800,500,research/2026-09-11-yttop/evidence/ocr/0a7d7cdc9a8fa18c.png.txt,candidate_not_visually_approved
echocardiography,research/2026-09-11-yttop/evidence/assets/4439418ec0fdf927.png,https://cdn.imweb.me/thumbnail/20250502/e7bd0e6ce1f12.png,800,500,research/2026-09-11-yttop/evidence/ocr/4439418ec0fdf927.png.txt,candidate_not_visually_approved
echocardiography,research/2026-09-11-yttop/evidence/assets/b8fa0f15c3c485f0.png,https://cdn.imweb.me/thumbnail/20250502/3483d6972a781.png,800,500,research/2026-09-11-yttop/evidence/ocr/b8fa0f15c3c485f0.png.txt,candidate_not_visually_approved
echocardiography,research/2026-09-11-yttop/evidence/assets/ffb5d768de75eb6e.png,https://cdn.imweb.me/thumbnail/20250530/68122cc25b8ec.png,388,255,research/2026-09-11-yttop/evidence/ocr/ffb5d768de75eb6e.png.txt,candidate_not_visually_approved
echocardiography,research/2026-09-11-yttop/evidence/assets/1ff9ac29ce1f9241.png,https://cdn.imweb.me/thumbnail/20250530/48891a042c1a9.png,383,255,research/2026-09-11-yttop/evidence/ocr/1ff9ac29ce1f9241.png.txt,candidate_not_visually_approved
echocardiography,research/2026-09-11-yttop/evidence/assets/3ace4f5c98aee067.png,https://cdn.imweb.me/thumbnail/20250530/c12b7ad4800cb.png,372,255,research/2026-09-11-yttop/evidence/ocr/3ace4f5c98aee067.png.txt,candidate_not_visually_approved
echocardiography,research/2026-09-11-yttop/evidence/assets/b2233de18a027dd5.png,https://cdn.imweb.me/thumbnail/20250530/e7a1cd0c6d193.png,379,255,research/2026-09-11-yttop/evidence/ocr/b2233de18a027dd5.png.txt,candidate_not_visually_approved
echocardiography,research/2026-09-11-yttop/evidence/assets/ba7f45a64bfac449.png,https://cdn.imweb.me/thumbnail/20250530/845bd969e7f4d.png,343,255,research/2026-09-11-yttop/evidence/ocr/ba7f45a64bfac449.png.txt,candidate_not_visually_approved
echocardiography,research/2026-09-11-yttop/evidence/assets/819b5fa6e10b4bbc.png,https://cdn.imweb.me/thumbnail/20250530/2ba32d574a409.png,343,255,research/2026-09-11-yttop/evidence/ocr/819b5fa6e10b4bbc.png.txt,candidate_not_visually_approved
echocardiography,research/2026-09-11-yttop/evidence/assets/aff2c53355f06096.png,https://cdn.imweb.me/thumbnail/20250530/8051118e847aa.png,340,255,research/2026-09-11-yttop/evidence/ocr/aff2c53355f06096.png.txt,candidate_not_visually_approved
echocardiography,research/2026-09-11-yttop/evidence/assets/ea2a2aec5a13d957.png,https://cdn.imweb.me/thumbnail/20250530/f1d2d7ecbd008.png,352,255,research/2026-09-11-yttop/evidence/ocr/ea2a2aec5a13d957.png.txt,candidate_not_visually_approved
echocardiography,research/2026-09-11-yttop/evidence/assets/7db965d71ba6ea66.png,https://cdn.imweb.me/thumbnail/20250530/134e620b1e114.png,357,255,research/2026-09-11-yttop/evidence/ocr/7db965d71ba6ea66.png.txt,candidate_not_visually_approved
echocardiography,research/2026-09-11-yttop/evidence/assets/055ed5d8c348e389.png,https://cdn.imweb.me/thumbnail/20250530/cbb92c4c48a77.png,253,170,research/2026-09-11-yttop/evidence/ocr/055ed5d8c348e389.png.txt,candidate_not_visually_approved
echocardiography,research/2026-09-11-yttop/evidence/assets/79b8b5b7d23d6716.png,https://cdn.imweb.me/thumbnail/20250530/e0085327ce444.png,316,170,research/2026-09-11-yttop/evidence/ocr/79b8b5b7d23d6716.png.txt,candidate_not_visually_approved
echocardiography,research/2026-09-11-yttop/evidence/assets/11c0345409280b26.png,https://cdn.imweb.me/thumbnail/20250530/c33fc4d5e1744.png,569,390,research/2026-09-11-yttop/evidence/ocr/11c0345409280b26.png.txt,candidate_not_visually_approved
echocardiography,research/2026-09-11-yttop/evidence/assets/ac6162d14b059fda.png,https://cdn.imweb.me/thumbnail/20250530/29962bbb5f536.png,292,170,research/2026-09-11-yttop/evidence/ocr/ac6162d14b059fda.png.txt,candidate_not_visually_approved
echocardiography,research/2026-09-11-yttop/evidence/assets/8beb093634548089.png,https://cdn.imweb.me/thumbnail/20250428/75ca4e22dc896.png,800,500,research/2026-09-11-yttop/evidence/ocr/8beb093634548089.png.txt,candidate_not_visually_approved
echocardiography,research/2026-09-11-yttop/evidence/assets/1c1648a873fdbd4f.png,https://cdn.imweb.me/thumbnail/20250428/0e75f2a1b1d20.png,800,500,research/2026-09-11-yttop/evidence/ocr/1c1648a873fdbd4f.png.txt,candidate_not_visually_approved
echocardiography,research/2026-09-11-yttop/evidence/assets/115d2ee12772a239.png,https://cdn.imweb.me/thumbnail/20250428/d0729a91ba60b.png,800,500,research/2026-09-11-yttop/evidence/ocr/115d2ee12772a239.png.txt,candidate_not_visually_approved
echocardiography,research/2026-09-11-yttop/evidence/assets/454527990e6ef3c1.png,https://cdn.imweb.me/thumbnail/20250428/6f2390a501e06.png,800,500,research/2026-09-11-yttop/evidence/ocr/454527990e6ef3c1.png.txt,candidate_not_visually_approved
echocardiography,research/2026-09-11-yttop/evidence/assets/533fd8efb15d809a.png,https://cdn.imweb.me/thumbnail/20250428/c61065968e3b0.png,800,500,research/2026-09-11-yttop/evidence/ocr/533fd8efb15d809a.png.txt,candidate_not_visually_approved
echocardiography,research/2026-09-11-yttop/evidence/assets/dbc5c4429a806c6b.png,https://cdn.imweb.me/thumbnail/20250428/5c4af7f9fee69.png,800,500,research/2026-09-11-yttop/evidence/ocr/dbc5c4429a806c6b.png.txt,candidate_not_visually_approved
echocardiography,research/2026-09-11-yttop/evidence/assets/c143d5b3e3f720a8.png,https://cdn.imweb.me/thumbnail/20250428/9f5cd6585a820.png,800,500,research/2026-09-11-yttop/evidence/ocr/c143d5b3e3f720a8.png.txt,candidate_not_visually_approved
echocardiography,research/2026-09-11-yttop/evidence/assets/4892a3cf22cb1abd.png,https://cdn.imweb.me/thumbnail/20250530/ca8c1b449d588.png,388,255,research/2026-09-11-yttop/evidence/ocr/4892a3cf22cb1abd.png.txt,candidate_not_visually_approved
echocardiography,research/2026-09-11-yttop/evidence/assets/dab44ea8e8e162d8.png,https://cdn.imweb.me/thumbnail/20250530/0dd8562e47d87.png,383,255,research/2026-09-11-yttop/evidence/ocr/dab44ea8e8e162d8.png.txt,candidate_not_visually_approved
echocardiography,research/2026-09-11-yttop/evidence/assets/0294cc8bb01ed68e.png,https://cdn.imweb.me/thumbnail/20250530/51d0589d9a591.png,372,255,research/2026-09-11-yttop/evidence/ocr/0294cc8bb01ed68e.png.txt,candidate_not_visually_approved
echocardiography,research/2026-09-11-yttop/evidence/assets/7b4508c93ea8472a.png,https://cdn.imweb.me/thumbnail/20250530/9cafc6ddd9d17.png,379,255,research/2026-09-11-yttop/evidence/ocr/7b4508c93ea8472a.png.txt,candidate_not_visually_approved
echocardiography,research/2026-09-11-yttop/evidence/assets/6514a9806dfce4e3.png,https://cdn.imweb.me/thumbnail/20250530/e9b6125ba47a5.png,343,255,research/2026-09-11-yttop/evidence/ocr/6514a9806dfce4e3.png.txt,candidate_not_visually_approved
echocardiography,research/2026-09-11-yttop/evidence/assets/96c21533c9ad7ae7.png,https://cdn.imweb.me/thumbnail/20250530/3d8fadda89df5.png,343,255,research/2026-09-11-yttop/evidence/ocr/96c21533c9ad7ae7.png.txt,candidate_not_visually_approved
echocardiography,research/2026-09-11-yttop/evidence/assets/9ac5695c9a93332e.png,https://cdn.imweb.me/thumbnail/20250530/74157c240d819.png,340,255,research/2026-09-11-yttop/evidence/ocr/9ac5695c9a93332e.png.txt,candidate_not_visually_approved
echocardiography,research/2026-09-11-yttop/evidence/assets/d2b65e3c98664493.png,https://cdn.imweb.me/thumbnail/20250530/ab691182188f5.png,352,255,research/2026-09-11-yttop/evidence/ocr/d2b65e3c98664493.png.txt,candidate_not_visually_approved
echocardiography,research/2026-09-11-yttop/evidence/assets/7011fd2cde48ea72.png,https://cdn.imweb.me/thumbnail/20250530/691bc53a5b1f7.png,357,255,research/2026-09-11-yttop/evidence/ocr/7011fd2cde48ea72.png.txt,candidate_not_visually_approved
echocardiography,research/2026-09-11-yttop/evidence/assets/b441dfb64fa7c5a8.png,https://cdn.imweb.me/thumbnail/20250530/03d60a28e3c8c.png,253,170,research/2026-09-11-yttop/evidence/ocr/b441dfb64fa7c5a8.png.txt,candidate_not_visually_approved
echocardiography,research/2026-09-11-yttop/evidence/assets/cf91d86eab40dbb1.png,https://cdn.imweb.me/thumbnail/20250530/0d9f9ea42543a.png,316,170,research/2026-09-11-yttop/evidence/ocr/cf91d86eab40dbb1.png.txt,candidate_not_visually_approved
echocardiography,research/2026-09-11-yttop/evidence/assets/3fe86058184483c4.png,https://cdn.imweb.me/thumbnail/20250530/2bee45a0a1afa.png,569,390,research/2026-09-11-yttop/evidence/ocr/3fe86058184483c4.png.txt,candidate_not_visually_approved
echocardiography,research/2026-09-11-yttop/evidence/assets/7db6ca60e3828c94.png,https://cdn.imweb.me/thumbnail/20250530/5aea63ec6b6b2.png,292,170,research/2026-09-11-yttop/evidence/ocr/7db6ca60e3828c94.png.txt,candidate_not_visually_approved
echocardiography,research/2026-09-11-yttop/evidence/assets/0d8720c72c89f634.png,https://cdn.imweb.me/thumbnail/20250513/30387ac540767.png,1600,900,research/2026-09-11-yttop/evidence/ocr/0d8720c72c89f634.png.txt,candidate_not_visually_approved
echocardiography,research/2026-09-11-yttop/evidence/assets/853e563551819f45.png,https://cdn.imweb.me/thumbnail/20250513/fc06a98cf8473.png,1600,900,research/2026-09-11-yttop/evidence/ocr/853e563551819f45.png.txt,candidate_not_visually_approved
echocardiography,research/2026-09-11-yttop/evidence/assets/07e8fba9f4e588fb.png,https://cdn.imweb.me/thumbnail/20250513/c5515c0fc5ac6.png,1600,900,research/2026-09-11-yttop/evidence/ocr/07e8fba9f4e588fb.png.txt,candidate_not_visually_approved
echocardiography,research/2026-09-11-yttop/evidence/assets/73eab099bc6f6381.png,https://cdn.imweb.me/thumbnail/20250428/22837b6706300.png,800,500,research/2026-09-11-yttop/evidence/ocr/73eab099bc6f6381.png.txt,candidate_not_visually_approved
echocardiography,research/2026-09-11-yttop/evidence/assets/8b66050e922fca88.png,https://cdn.imweb.me/thumbnail/20250428/aab8585c19826.png,800,500,research/2026-09-11-yttop/evidence/ocr/8b66050e922fca88.png.txt,candidate_not_visually_approved
echocardiography,research/2026-09-11-yttop/evidence/assets/d680f5f92e3691fc.png,https://cdn.imweb.me/thumbnail/20250428/72563498e2623.png,800,500,research/2026-09-11-yttop/evidence/ocr/d680f5f92e3691fc.png.txt,candidate_not_visually_approved
echocardiography,research/2026-09-11-yttop/evidence/assets/cbd34fdebb9da8de.png,https://cdn.imweb.me/thumbnail/20250428/ee806f339c5ea.png,800,500,research/2026-09-11-yttop/evidence/ocr/cbd34fdebb9da8de.png.txt,candidate_not_visually_approved
echocardiography,research/2026-09-11-yttop/evidence/assets/7ade082877593c4e.png,https://cdn.imweb.me/thumbnail/20250428/74baa279c5956.png,800,500,research/2026-09-11-yttop/evidence/ocr/7ade082877593c4e.png.txt,candidate_not_visually_approved
echocardiography,research/2026-09-11-yttop/evidence/assets/174ee032b6c62ca0.png,https://cdn.imweb.me/thumbnail/20250428/b559d36addd4c.png,800,500,research/2026-09-11-yttop/evidence/ocr/174ee032b6c62ca0.png.txt,candidate_not_visually_approved
echocardiography,research/2026-09-11-yttop/evidence/assets/4624c099c2f123c4.png,https://cdn.imweb.me/thumbnail/20250428/e1b40a25cf3ec.png,800,500,research/2026-09-11-yttop/evidence/ocr/4624c099c2f123c4.png.txt,candidate_not_visually_approved
echocardiography,research/2026-09-11-yttop/evidence/assets/fe4e780eccda2101.png,https://cdn.imweb.me/thumbnail/20250530/2322d19b631ed.png,372,255,research/2026-09-11-yttop/evidence/ocr/fe4e780eccda2101.png.txt,candidate_not_visually_approved
echocardiography,research/2026-09-11-yttop/evidence/assets/77a5fd55a2ab1482.png,https://cdn.imweb.me/thumbnail/20250530/f559cd348d96b.png,379,255,research/2026-09-11-yttop/evidence/ocr/77a5fd55a2ab1482.png.txt,candidate_not_visually_approved
echocardiography,research/2026-09-11-yttop/evidence/assets/8f94ac73b5c26834.png,https://cdn.imweb.me/thumbnail/20250530/f296246b760cf.png,388,255,research/2026-09-11-yttop/evidence/ocr/8f94ac73b5c26834.png.txt,candidate_not_visually_approved
echocardiography,research/2026-09-11-yttop/evidence/assets/222a71eac9701920.png,https://cdn.imweb.me/thumbnail/20250530/f938f2af01c58.png,383,255,research/2026-09-11-yttop/evidence/ocr/222a71eac9701920.png.txt,candidate_not_visually_approved
echocardiography,research/2026-09-11-yttop/evidence/assets/148d424809edb7cd.png,https://cdn.imweb.me/thumbnail/20250530/13f9070ff19d3.png,343,255,research/2026-09-11-yttop/evidence/ocr/148d424809edb7cd.png.txt,candidate_not_visually_approved
echocardiography,research/2026-09-11-yttop/evidence/assets/6702ff32f299bd73.png,https://cdn.imweb.me/thumbnail/20250530/012e8dc09a7cb.png,343,255,research/2026-09-11-yttop/evidence/ocr/6702ff32f299bd73.png.txt,candidate_not_visually_approved
echocardiography,research/2026-09-11-yttop/evidence/assets/94b9192daf0f3df8.png,https://cdn.imweb.me/thumbnail/20250530/ab5ff88ea0e37.png,340,255,research/2026-09-11-yttop/evidence/ocr/94b9192daf0f3df8.png.txt,candidate_not_visually_approved
echocardiography,research/2026-09-11-yttop/evidence/assets/88d207f989409f66.png,https://cdn.imweb.me/thumbnail/20250530/04baea8e97a2d.png,352,255,research/2026-09-11-yttop/evidence/ocr/88d207f989409f66.png.txt,candidate_not_visually_approved
echocardiography,research/2026-09-11-yttop/evidence/assets/275ee761578c62fd.png,https://cdn.imweb.me/thumbnail/20250530/8c6befff00d5a.png,357,255,research/2026-09-11-yttop/evidence/ocr/275ee761578c62fd.png.txt,candidate_not_visually_approved
echocardiography,research/2026-09-11-yttop/evidence/assets/63a742688bf26c44.png,https://cdn.imweb.me/thumbnail/20250530/b03508f98d52e.png,253,170,research/2026-09-11-yttop/evidence/ocr/63a742688bf26c44.png.txt,candidate_not_visually_approved
echocardiography,research/2026-09-11-yttop/evidence/assets/507214f29f8e32aa.png,https://cdn.imweb.me/thumbnail/20250530/686776aa7c7ab.png,316,170,research/2026-09-11-yttop/evidence/ocr/507214f29f8e32aa.png.txt,candidate_not_visually_approved
echocardiography,research/2026-09-11-yttop/evidence/assets/eda6b2325e8c888b.png,https://cdn.imweb.me/thumbnail/20250530/a39ed48bbec80.png,569,390,research/2026-09-11-yttop/evidence/ocr/eda6b2325e8c888b.png.txt,candidate_not_visually_approved
echocardiography,research/2026-09-11-yttop/evidence/assets/29480737713df9bd.png,https://cdn.imweb.me/thumbnail/20250530/fbefb70c8bed0.png,292,170,research/2026-09-11-yttop/evidence/ocr/29480737713df9bd.png.txt,candidate_not_visually_approved
holter,research/2026-09-11-yttop/evidence/assets/fb4fab92bac241ed.png,https://cdn.imweb.me/upload/S202304199e04167fc8c5a/de1e65c4c99d9.png,1538,1538,research/2026-09-11-yttop/evidence/ocr/fb4fab92bac241ed.png.txt,candidate_not_visually_approved
holter,research/2026-09-11-yttop/evidence/assets/1edecc8eac265bcc.png,https://cdn.imweb.me/thumbnail/20250513/e284ab87408ab.png,1920,384,research/2026-09-11-yttop/evidence/ocr/1edecc8eac265bcc.png.txt,candidate_not_visually_approved
holter,research/2026-09-11-yttop/evidence/assets/7c07b0cfe310101b.png,https://cdn.imweb.me/thumbnail/20250428/82c81dd405035.png,1920,384,research/2026-09-11-yttop/evidence/ocr/7c07b0cfe310101b.png.txt,candidate_not_visually_approved
holter,research/2026-09-11-yttop/evidence/assets/a242b3ac69a0d9be.jpg,https://cdn.imweb.me/thumbnail/20250502/9fad61098c44b.jpg,1920,629,research/2026-09-11-yttop/evidence/ocr/a242b3ac69a0d9be.jpg.txt,candidate_not_visually_approved
holter,research/2026-09-11-yttop/evidence/assets/c573556c0c7bd6d7.png,https://cdn.imweb.me/thumbnail/20250513/a85a0da3abdb9.png,900,1300,research/2026-09-11-yttop/evidence/ocr/c573556c0c7bd6d7.png.txt,candidate_not_visually_approved
holter,research/2026-09-11-yttop/evidence/assets/fa07583252368149.png,https://cdn.imweb.me/thumbnail/20250513/b9f65039cc888.png,900,3139,research/2026-09-11-yttop/evidence/ocr/fa07583252368149.png.txt,candidate_not_visually_approved
holter,research/2026-09-11-yttop/evidence/assets/2c88b3963e010a45.png,https://cdn.imweb.me/thumbnail/20250502/a575c8df160e3.png,1400,340,research/2026-09-11-yttop/evidence/ocr/2c88b3963e010a45.png.txt,candidate_not_visually_approved
holter,research/2026-09-11-yttop/evidence/assets/205a1a56a2201a6b.png,https://cdn.imweb.me/thumbnail/20250513/c3bc3bfe07239.png,1400,340,research/2026-09-11-yttop/evidence/ocr/205a1a56a2201a6b.png.txt,candidate_not_visually_approved
holter,research/2026-09-11-yttop/evidence/assets/a7a1a197cc195db5.png,https://cdn.imweb.me/thumbnail/20250530/5a51addc54d9d.png,179,43,research/2026-09-11-yttop/evidence/ocr/a7a1a197cc195db5.png.txt,candidate_not_visually_approved
holter,research/2026-09-11-yttop/evidence/assets/de325fb6a508a4b1.png,https://cdn.imweb.me/thumbnail/20250428/6dcd967dd7758.png,1920,500,research/2026-09-11-yttop/evidence/ocr/de325fb6a508a4b1.png.txt,candidate_not_visually_approved
holter,research/2026-09-11-yttop/evidence/assets/3cd5acfaef14d22f.png,https://cdn.imweb.me/thumbnail/20250513/93207dd0a77f1.png,1920,500,research/2026-09-11-yttop/evidence/ocr/3cd5acfaef14d22f.png.txt,candidate_not_visually_approved
holter,research/2026-09-11-yttop/evidence/assets/85b337d698e401ca.png,https://cdn.imweb.me/thumbnail/20250526/7ea7ecc24e92c.png,600,366,research/2026-09-11-yttop/evidence/ocr/85b337d698e401ca.png.txt,candidate_not_visually_approved
holter,research/2026-09-11-yttop/evidence/assets/761c8f5cb3aeb08a.png,https://cdn.imweb.me/thumbnail/20250526/ea1aaf62619fe.png,600,366,research/2026-09-11-yttop/evidence/ocr/761c8f5cb3aeb08a.png.txt,candidate_not_visually_approved
holter,research/2026-09-11-yttop/evidence/assets/1d2184e0cd73dd46.png,https://cdn.imweb.me/thumbnail/20250530/055ec38893202.png,849,126,research/2026-09-11-yttop/evidence/ocr/1d2184e0cd73dd46.png.txt,candidate_not_visually_approved
holter,research/2026-09-11-yttop/evidence/assets/f68a68254dc18fd4.png,https://cdn.imweb.me/thumbnail/20250530/6dc2db31be78a.png,849,126,research/2026-09-11-yttop/evidence/ocr/f68a68254dc18fd4.png.txt,candidate_not_visually_approved
holter,research/2026-09-11-yttop/evidence/assets/34505dc8820d101b.png,https://cdn.imweb.me/thumbnail/20250530/f02c5034cfe6e.png,849,126,research/2026-09-11-yttop/evidence/ocr/34505dc8820d101b.png.txt,candidate_not_visually_approved
carotid,research/2026-09-11-yttop/evidence/assets/1edecc8eac265bcc.png,https://cdn.imweb.me/thumbnail/20250513/e284ab87408ab.png,1920,384,research/2026-09-11-yttop/evidence/ocr/1edecc8eac265bcc.png.txt,candidate_not_visually_approved
carotid,research/2026-09-11-yttop/evidence/assets/7c07b0cfe310101b.png,https://cdn.imweb.me/thumbnail/20250428/82c81dd405035.png,1920,384,research/2026-09-11-yttop/evidence/ocr/7c07b0cfe310101b.png.txt,candidate_not_visually_approved
carotid,research/2026-09-11-yttop/evidence/assets/a242b3ac69a0d9be.jpg,https://cdn.imweb.me/thumbnail/20250502/9fad61098c44b.jpg,1920,629,research/2026-09-11-yttop/evidence/ocr/a242b3ac69a0d9be.jpg.txt,candidate_not_visually_approved
carotid,research/2026-09-11-yttop/evidence/assets/c573556c0c7bd6d7.png,https://cdn.imweb.me/thumbnail/20250513/a85a0da3abdb9.png,900,1300,research/2026-09-11-yttop/evidence/ocr/c573556c0c7bd6d7.png.txt,candidate_not_visually_approved
carotid,research/2026-09-11-yttop/evidence/assets/fa07583252368149.png,https://cdn.imweb.me/thumbnail/20250513/b9f65039cc888.png,900,3139,research/2026-09-11-yttop/evidence/ocr/fa07583252368149.png.txt,candidate_not_visually_approved
carotid,research/2026-09-11-yttop/evidence/assets/2c88b3963e010a45.png,https://cdn.imweb.me/thumbnail/20250502/a575c8df160e3.png,1400,340,research/2026-09-11-yttop/evidence/ocr/2c88b3963e010a45.png.txt,candidate_not_visually_approved
carotid,research/2026-09-11-yttop/evidence/assets/205a1a56a2201a6b.png,https://cdn.imweb.me/thumbnail/20250513/c3bc3bfe07239.png,1400,340,research/2026-09-11-yttop/evidence/ocr/205a1a56a2201a6b.png.txt,candidate_not_visually_approved
carotid,research/2026-09-11-yttop/evidence/assets/de325fb6a508a4b1.png,https://cdn.imweb.me/thumbnail/20250428/6dcd967dd7758.png,1920,500,research/2026-09-11-yttop/evidence/ocr/de325fb6a508a4b1.png.txt,candidate_not_visually_approved
carotid,research/2026-09-11-yttop/evidence/assets/3cd5acfaef14d22f.png,https://cdn.imweb.me/thumbnail/20250513/93207dd0a77f1.png,1920,500,research/2026-09-11-yttop/evidence/ocr/3cd5acfaef14d22f.png.txt,candidate_not_visually_approved
carotid,research/2026-09-11-yttop/evidence/assets/d908e4e127827885.png,https://cdn.imweb.me/thumbnail/20250526/9b55a02b0766d.png,600,366,research/2026-09-11-yttop/evidence/ocr/d908e4e127827885.png.txt,candidate_not_visually_approved
carotid,research/2026-09-11-yttop/evidence/assets/47b64bf549f5bc30.png,https://cdn.imweb.me/thumbnail/20250526/0933ad1ecfc12.png,600,366,research/2026-09-11-yttop/evidence/ocr/47b64bf549f5bc30.png.txt,candidate_not_visually_approved
hrv,research/2026-09-11-yttop/evidence/assets/1edecc8eac265bcc.png,https://cdn.imweb.me/thumbnail/20250513/e284ab87408ab.png,1920,384,research/2026-09-11-yttop/evidence/ocr/1edecc8eac265bcc.png.txt,candidate_not_visually_approved
hrv,research/2026-09-11-yttop/evidence/assets/7c07b0cfe310101b.png,https://cdn.imweb.me/thumbnail/20250428/82c81dd405035.png,1920,384,research/2026-09-11-yttop/evidence/ocr/7c07b0cfe310101b.png.txt,candidate_not_visually_approved
hrv,research/2026-09-11-yttop/evidence/assets/a242b3ac69a0d9be.jpg,https://cdn.imweb.me/thumbnail/20250502/9fad61098c44b.jpg,1920,629,research/2026-09-11-yttop/evidence/ocr/a242b3ac69a0d9be.jpg.txt,candidate_not_visually_approved
hrv,research/2026-09-11-yttop/evidence/assets/c573556c0c7bd6d7.png,https://cdn.imweb.me/thumbnail/20250513/a85a0da3abdb9.png,900,1300,research/2026-09-11-yttop/evidence/ocr/c573556c0c7bd6d7.png.txt,candidate_not_visually_approved
hrv,research/2026-09-11-yttop/evidence/assets/fa07583252368149.png,https://cdn.imweb.me/thumbnail/20250513/b9f65039cc888.png,900,3139,research/2026-09-11-yttop/evidence/ocr/fa07583252368149.png.txt,candidate_not_visually_approved
hrv,research/2026-09-11-yttop/evidence/assets/2c88b3963e010a45.png,https://cdn.imweb.me/thumbnail/20250502/a575c8df160e3.png,1400,340,research/2026-09-11-yttop/evidence/ocr/2c88b3963e010a45.png.txt,candidate_not_visually_approved
hrv,research/2026-09-11-yttop/evidence/assets/205a1a56a2201a6b.png,https://cdn.imweb.me/thumbnail/20250513/c3bc3bfe07239.png,1400,340,research/2026-09-11-yttop/evidence/ocr/205a1a56a2201a6b.png.txt,candidate_not_visually_approved
hrv,research/2026-09-11-yttop/evidence/assets/de325fb6a508a4b1.png,https://cdn.imweb.me/thumbnail/20250428/6dcd967dd7758.png,1920,500,research/2026-09-11-yttop/evidence/ocr/de325fb6a508a4b1.png.txt,candidate_not_visually_approved
hrv,research/2026-09-11-yttop/evidence/assets/3cd5acfaef14d22f.png,https://cdn.imweb.me/thumbnail/20250513/93207dd0a77f1.png,1920,500,research/2026-09-11-yttop/evidence/ocr/3cd5acfaef14d22f.png.txt,candidate_not_visually_approved
hrv,research/2026-09-11-yttop/evidence/assets/73b339aa60e6a6e3.png,https://cdn.imweb.me/thumbnail/20250526/8ca97e14caab3.png,600,366,research/2026-09-11-yttop/evidence/ocr/73b339aa60e6a6e3.png.txt,candidate_not_visually_approved
hrv,research/2026-09-11-yttop/evidence/assets/6b7112f65363777b.png,https://cdn.imweb.me/thumbnail/20250526/68fa68673569e.png,600,366,research/2026-09-11-yttop/evidence/ocr/6b7112f65363777b.png.txt,candidate_not_visually_approved
abi,research/2026-09-11-yttop/evidence/assets/1edecc8eac265bcc.png,https://cdn.imweb.me/thumbnail/20250513/e284ab87408ab.png,1920,384,research/2026-09-11-yttop/evidence/ocr/1edecc8eac265bcc.png.txt,candidate_not_visually_approved
abi,research/2026-09-11-yttop/evidence/assets/7c07b0cfe310101b.png,https://cdn.imweb.me/thumbnail/20250428/82c81dd405035.png,1920,384,research/2026-09-11-yttop/evidence/ocr/7c07b0cfe310101b.png.txt,candidate_not_visually_approved
abi,research/2026-09-11-yttop/evidence/assets/a242b3ac69a0d9be.jpg,https://cdn.imweb.me/thumbnail/20250502/9fad61098c44b.jpg,1920,629,research/2026-09-11-yttop/evidence/ocr/a242b3ac69a0d9be.jpg.txt,candidate_not_visually_approved
abi,research/2026-09-11-yttop/evidence/assets/c573556c0c7bd6d7.png,https://cdn.imweb.me/thumbnail/20250513/a85a0da3abdb9.png,900,1300,research/2026-09-11-yttop/evidence/ocr/c573556c0c7bd6d7.png.txt,candidate_not_visually_approved
abi,research/2026-09-11-yttop/evidence/assets/fa07583252368149.png,https://cdn.imweb.me/thumbnail/20250513/b9f65039cc888.png,900,3139,research/2026-09-11-yttop/evidence/ocr/fa07583252368149.png.txt,candidate_not_visually_approved
abi,research/2026-09-11-yttop/evidence/assets/2c88b3963e010a45.png,https://cdn.imweb.me/thumbnail/20250502/a575c8df160e3.png,1400,340,research/2026-09-11-yttop/evidence/ocr/2c88b3963e010a45.png.txt,candidate_not_visually_approved
abi,research/2026-09-11-yttop/evidence/assets/205a1a56a2201a6b.png,https://cdn.imweb.me/thumbnail/20250513/c3bc3bfe07239.png,1400,340,research/2026-09-11-yttop/evidence/ocr/205a1a56a2201a6b.png.txt,candidate_not_visually_approved
abi,research/2026-09-11-yttop/evidence/assets/de325fb6a508a4b1.png,https://cdn.imweb.me/thumbnail/20250428/6dcd967dd7758.png,1920,500,research/2026-09-11-yttop/evidence/ocr/de325fb6a508a4b1.png.txt,candidate_not_visually_approved
abi,research/2026-09-11-yttop/evidence/assets/3cd5acfaef14d22f.png,https://cdn.imweb.me/thumbnail/20250513/93207dd0a77f1.png,1920,500,research/2026-09-11-yttop/evidence/ocr/3cd5acfaef14d22f.png.txt,candidate_not_visually_approved
abi,research/2026-09-11-yttop/evidence/assets/3ad212bf51acc7fb.png,https://cdn.imweb.me/thumbnail/20250526/986528a1161d9.png,600,366,research/2026-09-11-yttop/evidence/ocr/3ad212bf51acc7fb.png.txt,candidate_not_visually_approved
abi,research/2026-09-11-yttop/evidence/assets/31065e8e8679b23c.png,https://cdn.imweb.me/thumbnail/20250526/416f3f7d5df19.png,600,366,research/2026-09-11-yttop/evidence/ocr/31065e8e8679b23c.png.txt,candidate_not_visually_approved
cardiac-markers,research/2026-09-11-yttop/evidence/assets/fb4fab92bac241ed.png,https://cdn.imweb.me/upload/S202304199e04167fc8c5a/de1e65c4c99d9.png,1538,1538,research/2026-09-11-yttop/evidence/ocr/fb4fab92bac241ed.png.txt,candidate_not_visually_approved
cardiac-markers,research/2026-09-11-yttop/evidence/assets/1edecc8eac265bcc.png,https://cdn.imweb.me/thumbnail/20250513/e284ab87408ab.png,1920,384,research/2026-09-11-yttop/evidence/ocr/1edecc8eac265bcc.png.txt,candidate_not_visually_approved
cardiac-markers,research/2026-09-11-yttop/evidence/assets/7c07b0cfe310101b.png,https://cdn.imweb.me/thumbnail/20250428/82c81dd405035.png,1920,384,research/2026-09-11-yttop/evidence/ocr/7c07b0cfe310101b.png.txt,candidate_not_visually_approved
cardiac-markers,research/2026-09-11-yttop/evidence/assets/a242b3ac69a0d9be.jpg,https://cdn.imweb.me/thumbnail/20250502/9fad61098c44b.jpg,1920,629,research/2026-09-11-yttop/evidence/ocr/a242b3ac69a0d9be.jpg.txt,candidate_not_visually_approved
cardiac-markers,research/2026-09-11-yttop/evidence/assets/c573556c0c7bd6d7.png,https://cdn.imweb.me/thumbnail/20250513/a85a0da3abdb9.png,900,1300,research/2026-09-11-yttop/evidence/ocr/c573556c0c7bd6d7.png.txt,candidate_not_visually_approved
cardiac-markers,research/2026-09-11-yttop/evidence/assets/fa07583252368149.png,https://cdn.imweb.me/thumbnail/20250513/b9f65039cc888.png,900,3139,research/2026-09-11-yttop/evidence/ocr/fa07583252368149.png.txt,candidate_not_visually_approved
cardiac-markers,research/2026-09-11-yttop/evidence/assets/2c88b3963e010a45.png,https://cdn.imweb.me/thumbnail/20250502/a575c8df160e3.png,1400,340,research/2026-09-11-yttop/evidence/ocr/2c88b3963e010a45.png.txt,candidate_not_visually_approved
cardiac-markers,research/2026-09-11-yttop/evidence/assets/205a1a56a2201a6b.png,https://cdn.imweb.me/thumbnail/20250513/c3bc3bfe07239.png,1400,340,research/2026-09-11-yttop/evidence/ocr/205a1a56a2201a6b.png.txt,candidate_not_visually_approved
cardiac-markers,research/2026-09-11-yttop/evidence/assets/de325fb6a508a4b1.png,https://cdn.imweb.me/thumbnail/20250428/6dcd967dd7758.png,1920,500,research/2026-09-11-yttop/evidence/ocr/de325fb6a508a4b1.png.txt,candidate_not_visually_approved
cardiac-markers,research/2026-09-11-yttop/evidence/assets/3cd5acfaef14d22f.png,https://cdn.imweb.me/thumbnail/20250513/93207dd0a77f1.png,1920,500,research/2026-09-11-yttop/evidence/ocr/3cd5acfaef14d22f.png.txt,candidate_not_visually_approved
cardiac-markers,research/2026-09-11-yttop/evidence/assets/459914f0b3ef3687.png,https://cdn.imweb.me/thumbnail/20250527/d022008b47b69.png,600,366,research/2026-09-11-yttop/evidence/ocr/459914f0b3ef3687.png.txt,candidate_not_visually_approved
cardiac-markers,research/2026-09-11-yttop/evidence/assets/c050ad913f187f80.png,https://cdn.imweb.me/thumbnail/20250527/aff4bc75ba6f5.png,600,366,research/2026-09-11-yttop/evidence/ocr/c050ad913f187f80.png.txt,candidate_not_visually_approved
checkups,research/2026-09-11-yttop/evidence/assets/848e4b5ed43d2f95.png,https://cdn.imweb.me/thumbnail/20250523/4f4b3e1a40863.png,600,366,research/2026-09-11-yttop/evidence/ocr/848e4b5ed43d2f95.png.txt,candidate_not_visually_approved
checkups,research/2026-09-11-yttop/evidence/assets/fb4fab92bac241ed.png,https://cdn.imweb.me/upload/S202304199e04167fc8c5a/de1e65c4c99d9.png,1538,1538,research/2026-09-11-yttop/evidence/ocr/fb4fab92bac241ed.png.txt,candidate_not_visually_approved
checkups,research/2026-09-11-yttop/evidence/assets/bb70394f860f60c5.png,https://cdn.imweb.me/thumbnail/20250522/8452672be866f.png,500,420,research/2026-09-11-yttop/evidence/ocr/bb70394f860f60c5.png.txt,candidate_not_visually_approved
checkups,research/2026-09-11-yttop/evidence/assets/f21548365a7d3641.png,https://cdn.imweb.me/thumbnail/20250522/db83bc485d6f1.png,500,420,research/2026-09-11-yttop/evidence/ocr/f21548365a7d3641.png.txt,candidate_not_visually_approved
checkups,research/2026-09-11-yttop/evidence/assets/a3d3476ee3b65f8e.png,https://cdn.imweb.me/thumbnail/20250522/7f0d2847f9946.png,500,420,research/2026-09-11-yttop/evidence/ocr/a3d3476ee3b65f8e.png.txt,candidate_not_visually_approved
checkups,research/2026-09-11-yttop/evidence/assets/ec256939ac2c0bc9.png,https://cdn.imweb.me/thumbnail/20250522/49a559190e1b9.png,500,420,research/2026-09-11-yttop/evidence/ocr/ec256939ac2c0bc9.png.txt,candidate_not_visually_approved
checkups,research/2026-09-11-yttop/evidence/assets/f721eb1598abb327.png,https://cdn.imweb.me/thumbnail/20250523/a43a0a12c8424.png,600,366,research/2026-09-11-yttop/evidence/ocr/f721eb1598abb327.png.txt,candidate_not_visually_approved
checkups,research/2026-09-11-yttop/evidence/assets/6c41e5cc5a028c5e.png,https://cdn.imweb.me/upload/S202304199e04167fc8c5a/c0401d7db3415.png,1538,1538,research/2026-09-11-yttop/evidence/ocr/6c41e5cc5a028c5e.png.txt,candidate_not_visually_approved
checkups,research/2026-09-11-yttop/evidence/assets/41e5f7cfb866b62c.png,https://cdn.imweb.me/upload/S202304199e04167fc8c5a/57ece77e92efb.png,1538,1538,research/2026-09-11-yttop/evidence/ocr/41e5f7cfb866b62c.png.txt,candidate_not_visually_approved
checkups,research/2026-09-11-yttop/evidence/assets/d6281e5fb3ab627a.png,https://cdn.imweb.me/thumbnail/20250522/ab3d3a4ab9f25.png,1400,340,research/2026-09-11-yttop/evidence/ocr/d6281e5fb3ab627a.png.txt,candidate_not_visually_approved
checkups,research/2026-09-11-yttop/evidence/assets/3dc3a8739357b7d4.png,https://cdn.imweb.me/thumbnail/20250523/5471ceefca3b9.png,1920,500,research/2026-09-11-yttop/evidence/ocr/3dc3a8739357b7d4.png.txt,candidate_not_visually_approved
checkups,research/2026-09-11-yttop/evidence/assets/ecf2de6cbca3a34c.png,https://cdn.imweb.me/thumbnail/20250523/88e858b8f4e0b.png,1920,500,research/2026-09-11-yttop/evidence/ocr/ecf2de6cbca3a34c.png.txt,candidate_not_visually_approved
checkups,research/2026-09-11-yttop/evidence/assets/1edecc8eac265bcc.png,https://cdn.imweb.me/thumbnail/20250513/e284ab87408ab.png,1920,384,research/2026-09-11-yttop/evidence/ocr/1edecc8eac265bcc.png.txt,candidate_not_visually_approved
checkups,research/2026-09-11-yttop/evidence/assets/7c07b0cfe310101b.png,https://cdn.imweb.me/thumbnail/20250428/82c81dd405035.png,1920,384,research/2026-09-11-yttop/evidence/ocr/7c07b0cfe310101b.png.txt,candidate_not_visually_approved
checkups,research/2026-09-11-yttop/evidence/assets/a242b3ac69a0d9be.jpg,https://cdn.imweb.me/thumbnail/20250502/9fad61098c44b.jpg,1920,629,research/2026-09-11-yttop/evidence/ocr/a242b3ac69a0d9be.jpg.txt,candidate_not_visually_approved
checkups,research/2026-09-11-yttop/evidence/assets/c573556c0c7bd6d7.png,https://cdn.imweb.me/thumbnail/20250513/a85a0da3abdb9.png,900,1300,research/2026-09-11-yttop/evidence/ocr/c573556c0c7bd6d7.png.txt,candidate_not_visually_approved
national-checkup,research/2026-09-11-yttop/evidence/assets/848e4b5ed43d2f95.png,https://cdn.imweb.me/thumbnail/20250523/4f4b3e1a40863.png,600,366,research/2026-09-11-yttop/evidence/ocr/848e4b5ed43d2f95.png.txt,candidate_not_visually_approved
national-checkup,research/2026-09-11-yttop/evidence/assets/fb4fab92bac241ed.png,https://cdn.imweb.me/upload/S202304199e04167fc8c5a/de1e65c4c99d9.png,1538,1538,research/2026-09-11-yttop/evidence/ocr/fb4fab92bac241ed.png.txt,candidate_not_visually_approved
national-checkup,research/2026-09-11-yttop/evidence/assets/bb70394f860f60c5.png,https://cdn.imweb.me/thumbnail/20250522/8452672be866f.png,500,420,research/2026-09-11-yttop/evidence/ocr/bb70394f860f60c5.png.txt,candidate_not_visually_approved
national-checkup,research/2026-09-11-yttop/evidence/assets/f21548365a7d3641.png,https://cdn.imweb.me/thumbnail/20250522/db83bc485d6f1.png,500,420,research/2026-09-11-yttop/evidence/ocr/f21548365a7d3641.png.txt,candidate_not_visually_approved
national-checkup,research/2026-09-11-yttop/evidence/assets/a3d3476ee3b65f8e.png,https://cdn.imweb.me/thumbnail/20250522/7f0d2847f9946.png,500,420,research/2026-09-11-yttop/evidence/ocr/a3d3476ee3b65f8e.png.txt,candidate_not_visually_approved
national-checkup,research/2026-09-11-yttop/evidence/assets/ec256939ac2c0bc9.png,https://cdn.imweb.me/thumbnail/20250522/49a559190e1b9.png,500,420,research/2026-09-11-yttop/evidence/ocr/ec256939ac2c0bc9.png.txt,candidate_not_visually_approved
national-checkup,research/2026-09-11-yttop/evidence/assets/f721eb1598abb327.png,https://cdn.imweb.me/thumbnail/20250523/a43a0a12c8424.png,600,366,research/2026-09-11-yttop/evidence/ocr/f721eb1598abb327.png.txt,candidate_not_visually_approved
national-checkup,research/2026-09-11-yttop/evidence/assets/6c41e5cc5a028c5e.png,https://cdn.imweb.me/upload/S202304199e04167fc8c5a/c0401d7db3415.png,1538,1538,research/2026-09-11-yttop/evidence/ocr/6c41e5cc5a028c5e.png.txt,candidate_not_visually_approved
national-checkup,research/2026-09-11-yttop/evidence/assets/41e5f7cfb866b62c.png,https://cdn.imweb.me/upload/S202304199e04167fc8c5a/57ece77e92efb.png,1538,1538,research/2026-09-11-yttop/evidence/ocr/41e5f7cfb866b62c.png.txt,candidate_not_visually_approved
national-checkup,research/2026-09-11-yttop/evidence/assets/d6281e5fb3ab627a.png,https://cdn.imweb.me/thumbnail/20250522/ab3d3a4ab9f25.png,1400,340,research/2026-09-11-yttop/evidence/ocr/d6281e5fb3ab627a.png.txt,candidate_not_visually_approved
national-checkup,research/2026-09-11-yttop/evidence/assets/3dc3a8739357b7d4.png,https://cdn.imweb.me/thumbnail/20250523/5471ceefca3b9.png,1920,500,research/2026-09-11-yttop/evidence/ocr/3dc3a8739357b7d4.png.txt,candidate_not_visually_approved
national-checkup,research/2026-09-11-yttop/evidence/assets/ecf2de6cbca3a34c.png,https://cdn.imweb.me/thumbnail/20250523/88e858b8f4e0b.png,1920,500,research/2026-09-11-yttop/evidence/ocr/ecf2de6cbca3a34c.png.txt,candidate_not_visually_approved
national-checkup,research/2026-09-11-yttop/evidence/assets/1edecc8eac265bcc.png,https://cdn.imweb.me/thumbnail/20250513/e284ab87408ab.png,1920,384,research/2026-09-11-yttop/evidence/ocr/1edecc8eac265bcc.png.txt,candidate_not_visually_approved
national-checkup,research/2026-09-11-yttop/evidence/assets/7c07b0cfe310101b.png,https://cdn.imweb.me/thumbnail/20250428/82c81dd405035.png,1920,384,research/2026-09-11-yttop/evidence/ocr/7c07b0cfe310101b.png.txt,candidate_not_visually_approved
national-checkup,research/2026-09-11-yttop/evidence/assets/a242b3ac69a0d9be.jpg,https://cdn.imweb.me/thumbnail/20250502/9fad61098c44b.jpg,1920,629,research/2026-09-11-yttop/evidence/ocr/a242b3ac69a0d9be.jpg.txt,candidate_not_visually_approved
national-checkup,research/2026-09-11-yttop/evidence/assets/c573556c0c7bd6d7.png,https://cdn.imweb.me/thumbnail/20250513/a85a0da3abdb9.png,900,1300,research/2026-09-11-yttop/evidence/ocr/c573556c0c7bd6d7.png.txt,candidate_not_visually_approved
employment-checkup,research/2026-09-11-yttop/evidence/assets/fb4fab92bac241ed.png,https://cdn.imweb.me/upload/S202304199e04167fc8c5a/de1e65c4c99d9.png,1538,1538,research/2026-09-11-yttop/evidence/ocr/fb4fab92bac241ed.png.txt,candidate_not_visually_approved
employment-checkup,research/2026-09-11-yttop/evidence/assets/bb70394f860f60c5.png,https://cdn.imweb.me/thumbnail/20250522/8452672be866f.png,500,420,research/2026-09-11-yttop/evidence/ocr/bb70394f860f60c5.png.txt,candidate_not_visually_approved
employment-checkup,research/2026-09-11-yttop/evidence/assets/f21548365a7d3641.png,https://cdn.imweb.me/thumbnail/20250522/db83bc485d6f1.png,500,420,research/2026-09-11-yttop/evidence/ocr/f21548365a7d3641.png.txt,candidate_not_visually_approved
employment-checkup,research/2026-09-11-yttop/evidence/assets/a3d3476ee3b65f8e.png,https://cdn.imweb.me/thumbnail/20250522/7f0d2847f9946.png,500,420,research/2026-09-11-yttop/evidence/ocr/a3d3476ee3b65f8e.png.txt,candidate_not_visually_approved
employment-checkup,research/2026-09-11-yttop/evidence/assets/ec256939ac2c0bc9.png,https://cdn.imweb.me/thumbnail/20250522/49a559190e1b9.png,500,420,research/2026-09-11-yttop/evidence/ocr/ec256939ac2c0bc9.png.txt,candidate_not_visually_approved
employment-checkup,research/2026-09-11-yttop/evidence/assets/6c41e5cc5a028c5e.png,https://cdn.imweb.me/upload/S202304199e04167fc8c5a/c0401d7db3415.png,1538,1538,research/2026-09-11-yttop/evidence/ocr/6c41e5cc5a028c5e.png.txt,candidate_not_visually_approved
employment-checkup,research/2026-09-11-yttop/evidence/assets/d6281e5fb3ab627a.png,https://cdn.imweb.me/thumbnail/20250522/ab3d3a4ab9f25.png,1400,340,research/2026-09-11-yttop/evidence/ocr/d6281e5fb3ab627a.png.txt,candidate_not_visually_approved
employment-checkup,research/2026-09-11-yttop/evidence/assets/3dc3a8739357b7d4.png,https://cdn.imweb.me/thumbnail/20250523/5471ceefca3b9.png,1920,500,research/2026-09-11-yttop/evidence/ocr/3dc3a8739357b7d4.png.txt,candidate_not_visually_approved
employment-checkup,research/2026-09-11-yttop/evidence/assets/ecf2de6cbca3a34c.png,https://cdn.imweb.me/thumbnail/20250523/88e858b8f4e0b.png,1920,500,research/2026-09-11-yttop/evidence/ocr/ecf2de6cbca3a34c.png.txt,candidate_not_visually_approved
employment-checkup,research/2026-09-11-yttop/evidence/assets/1edecc8eac265bcc.png,https://cdn.imweb.me/thumbnail/20250513/e284ab87408ab.png,1920,384,research/2026-09-11-yttop/evidence/ocr/1edecc8eac265bcc.png.txt,candidate_not_visually_approved
employment-checkup,research/2026-09-11-yttop/evidence/assets/7c07b0cfe310101b.png,https://cdn.imweb.me/thumbnail/20250428/82c81dd405035.png,1920,384,research/2026-09-11-yttop/evidence/ocr/7c07b0cfe310101b.png.txt,candidate_not_visually_approved
employment-checkup,research/2026-09-11-yttop/evidence/assets/a242b3ac69a0d9be.jpg,https://cdn.imweb.me/thumbnail/20250502/9fad61098c44b.jpg,1920,629,research/2026-09-11-yttop/evidence/ocr/a242b3ac69a0d9be.jpg.txt,candidate_not_visually_approved
employment-checkup,research/2026-09-11-yttop/evidence/assets/c573556c0c7bd6d7.png,https://cdn.imweb.me/thumbnail/20250513/a85a0da3abdb9.png,900,1300,research/2026-09-11-yttop/evidence/ocr/c573556c0c7bd6d7.png.txt,candidate_not_visually_approved
employment-checkup,research/2026-09-11-yttop/evidence/assets/40c3a314171efde0.png,https://cdn.imweb.me/thumbnail/20250526/0c98d2547046d.png,600,366,research/2026-09-11-yttop/evidence/ocr/40c3a314171efde0.png.txt,candidate_not_visually_approved
employment-checkup,research/2026-09-11-yttop/evidence/assets/999f488d640c636c.png,https://cdn.imweb.me/thumbnail/20250526/925f9d2bfc899.png,600,366,research/2026-09-11-yttop/evidence/ocr/999f488d640c636c.png.txt,candidate_not_visually_approved
drug-screening,research/2026-09-11-yttop/evidence/assets/fb4fab92bac241ed.png,https://cdn.imweb.me/upload/S202304199e04167fc8c5a/de1e65c4c99d9.png,1538,1538,research/2026-09-11-yttop/evidence/ocr/fb4fab92bac241ed.png.txt,candidate_not_visually_approved
drug-screening,research/2026-09-11-yttop/evidence/assets/bb70394f860f60c5.png,https://cdn.imweb.me/thumbnail/20250522/8452672be866f.png,500,420,research/2026-09-11-yttop/evidence/ocr/bb70394f860f60c5.png.txt,candidate_not_visually_approved
drug-screening,research/2026-09-11-yttop/evidence/assets/f21548365a7d3641.png,https://cdn.imweb.me/thumbnail/20250522/db83bc485d6f1.png,500,420,research/2026-09-11-yttop/evidence/ocr/f21548365a7d3641.png.txt,candidate_not_visually_approved
drug-screening,research/2026-09-11-yttop/evidence/assets/a3d3476ee3b65f8e.png,https://cdn.imweb.me/thumbnail/20250522/7f0d2847f9946.png,500,420,research/2026-09-11-yttop/evidence/ocr/a3d3476ee3b65f8e.png.txt,candidate_not_visually_approved
drug-screening,research/2026-09-11-yttop/evidence/assets/ec256939ac2c0bc9.png,https://cdn.imweb.me/thumbnail/20250522/49a559190e1b9.png,500,420,research/2026-09-11-yttop/evidence/ocr/ec256939ac2c0bc9.png.txt,candidate_not_visually_approved
drug-screening,research/2026-09-11-yttop/evidence/assets/6c41e5cc5a028c5e.png,https://cdn.imweb.me/upload/S202304199e04167fc8c5a/c0401d7db3415.png,1538,1538,research/2026-09-11-yttop/evidence/ocr/6c41e5cc5a028c5e.png.txt,candidate_not_visually_approved
drug-screening,research/2026-09-11-yttop/evidence/assets/d6281e5fb3ab627a.png,https://cdn.imweb.me/thumbnail/20250522/ab3d3a4ab9f25.png,1400,340,research/2026-09-11-yttop/evidence/ocr/d6281e5fb3ab627a.png.txt,candidate_not_visually_approved
drug-screening,research/2026-09-11-yttop/evidence/assets/3dc3a8739357b7d4.png,https://cdn.imweb.me/thumbnail/20250523/5471ceefca3b9.png,1920,500,research/2026-09-11-yttop/evidence/ocr/3dc3a8739357b7d4.png.txt,candidate_not_visually_approved
drug-screening,research/2026-09-11-yttop/evidence/assets/ecf2de6cbca3a34c.png,https://cdn.imweb.me/thumbnail/20250523/88e858b8f4e0b.png,1920,500,research/2026-09-11-yttop/evidence/ocr/ecf2de6cbca3a34c.png.txt,candidate_not_visually_approved
drug-screening,research/2026-09-11-yttop/evidence/assets/1edecc8eac265bcc.png,https://cdn.imweb.me/thumbnail/20250513/e284ab87408ab.png,1920,384,research/2026-09-11-yttop/evidence/ocr/1edecc8eac265bcc.png.txt,candidate_not_visually_approved
drug-screening,research/2026-09-11-yttop/evidence/assets/7c07b0cfe310101b.png,https://cdn.imweb.me/thumbnail/20250428/82c81dd405035.png,1920,384,research/2026-09-11-yttop/evidence/ocr/7c07b0cfe310101b.png.txt,candidate_not_visually_approved
drug-screening,research/2026-09-11-yttop/evidence/assets/a242b3ac69a0d9be.jpg,https://cdn.imweb.me/thumbnail/20250502/9fad61098c44b.jpg,1920,629,research/2026-09-11-yttop/evidence/ocr/a242b3ac69a0d9be.jpg.txt,candidate_not_visually_approved
drug-screening,research/2026-09-11-yttop/evidence/assets/c573556c0c7bd6d7.png,https://cdn.imweb.me/thumbnail/20250513/a85a0da3abdb9.png,900,1300,research/2026-09-11-yttop/evidence/ocr/c573556c0c7bd6d7.png.txt,candidate_not_visually_approved
drug-screening,research/2026-09-11-yttop/evidence/assets/5b5c790d43040f8a.png,https://cdn.imweb.me/thumbnail/20250526/ee5a1cbbb4d53.png,600,366,research/2026-09-11-yttop/evidence/ocr/5b5c790d43040f8a.png.txt,candidate_not_visually_approved
drug-screening,research/2026-09-11-yttop/evidence/assets/bebbd2c6db2f4e30.png,https://cdn.imweb.me/thumbnail/20250526/3bbcce0076602.png,600,366,research/2026-09-11-yttop/evidence/ocr/bebbd2c6db2f4e30.png.txt,candidate_not_visually_approved
tuberculosis-screening,research/2026-09-11-yttop/evidence/assets/bb70394f860f60c5.png,https://cdn.imweb.me/thumbnail/20250522/8452672be866f.png,500,420,research/2026-09-11-yttop/evidence/ocr/bb70394f860f60c5.png.txt,candidate_not_visually_approved
tuberculosis-screening,research/2026-09-11-yttop/evidence/assets/f21548365a7d3641.png,https://cdn.imweb.me/thumbnail/20250522/db83bc485d6f1.png,500,420,research/2026-09-11-yttop/evidence/ocr/f21548365a7d3641.png.txt,candidate_not_visually_approved
tuberculosis-screening,research/2026-09-11-yttop/evidence/assets/a3d3476ee3b65f8e.png,https://cdn.imweb.me/thumbnail/20250522/7f0d2847f9946.png,500,420,research/2026-09-11-yttop/evidence/ocr/a3d3476ee3b65f8e.png.txt,candidate_not_visually_approved
tuberculosis-screening,research/2026-09-11-yttop/evidence/assets/ec256939ac2c0bc9.png,https://cdn.imweb.me/thumbnail/20250522/49a559190e1b9.png,500,420,research/2026-09-11-yttop/evidence/ocr/ec256939ac2c0bc9.png.txt,candidate_not_visually_approved
tuberculosis-screening,research/2026-09-11-yttop/evidence/assets/d6281e5fb3ab627a.png,https://cdn.imweb.me/thumbnail/20250522/ab3d3a4ab9f25.png,1400,340,research/2026-09-11-yttop/evidence/ocr/d6281e5fb3ab627a.png.txt,candidate_not_visually_approved
tuberculosis-screening,research/2026-09-11-yttop/evidence/assets/3dc3a8739357b7d4.png,https://cdn.imweb.me/thumbnail/20250523/5471ceefca3b9.png,1920,500,research/2026-09-11-yttop/evidence/ocr/3dc3a8739357b7d4.png.txt,candidate_not_visually_approved
tuberculosis-screening,research/2026-09-11-yttop/evidence/assets/ecf2de6cbca3a34c.png,https://cdn.imweb.me/thumbnail/20250523/88e858b8f4e0b.png,1920,500,research/2026-09-11-yttop/evidence/ocr/ecf2de6cbca3a34c.png.txt,candidate_not_visually_approved
tuberculosis-screening,research/2026-09-11-yttop/evidence/assets/1edecc8eac265bcc.png,https://cdn.imweb.me/thumbnail/20250513/e284ab87408ab.png,1920,384,research/2026-09-11-yttop/evidence/ocr/1edecc8eac265bcc.png.txt,candidate_not_visually_approved
tuberculosis-screening,research/2026-09-11-yttop/evidence/assets/7c07b0cfe310101b.png,https://cdn.imweb.me/thumbnail/20250428/82c81dd405035.png,1920,384,research/2026-09-11-yttop/evidence/ocr/7c07b0cfe310101b.png.txt,candidate_not_visually_approved
tuberculosis-screening,research/2026-09-11-yttop/evidence/assets/a242b3ac69a0d9be.jpg,https://cdn.imweb.me/thumbnail/20250502/9fad61098c44b.jpg,1920,629,research/2026-09-11-yttop/evidence/ocr/a242b3ac69a0d9be.jpg.txt,candidate_not_visually_approved
tuberculosis-screening,research/2026-09-11-yttop/evidence/assets/c573556c0c7bd6d7.png,https://cdn.imweb.me/thumbnail/20250513/a85a0da3abdb9.png,900,1300,research/2026-09-11-yttop/evidence/ocr/c573556c0c7bd6d7.png.txt,candidate_not_visually_approved
tuberculosis-screening,research/2026-09-11-yttop/evidence/assets/56c068e524e56ebb.png,https://cdn.imweb.me/thumbnail/20250526/73795620bf0b7.png,600,366,research/2026-09-11-yttop/evidence/ocr/56c068e524e56ebb.png.txt,candidate_not_visually_approved
tuberculosis-screening,research/2026-09-11-yttop/evidence/assets/36df0bef4ece38a4.png,https://cdn.imweb.me/thumbnail/20250526/c8d9f53962ff9.png,600,366,research/2026-09-11-yttop/evidence/ocr/36df0bef4ece38a4.png.txt,candidate_not_visually_approved
visa-checkup,research/2026-09-11-yttop/evidence/assets/fb4fab92bac241ed.png,https://cdn.imweb.me/upload/S202304199e04167fc8c5a/de1e65c4c99d9.png,1538,1538,research/2026-09-11-yttop/evidence/ocr/fb4fab92bac241ed.png.txt,candidate_not_visually_approved
visa-checkup,research/2026-09-11-yttop/evidence/assets/bb70394f860f60c5.png,https://cdn.imweb.me/thumbnail/20250522/8452672be866f.png,500,420,research/2026-09-11-yttop/evidence/ocr/bb70394f860f60c5.png.txt,candidate_not_visually_approved
visa-checkup,research/2026-09-11-yttop/evidence/assets/f21548365a7d3641.png,https://cdn.imweb.me/thumbnail/20250522/db83bc485d6f1.png,500,420,research/2026-09-11-yttop/evidence/ocr/f21548365a7d3641.png.txt,candidate_not_visually_approved
visa-checkup,research/2026-09-11-yttop/evidence/assets/a3d3476ee3b65f8e.png,https://cdn.imweb.me/thumbnail/20250522/7f0d2847f9946.png,500,420,research/2026-09-11-yttop/evidence/ocr/a3d3476ee3b65f8e.png.txt,candidate_not_visually_approved
visa-checkup,research/2026-09-11-yttop/evidence/assets/ec256939ac2c0bc9.png,https://cdn.imweb.me/thumbnail/20250522/49a559190e1b9.png,500,420,research/2026-09-11-yttop/evidence/ocr/ec256939ac2c0bc9.png.txt,candidate_not_visually_approved
visa-checkup,research/2026-09-11-yttop/evidence/assets/6c41e5cc5a028c5e.png,https://cdn.imweb.me/upload/S202304199e04167fc8c5a/c0401d7db3415.png,1538,1538,research/2026-09-11-yttop/evidence/ocr/6c41e5cc5a028c5e.png.txt,candidate_not_visually_approved
visa-checkup,research/2026-09-11-yttop/evidence/assets/d6281e5fb3ab627a.png,https://cdn.imweb.me/thumbnail/20250522/ab3d3a4ab9f25.png,1400,340,research/2026-09-11-yttop/evidence/ocr/d6281e5fb3ab627a.png.txt,candidate_not_visually_approved
visa-checkup,research/2026-09-11-yttop/evidence/assets/3dc3a8739357b7d4.png,https://cdn.imweb.me/thumbnail/20250523/5471ceefca3b9.png,1920,500,research/2026-09-11-yttop/evidence/ocr/3dc3a8739357b7d4.png.txt,candidate_not_visually_approved
visa-checkup,research/2026-09-11-yttop/evidence/assets/ecf2de6cbca3a34c.png,https://cdn.imweb.me/thumbnail/20250523/88e858b8f4e0b.png,1920,500,research/2026-09-11-yttop/evidence/ocr/ecf2de6cbca3a34c.png.txt,candidate_not_visually_approved
visa-checkup,research/2026-09-11-yttop/evidence/assets/1edecc8eac265bcc.png,https://cdn.imweb.me/thumbnail/20250513/e284ab87408ab.png,1920,384,research/2026-09-11-yttop/evidence/ocr/1edecc8eac265bcc.png.txt,candidate_not_visually_approved
visa-checkup,research/2026-09-11-yttop/evidence/assets/7c07b0cfe310101b.png,https://cdn.imweb.me/thumbnail/20250428/82c81dd405035.png,1920,384,research/2026-09-11-yttop/evidence/ocr/7c07b0cfe310101b.png.txt,candidate_not_visually_approved
visa-checkup,research/2026-09-11-yttop/evidence/assets/a242b3ac69a0d9be.jpg,https://cdn.imweb.me/thumbnail/20250502/9fad61098c44b.jpg,1920,629,research/2026-09-11-yttop/evidence/ocr/a242b3ac69a0d9be.jpg.txt,candidate_not_visually_approved
visa-checkup,research/2026-09-11-yttop/evidence/assets/c573556c0c7bd6d7.png,https://cdn.imweb.me/thumbnail/20250513/a85a0da3abdb9.png,900,1300,research/2026-09-11-yttop/evidence/ocr/c573556c0c7bd6d7.png.txt,candidate_not_visually_approved
visa-checkup,research/2026-09-11-yttop/evidence/assets/e3eccce66173715b.png,https://cdn.imweb.me/thumbnail/20250526/825c6854a5ab4.png,600,366,research/2026-09-11-yttop/evidence/ocr/e3eccce66173715b.png.txt,candidate_not_visually_approved
visa-checkup,research/2026-09-11-yttop/evidence/assets/95b24810984ce3da.png,https://cdn.imweb.me/thumbnail/20250526/2727fa0143fb3.png,600,366,research/2026-09-11-yttop/evidence/ocr/95b24810984ce3da.png.txt,candidate_not_visually_approved
ultrasound-index,research/2026-09-11-yttop/evidence/assets/fb4fab92bac241ed.png,https://cdn.imweb.me/upload/S202304199e04167fc8c5a/de1e65c4c99d9.png,1538,1538,research/2026-09-11-yttop/evidence/ocr/fb4fab92bac241ed.png.txt,candidate_not_visually_approved
ultrasound-index,research/2026-09-11-yttop/evidence/assets/bb70394f860f60c5.png,https://cdn.imweb.me/thumbnail/20250522/8452672be866f.png,500,420,research/2026-09-11-yttop/evidence/ocr/bb70394f860f60c5.png.txt,candidate_not_visually_approved
ultrasound-index,research/2026-09-11-yttop/evidence/assets/f21548365a7d3641.png,https://cdn.imweb.me/thumbnail/20250522/db83bc485d6f1.png,500,420,research/2026-09-11-yttop/evidence/ocr/f21548365a7d3641.png.txt,candidate_not_visually_approved
ultrasound-index,research/2026-09-11-yttop/evidence/assets/a3d3476ee3b65f8e.png,https://cdn.imweb.me/thumbnail/20250522/7f0d2847f9946.png,500,420,research/2026-09-11-yttop/evidence/ocr/a3d3476ee3b65f8e.png.txt,candidate_not_visually_approved
ultrasound-index,research/2026-09-11-yttop/evidence/assets/ec256939ac2c0bc9.png,https://cdn.imweb.me/thumbnail/20250522/49a559190e1b9.png,500,420,research/2026-09-11-yttop/evidence/ocr/ec256939ac2c0bc9.png.txt,candidate_not_visually_approved
ultrasound-index,research/2026-09-11-yttop/evidence/assets/6c41e5cc5a028c5e.png,https://cdn.imweb.me/upload/S202304199e04167fc8c5a/c0401d7db3415.png,1538,1538,research/2026-09-11-yttop/evidence/ocr/6c41e5cc5a028c5e.png.txt,candidate_not_visually_approved
ultrasound-index,research/2026-09-11-yttop/evidence/assets/d6281e5fb3ab627a.png,https://cdn.imweb.me/thumbnail/20250522/ab3d3a4ab9f25.png,1400,340,research/2026-09-11-yttop/evidence/ocr/d6281e5fb3ab627a.png.txt,candidate_not_visually_approved
ultrasound-index,research/2026-09-11-yttop/evidence/assets/1edecc8eac265bcc.png,https://cdn.imweb.me/thumbnail/20250513/e284ab87408ab.png,1920,384,research/2026-09-11-yttop/evidence/ocr/1edecc8eac265bcc.png.txt,candidate_not_visually_approved
ultrasound-index,research/2026-09-11-yttop/evidence/assets/7c07b0cfe310101b.png,https://cdn.imweb.me/thumbnail/20250428/82c81dd405035.png,1920,384,research/2026-09-11-yttop/evidence/ocr/7c07b0cfe310101b.png.txt,candidate_not_visually_approved
ultrasound-index,research/2026-09-11-yttop/evidence/assets/a242b3ac69a0d9be.jpg,https://cdn.imweb.me/thumbnail/20250502/9fad61098c44b.jpg,1920,629,research/2026-09-11-yttop/evidence/ocr/a242b3ac69a0d9be.jpg.txt,candidate_not_visually_approved
ultrasound-index,research/2026-09-11-yttop/evidence/assets/c573556c0c7bd6d7.png,https://cdn.imweb.me/thumbnail/20250513/a85a0da3abdb9.png,900,1300,research/2026-09-11-yttop/evidence/ocr/c573556c0c7bd6d7.png.txt,candidate_not_visually_approved
ultrasound-index,research/2026-09-11-yttop/evidence/assets/a7a1a197cc195db5.png,https://cdn.imweb.me/thumbnail/20250530/5a51addc54d9d.png,179,43,research/2026-09-11-yttop/evidence/ocr/a7a1a197cc195db5.png.txt,candidate_not_visually_approved
ultrasound-index,research/2026-09-11-yttop/evidence/assets/3cd5acfaef14d22f.png,https://cdn.imweb.me/thumbnail/20250513/93207dd0a77f1.png,1920,500,research/2026-09-11-yttop/evidence/ocr/3cd5acfaef14d22f.png.txt,candidate_not_visually_approved
ultrasound-index,research/2026-09-11-yttop/evidence/assets/eb7e83778ffb850b.png,https://cdn.imweb.me/thumbnail/20250520/dffc76a7f4c9e.png,600,366,research/2026-09-11-yttop/evidence/ocr/eb7e83778ffb850b.png.txt,candidate_not_visually_approved
ultrasound-index,research/2026-09-11-yttop/evidence/assets/851d1ecbdfcc243d.jpg,https://cdn.imweb.me/thumbnail/20250520/51daf357b3118.jpg,654,748,research/2026-09-11-yttop/evidence/ocr/851d1ecbdfcc243d.jpg.txt,candidate_not_visually_approved
ultrasound-index,research/2026-09-11-yttop/evidence/assets/56b30d4b1e28b6b3.jpg,https://cdn.imweb.me/thumbnail/20250520/bdb415fde132a.jpg,654,748,research/2026-09-11-yttop/evidence/ocr/56b30d4b1e28b6b3.jpg.txt,candidate_not_visually_approved
ultrasound-index,research/2026-09-11-yttop/evidence/assets/b5997322a1e91477.jpg,https://cdn.imweb.me/thumbnail/20250520/c42f12ed2cebe.jpg,654,748,research/2026-09-11-yttop/evidence/ocr/b5997322a1e91477.jpg.txt,candidate_not_visually_approved
ultrasound-index,research/2026-09-11-yttop/evidence/assets/56242a56d3c3bfbc.jpg,https://cdn.imweb.me/thumbnail/20250520/ff41a210b540b.jpg,654,748,research/2026-09-11-yttop/evidence/ocr/56242a56d3c3bfbc.jpg.txt,candidate_not_visually_approved
ultrasound-index,research/2026-09-11-yttop/evidence/assets/06a7c70b639c69f1.jpg,https://cdn.imweb.me/thumbnail/20250520/e4abec416cb9c.jpg,654,748,research/2026-09-11-yttop/evidence/ocr/06a7c70b639c69f1.jpg.txt,candidate_not_visually_approved
ultrasound-index,research/2026-09-11-yttop/evidence/assets/90350633e3429a95.jpg,https://cdn.imweb.me/thumbnail/20250520/8be9746de11ca.jpg,654,748,research/2026-09-11-yttop/evidence/ocr/90350633e3429a95.jpg.txt,candidate_not_visually_approved
ultrasound-index,research/2026-09-11-yttop/evidence/assets/6dbb67ac6037f8b8.jpg,https://cdn.imweb.me/thumbnail/20250520/5fff0fc849bce.jpg,654,748,research/2026-09-11-yttop/evidence/ocr/6dbb67ac6037f8b8.jpg.txt,candidate_not_visually_approved
ultrasound-index,research/2026-09-11-yttop/evidence/assets/4df517a88a4ed6e9.jpg,https://cdn.imweb.me/thumbnail/20250520/21ac920e374c8.jpg,654,748,research/2026-09-11-yttop/evidence/ocr/4df517a88a4ed6e9.jpg.txt,candidate_not_visually_approved
ultrasound-index,research/2026-09-11-yttop/evidence/assets/fedbac337681d79d.jpg,https://cdn.imweb.me/thumbnail/20250520/8512e33fdb908.jpg,654,748,research/2026-09-11-yttop/evidence/ocr/fedbac337681d79d.jpg.txt,candidate_not_visually_approved
ultrasound-index,research/2026-09-11-yttop/evidence/assets/6de752544855a2ef.jpg,https://cdn.imweb.me/thumbnail/20250520/182003d38211d.jpg,654,748,research/2026-09-11-yttop/evidence/ocr/6de752544855a2ef.jpg.txt,candidate_not_visually_approved
ultrasound-index,research/2026-09-11-yttop/evidence/assets/ee4811020948ab5b.png,https://cdn.imweb.me/thumbnail/20250520/aaa9794dacb9d.png,600,366,research/2026-09-11-yttop/evidence/ocr/ee4811020948ab5b.png.txt,candidate_not_visually_approved
ultrasound-index,research/2026-09-11-yttop/evidence/assets/3e1ce4f643ac3d60.jpg,https://cdn.imweb.me/thumbnail/20250520/4a0b6adbb1415.jpg,654,748,research/2026-09-11-yttop/evidence/ocr/3e1ce4f643ac3d60.jpg.txt,candidate_not_visually_approved
ultrasound-index,research/2026-09-11-yttop/evidence/assets/ff14a5b961c36b11.jpg,https://cdn.imweb.me/thumbnail/20250520/210a8432c764a.jpg,654,748,research/2026-09-11-yttop/evidence/ocr/ff14a5b961c36b11.jpg.txt,candidate_not_visually_approved
ultrasound-index,research/2026-09-11-yttop/evidence/assets/5d201b6c1e073cb4.jpg,https://cdn.imweb.me/thumbnail/20250520/e1d83ddf5062b.jpg,654,748,research/2026-09-11-yttop/evidence/ocr/5d201b6c1e073cb4.jpg.txt,candidate_not_visually_approved
ultrasound-index,research/2026-09-11-yttop/evidence/assets/ed77251253d693bc.jpg,https://cdn.imweb.me/thumbnail/20250520/162b99b965896.jpg,654,748,research/2026-09-11-yttop/evidence/ocr/ed77251253d693bc.jpg.txt,candidate_not_visually_approved
ultrasound-index,research/2026-09-11-yttop/evidence/assets/011bcb7ac8b05e67.jpg,https://cdn.imweb.me/thumbnail/20250520/ac867643e2533.jpg,654,748,research/2026-09-11-yttop/evidence/ocr/011bcb7ac8b05e67.jpg.txt,candidate_not_visually_approved
ultrasound-index,research/2026-09-11-yttop/evidence/assets/b309656a836f4a15.jpg,https://cdn.imweb.me/thumbnail/20250520/142e385f5913b.jpg,654,748,research/2026-09-11-yttop/evidence/ocr/b309656a836f4a15.jpg.txt,candidate_not_visually_approved
ultrasound-index,research/2026-09-11-yttop/evidence/assets/6a67fa247550754d.jpg,https://cdn.imweb.me/thumbnail/20250520/a155fe8941395.jpg,654,748,research/2026-09-11-yttop/evidence/ocr/6a67fa247550754d.jpg.txt,candidate_not_visually_approved
ultrasound-index,research/2026-09-11-yttop/evidence/assets/4abce750052c6bfd.jpg,https://cdn.imweb.me/thumbnail/20250520/dbee29365eb8a.jpg,654,748,research/2026-09-11-yttop/evidence/ocr/4abce750052c6bfd.jpg.txt,candidate_not_visually_approved
ultrasound-index,research/2026-09-11-yttop/evidence/assets/f2b94e006ec451e5.jpg,https://cdn.imweb.me/thumbnail/20250520/a91dc284e90c7.jpg,654,748,research/2026-09-11-yttop/evidence/ocr/f2b94e006ec451e5.jpg.txt,candidate_not_visually_approved
ultrasound-index,research/2026-09-11-yttop/evidence/assets/122ead3dc096f424.jpg,https://cdn.imweb.me/thumbnail/20250520/c00dfbb6b5147.jpg,654,748,research/2026-09-11-yttop/evidence/ocr/122ead3dc096f424.jpg.txt,candidate_not_visually_approved
ultrasound-index,research/2026-09-11-yttop/evidence/assets/b57495eede5549e9.png,https://cdn.imweb.me/thumbnail/20250520/62efb9e45748a.png,1920,500,research/2026-09-11-yttop/evidence/ocr/b57495eede5549e9.png.txt,candidate_not_visually_approved
ultrasound-index,research/2026-09-11-yttop/evidence/assets/2d02bd00d4d13da8.png,https://cdn.imweb.me/thumbnail/20250530/ec9c3b23998da.png,343,255,research/2026-09-11-yttop/evidence/ocr/2d02bd00d4d13da8.png.txt,candidate_not_visually_approved
ultrasound-index,research/2026-09-11-yttop/evidence/assets/257a08f956a6328e.png,https://cdn.imweb.me/thumbnail/20250530/7f488943c9878.png,330,255,research/2026-09-11-yttop/evidence/ocr/257a08f956a6328e.png.txt,candidate_not_visually_approved
ultrasound-index,research/2026-09-11-yttop/evidence/assets/b29d430929e742f7.png,https://cdn.imweb.me/thumbnail/20250530/856cfa8f3044e.png,393,255,research/2026-09-11-yttop/evidence/ocr/b29d430929e742f7.png.txt,candidate_not_visually_approved
ultrasound-index,research/2026-09-11-yttop/evidence/assets/725b1d6198b54e65.png,https://cdn.imweb.me/thumbnail/20250530/1a87af18a7c33.png,381,255,research/2026-09-11-yttop/evidence/ocr/725b1d6198b54e65.png.txt,candidate_not_visually_approved
ultrasound-index,research/2026-09-11-yttop/evidence/assets/50d0f2ab14b478ca.png,https://cdn.imweb.me/thumbnail/20250530/a338216161d24.png,394,255,research/2026-09-11-yttop/evidence/ocr/50d0f2ab14b478ca.png.txt,candidate_not_visually_approved
ultrasound-index,research/2026-09-11-yttop/evidence/assets/fd05999a2ca0d490.png,https://cdn.imweb.me/thumbnail/20250530/f1682e981f61c.png,375,255,research/2026-09-11-yttop/evidence/ocr/fd05999a2ca0d490.png.txt,candidate_not_visually_approved
ultrasound-index,research/2026-09-11-yttop/evidence/assets/b78989b411625bdb.png,https://cdn.imweb.me/thumbnail/20250530/8cf17549122b1.png,357,255,research/2026-09-11-yttop/evidence/ocr/b78989b411625bdb.png.txt,candidate_not_visually_approved
ultrasound-index,research/2026-09-11-yttop/evidence/assets/4411c453acb21273.png,https://cdn.imweb.me/thumbnail/20250530/7d720ab9eee8c.png,343,255,research/2026-09-11-yttop/evidence/ocr/4411c453acb21273.png.txt,candidate_not_visually_approved
ultrasound-index,research/2026-09-11-yttop/evidence/assets/e40edc21f3535e90.png,https://cdn.imweb.me/thumbnail/20250530/f35110430d07c.png,330,255,research/2026-09-11-yttop/evidence/ocr/e40edc21f3535e90.png.txt,candidate_not_visually_approved
ultrasound-index,research/2026-09-11-yttop/evidence/assets/43bb28d1d242e52d.png,https://cdn.imweb.me/thumbnail/20250530/2cc179849a998.png,393,255,research/2026-09-11-yttop/evidence/ocr/43bb28d1d242e52d.png.txt,candidate_not_visually_approved
ultrasound-index,research/2026-09-11-yttop/evidence/assets/394cfd99e654df6b.png,https://cdn.imweb.me/thumbnail/20250530/24048e3394e5f.png,381,255,research/2026-09-11-yttop/evidence/ocr/394cfd99e654df6b.png.txt,candidate_not_visually_approved
ultrasound-index,research/2026-09-11-yttop/evidence/assets/90abfa24fb854f34.png,https://cdn.imweb.me/thumbnail/20250530/b873843e7d2bb.png,394,255,research/2026-09-11-yttop/evidence/ocr/90abfa24fb854f34.png.txt,candidate_not_visually_approved
ultrasound-index,research/2026-09-11-yttop/evidence/assets/571c456ce59e5a82.png,https://cdn.imweb.me/thumbnail/20250530/01564f8a6eff8.png,375,255,research/2026-09-11-yttop/evidence/ocr/571c456ce59e5a82.png.txt,candidate_not_visually_approved
ultrasound-index,research/2026-09-11-yttop/evidence/assets/eabcdd53b64d75ae.png,https://cdn.imweb.me/thumbnail/20250530/b1523da4d9700.png,357,255,research/2026-09-11-yttop/evidence/ocr/eabcdd53b64d75ae.png.txt,candidate_not_visually_approved
ultrasound-index,research/2026-09-11-yttop/evidence/assets/504fd7a8a57a8f67.png,https://cdn.imweb.me/thumbnail/20250530/4a7cb1b797d85.png,343,255,research/2026-09-11-yttop/evidence/ocr/504fd7a8a57a8f67.png.txt,candidate_not_visually_approved
ultrasound-index,research/2026-09-11-yttop/evidence/assets/09edd9a03557ecba.png,https://cdn.imweb.me/thumbnail/20250530/9c10d8d5e8856.png,330,255,research/2026-09-11-yttop/evidence/ocr/09edd9a03557ecba.png.txt,candidate_not_visually_approved
ultrasound-index,research/2026-09-11-yttop/evidence/assets/40a9128e9ae1a04c.png,https://cdn.imweb.me/thumbnail/20250530/02533d9719238.png,393,255,research/2026-09-11-yttop/evidence/ocr/40a9128e9ae1a04c.png.txt,candidate_not_visually_approved
ultrasound-index,research/2026-09-11-yttop/evidence/assets/9c4374c8b677abaa.png,https://cdn.imweb.me/thumbnail/20250530/8bcb96a470ee5.png,381,255,research/2026-09-11-yttop/evidence/ocr/9c4374c8b677abaa.png.txt,candidate_not_visually_approved
ultrasound-index,research/2026-09-11-yttop/evidence/assets/5007de1fc7455f5c.png,https://cdn.imweb.me/thumbnail/20250530/53c26b8d81e5d.png,394,255,research/2026-09-11-yttop/evidence/ocr/5007de1fc7455f5c.png.txt,candidate_not_visually_approved
ultrasound-index,research/2026-09-11-yttop/evidence/assets/624af26fd284808a.png,https://cdn.imweb.me/thumbnail/20250530/771aec85ffa80.png,375,255,research/2026-09-11-yttop/evidence/ocr/624af26fd284808a.png.txt,candidate_not_visually_approved
ultrasound-index,research/2026-09-11-yttop/evidence/assets/b17b7ff936c5f2e0.png,https://cdn.imweb.me/thumbnail/20250530/2f6b1387c305a.png,357,255,research/2026-09-11-yttop/evidence/ocr/b17b7ff936c5f2e0.png.txt,candidate_not_visually_approved
abdominal-ultrasound,research/2026-09-11-yttop/evidence/assets/fb4fab92bac241ed.png,https://cdn.imweb.me/upload/S202304199e04167fc8c5a/de1e65c4c99d9.png,1538,1538,research/2026-09-11-yttop/evidence/ocr/fb4fab92bac241ed.png.txt,candidate_not_visually_approved
abdominal-ultrasound,research/2026-09-11-yttop/evidence/assets/bb70394f860f60c5.png,https://cdn.imweb.me/thumbnail/20250522/8452672be866f.png,500,420,research/2026-09-11-yttop/evidence/ocr/bb70394f860f60c5.png.txt,candidate_not_visually_approved
abdominal-ultrasound,research/2026-09-11-yttop/evidence/assets/f21548365a7d3641.png,https://cdn.imweb.me/thumbnail/20250522/db83bc485d6f1.png,500,420,research/2026-09-11-yttop/evidence/ocr/f21548365a7d3641.png.txt,candidate_not_visually_approved
abdominal-ultrasound,research/2026-09-11-yttop/evidence/assets/a3d3476ee3b65f8e.png,https://cdn.imweb.me/thumbnail/20250522/7f0d2847f9946.png,500,420,research/2026-09-11-yttop/evidence/ocr/a3d3476ee3b65f8e.png.txt,candidate_not_visually_approved
abdominal-ultrasound,research/2026-09-11-yttop/evidence/assets/ec256939ac2c0bc9.png,https://cdn.imweb.me/thumbnail/20250522/49a559190e1b9.png,500,420,research/2026-09-11-yttop/evidence/ocr/ec256939ac2c0bc9.png.txt,candidate_not_visually_approved
abdominal-ultrasound,research/2026-09-11-yttop/evidence/assets/6c41e5cc5a028c5e.png,https://cdn.imweb.me/upload/S202304199e04167fc8c5a/c0401d7db3415.png,1538,1538,research/2026-09-11-yttop/evidence/ocr/6c41e5cc5a028c5e.png.txt,candidate_not_visually_approved
abdominal-ultrasound,research/2026-09-11-yttop/evidence/assets/d6281e5fb3ab627a.png,https://cdn.imweb.me/thumbnail/20250522/ab3d3a4ab9f25.png,1400,340,research/2026-09-11-yttop/evidence/ocr/d6281e5fb3ab627a.png.txt,candidate_not_visually_approved
abdominal-ultrasound,research/2026-09-11-yttop/evidence/assets/1edecc8eac265bcc.png,https://cdn.imweb.me/thumbnail/20250513/e284ab87408ab.png,1920,384,research/2026-09-11-yttop/evidence/ocr/1edecc8eac265bcc.png.txt,candidate_not_visually_approved
abdominal-ultrasound,research/2026-09-11-yttop/evidence/assets/7c07b0cfe310101b.png,https://cdn.imweb.me/thumbnail/20250428/82c81dd405035.png,1920,384,research/2026-09-11-yttop/evidence/ocr/7c07b0cfe310101b.png.txt,candidate_not_visually_approved
abdominal-ultrasound,research/2026-09-11-yttop/evidence/assets/a242b3ac69a0d9be.jpg,https://cdn.imweb.me/thumbnail/20250502/9fad61098c44b.jpg,1920,629,research/2026-09-11-yttop/evidence/ocr/a242b3ac69a0d9be.jpg.txt,candidate_not_visually_approved
abdominal-ultrasound,research/2026-09-11-yttop/evidence/assets/c573556c0c7bd6d7.png,https://cdn.imweb.me/thumbnail/20250513/a85a0da3abdb9.png,900,1300,research/2026-09-11-yttop/evidence/ocr/c573556c0c7bd6d7.png.txt,candidate_not_visually_approved
abdominal-ultrasound,research/2026-09-11-yttop/evidence/assets/a7a1a197cc195db5.png,https://cdn.imweb.me/thumbnail/20250530/5a51addc54d9d.png,179,43,research/2026-09-11-yttop/evidence/ocr/a7a1a197cc195db5.png.txt,candidate_not_visually_approved
abdominal-ultrasound,research/2026-09-11-yttop/evidence/assets/3cd5acfaef14d22f.png,https://cdn.imweb.me/thumbnail/20250513/93207dd0a77f1.png,1920,500,research/2026-09-11-yttop/evidence/ocr/3cd5acfaef14d22f.png.txt,candidate_not_visually_approved
abdominal-ultrasound,research/2026-09-11-yttop/evidence/assets/eb7e83778ffb850b.png,https://cdn.imweb.me/thumbnail/20250520/dffc76a7f4c9e.png,600,366,research/2026-09-11-yttop/evidence/ocr/eb7e83778ffb850b.png.txt,candidate_not_visually_approved
abdominal-ultrasound,research/2026-09-11-yttop/evidence/assets/851d1ecbdfcc243d.jpg,https://cdn.imweb.me/thumbnail/20250520/51daf357b3118.jpg,654,748,research/2026-09-11-yttop/evidence/ocr/851d1ecbdfcc243d.jpg.txt,candidate_not_visually_approved
abdominal-ultrasound,research/2026-09-11-yttop/evidence/assets/56b30d4b1e28b6b3.jpg,https://cdn.imweb.me/thumbnail/20250520/bdb415fde132a.jpg,654,748,research/2026-09-11-yttop/evidence/ocr/56b30d4b1e28b6b3.jpg.txt,candidate_not_visually_approved
abdominal-ultrasound,research/2026-09-11-yttop/evidence/assets/b5997322a1e91477.jpg,https://cdn.imweb.me/thumbnail/20250520/c42f12ed2cebe.jpg,654,748,research/2026-09-11-yttop/evidence/ocr/b5997322a1e91477.jpg.txt,candidate_not_visually_approved
abdominal-ultrasound,research/2026-09-11-yttop/evidence/assets/56242a56d3c3bfbc.jpg,https://cdn.imweb.me/thumbnail/20250520/ff41a210b540b.jpg,654,748,research/2026-09-11-yttop/evidence/ocr/56242a56d3c3bfbc.jpg.txt,candidate_not_visually_approved
abdominal-ultrasound,research/2026-09-11-yttop/evidence/assets/06a7c70b639c69f1.jpg,https://cdn.imweb.me/thumbnail/20250520/e4abec416cb9c.jpg,654,748,research/2026-09-11-yttop/evidence/ocr/06a7c70b639c69f1.jpg.txt,candidate_not_visually_approved
abdominal-ultrasound,research/2026-09-11-yttop/evidence/assets/90350633e3429a95.jpg,https://cdn.imweb.me/thumbnail/20250520/8be9746de11ca.jpg,654,748,research/2026-09-11-yttop/evidence/ocr/90350633e3429a95.jpg.txt,candidate_not_visually_approved
abdominal-ultrasound,research/2026-09-11-yttop/evidence/assets/6dbb67ac6037f8b8.jpg,https://cdn.imweb.me/thumbnail/20250520/5fff0fc849bce.jpg,654,748,research/2026-09-11-yttop/evidence/ocr/6dbb67ac6037f8b8.jpg.txt,candidate_not_visually_approved
abdominal-ultrasound,research/2026-09-11-yttop/evidence/assets/4df517a88a4ed6e9.jpg,https://cdn.imweb.me/thumbnail/20250520/21ac920e374c8.jpg,654,748,research/2026-09-11-yttop/evidence/ocr/4df517a88a4ed6e9.jpg.txt,candidate_not_visually_approved
abdominal-ultrasound,research/2026-09-11-yttop/evidence/assets/fedbac337681d79d.jpg,https://cdn.imweb.me/thumbnail/20250520/8512e33fdb908.jpg,654,748,research/2026-09-11-yttop/evidence/ocr/fedbac337681d79d.jpg.txt,candidate_not_visually_approved
abdominal-ultrasound,research/2026-09-11-yttop/evidence/assets/6de752544855a2ef.jpg,https://cdn.imweb.me/thumbnail/20250520/182003d38211d.jpg,654,748,research/2026-09-11-yttop/evidence/ocr/6de752544855a2ef.jpg.txt,candidate_not_visually_approved
abdominal-ultrasound,research/2026-09-11-yttop/evidence/assets/ee4811020948ab5b.png,https://cdn.imweb.me/thumbnail/20250520/aaa9794dacb9d.png,600,366,research/2026-09-11-yttop/evidence/ocr/ee4811020948ab5b.png.txt,candidate_not_visually_approved
abdominal-ultrasound,research/2026-09-11-yttop/evidence/assets/3e1ce4f643ac3d60.jpg,https://cdn.imweb.me/thumbnail/20250520/4a0b6adbb1415.jpg,654,748,research/2026-09-11-yttop/evidence/ocr/3e1ce4f643ac3d60.jpg.txt,candidate_not_visually_approved
abdominal-ultrasound,research/2026-09-11-yttop/evidence/assets/ff14a5b961c36b11.jpg,https://cdn.imweb.me/thumbnail/20250520/210a8432c764a.jpg,654,748,research/2026-09-11-yttop/evidence/ocr/ff14a5b961c36b11.jpg.txt,candidate_not_visually_approved
abdominal-ultrasound,research/2026-09-11-yttop/evidence/assets/5d201b6c1e073cb4.jpg,https://cdn.imweb.me/thumbnail/20250520/e1d83ddf5062b.jpg,654,748,research/2026-09-11-yttop/evidence/ocr/5d201b6c1e073cb4.jpg.txt,candidate_not_visually_approved
abdominal-ultrasound,research/2026-09-11-yttop/evidence/assets/ed77251253d693bc.jpg,https://cdn.imweb.me/thumbnail/20250520/162b99b965896.jpg,654,748,research/2026-09-11-yttop/evidence/ocr/ed77251253d693bc.jpg.txt,candidate_not_visually_approved
abdominal-ultrasound,research/2026-09-11-yttop/evidence/assets/011bcb7ac8b05e67.jpg,https://cdn.imweb.me/thumbnail/20250520/ac867643e2533.jpg,654,748,research/2026-09-11-yttop/evidence/ocr/011bcb7ac8b05e67.jpg.txt,candidate_not_visually_approved
abdominal-ultrasound,research/2026-09-11-yttop/evidence/assets/b309656a836f4a15.jpg,https://cdn.imweb.me/thumbnail/20250520/142e385f5913b.jpg,654,748,research/2026-09-11-yttop/evidence/ocr/b309656a836f4a15.jpg.txt,candidate_not_visually_approved
abdominal-ultrasound,research/2026-09-11-yttop/evidence/assets/6a67fa247550754d.jpg,https://cdn.imweb.me/thumbnail/20250520/a155fe8941395.jpg,654,748,research/2026-09-11-yttop/evidence/ocr/6a67fa247550754d.jpg.txt,candidate_not_visually_approved
abdominal-ultrasound,research/2026-09-11-yttop/evidence/assets/4abce750052c6bfd.jpg,https://cdn.imweb.me/thumbnail/20250520/dbee29365eb8a.jpg,654,748,research/2026-09-11-yttop/evidence/ocr/4abce750052c6bfd.jpg.txt,candidate_not_visually_approved
abdominal-ultrasound,research/2026-09-11-yttop/evidence/assets/f2b94e006ec451e5.jpg,https://cdn.imweb.me/thumbnail/20250520/a91dc284e90c7.jpg,654,748,research/2026-09-11-yttop/evidence/ocr/f2b94e006ec451e5.jpg.txt,candidate_not_visually_approved
abdominal-ultrasound,research/2026-09-11-yttop/evidence/assets/122ead3dc096f424.jpg,https://cdn.imweb.me/thumbnail/20250520/c00dfbb6b5147.jpg,654,748,research/2026-09-11-yttop/evidence/ocr/122ead3dc096f424.jpg.txt,candidate_not_visually_approved
abdominal-ultrasound,research/2026-09-11-yttop/evidence/assets/b57495eede5549e9.png,https://cdn.imweb.me/thumbnail/20250520/62efb9e45748a.png,1920,500,research/2026-09-11-yttop/evidence/ocr/b57495eede5549e9.png.txt,candidate_not_visually_approved
abdominal-ultrasound,research/2026-09-11-yttop/evidence/assets/2d02bd00d4d13da8.png,https://cdn.imweb.me/thumbnail/20250530/ec9c3b23998da.png,343,255,research/2026-09-11-yttop/evidence/ocr/2d02bd00d4d13da8.png.txt,candidate_not_visually_approved
abdominal-ultrasound,research/2026-09-11-yttop/evidence/assets/257a08f956a6328e.png,https://cdn.imweb.me/thumbnail/20250530/7f488943c9878.png,330,255,research/2026-09-11-yttop/evidence/ocr/257a08f956a6328e.png.txt,candidate_not_visually_approved
abdominal-ultrasound,research/2026-09-11-yttop/evidence/assets/b29d430929e742f7.png,https://cdn.imweb.me/thumbnail/20250530/856cfa8f3044e.png,393,255,research/2026-09-11-yttop/evidence/ocr/b29d430929e742f7.png.txt,candidate_not_visually_approved
abdominal-ultrasound,research/2026-09-11-yttop/evidence/assets/725b1d6198b54e65.png,https://cdn.imweb.me/thumbnail/20250530/1a87af18a7c33.png,381,255,research/2026-09-11-yttop/evidence/ocr/725b1d6198b54e65.png.txt,candidate_not_visually_approved
abdominal-ultrasound,research/2026-09-11-yttop/evidence/assets/50d0f2ab14b478ca.png,https://cdn.imweb.me/thumbnail/20250530/a338216161d24.png,394,255,research/2026-09-11-yttop/evidence/ocr/50d0f2ab14b478ca.png.txt,candidate_not_visually_approved
abdominal-ultrasound,research/2026-09-11-yttop/evidence/assets/fd05999a2ca0d490.png,https://cdn.imweb.me/thumbnail/20250530/f1682e981f61c.png,375,255,research/2026-09-11-yttop/evidence/ocr/fd05999a2ca0d490.png.txt,candidate_not_visually_approved
abdominal-ultrasound,research/2026-09-11-yttop/evidence/assets/b78989b411625bdb.png,https://cdn.imweb.me/thumbnail/20250530/8cf17549122b1.png,357,255,research/2026-09-11-yttop/evidence/ocr/b78989b411625bdb.png.txt,candidate_not_visually_approved
abdominal-ultrasound,research/2026-09-11-yttop/evidence/assets/4411c453acb21273.png,https://cdn.imweb.me/thumbnail/20250530/7d720ab9eee8c.png,343,255,research/2026-09-11-yttop/evidence/ocr/4411c453acb21273.png.txt,candidate_not_visually_approved
abdominal-ultrasound,research/2026-09-11-yttop/evidence/assets/e40edc21f3535e90.png,https://cdn.imweb.me/thumbnail/20250530/f35110430d07c.png,330,255,research/2026-09-11-yttop/evidence/ocr/e40edc21f3535e90.png.txt,candidate_not_visually_approved
abdominal-ultrasound,research/2026-09-11-yttop/evidence/assets/43bb28d1d242e52d.png,https://cdn.imweb.me/thumbnail/20250530/2cc179849a998.png,393,255,research/2026-09-11-yttop/evidence/ocr/43bb28d1d242e52d.png.txt,candidate_not_visually_approved
abdominal-ultrasound,research/2026-09-11-yttop/evidence/assets/394cfd99e654df6b.png,https://cdn.imweb.me/thumbnail/20250530/24048e3394e5f.png,381,255,research/2026-09-11-yttop/evidence/ocr/394cfd99e654df6b.png.txt,candidate_not_visually_approved
abdominal-ultrasound,research/2026-09-11-yttop/evidence/assets/90abfa24fb854f34.png,https://cdn.imweb.me/thumbnail/20250530/b873843e7d2bb.png,394,255,research/2026-09-11-yttop/evidence/ocr/90abfa24fb854f34.png.txt,candidate_not_visually_approved
abdominal-ultrasound,research/2026-09-11-yttop/evidence/assets/571c456ce59e5a82.png,https://cdn.imweb.me/thumbnail/20250530/01564f8a6eff8.png,375,255,research/2026-09-11-yttop/evidence/ocr/571c456ce59e5a82.png.txt,candidate_not_visually_approved
abdominal-ultrasound,research/2026-09-11-yttop/evidence/assets/eabcdd53b64d75ae.png,https://cdn.imweb.me/thumbnail/20250530/b1523da4d9700.png,357,255,research/2026-09-11-yttop/evidence/ocr/eabcdd53b64d75ae.png.txt,candidate_not_visually_approved
abdominal-ultrasound,research/2026-09-11-yttop/evidence/assets/504fd7a8a57a8f67.png,https://cdn.imweb.me/thumbnail/20250530/4a7cb1b797d85.png,343,255,research/2026-09-11-yttop/evidence/ocr/504fd7a8a57a8f67.png.txt,candidate_not_visually_approved
abdominal-ultrasound,research/2026-09-11-yttop/evidence/assets/09edd9a03557ecba.png,https://cdn.imweb.me/thumbnail/20250530/9c10d8d5e8856.png,330,255,research/2026-09-11-yttop/evidence/ocr/09edd9a03557ecba.png.txt,candidate_not_visually_approved
abdominal-ultrasound,research/2026-09-11-yttop/evidence/assets/40a9128e9ae1a04c.png,https://cdn.imweb.me/thumbnail/20250530/02533d9719238.png,393,255,research/2026-09-11-yttop/evidence/ocr/40a9128e9ae1a04c.png.txt,candidate_not_visually_approved
abdominal-ultrasound,research/2026-09-11-yttop/evidence/assets/9c4374c8b677abaa.png,https://cdn.imweb.me/thumbnail/20250530/8bcb96a470ee5.png,381,255,research/2026-09-11-yttop/evidence/ocr/9c4374c8b677abaa.png.txt,candidate_not_visually_approved
abdominal-ultrasound,research/2026-09-11-yttop/evidence/assets/5007de1fc7455f5c.png,https://cdn.imweb.me/thumbnail/20250530/53c26b8d81e5d.png,394,255,research/2026-09-11-yttop/evidence/ocr/5007de1fc7455f5c.png.txt,candidate_not_visually_approved
abdominal-ultrasound,research/2026-09-11-yttop/evidence/assets/624af26fd284808a.png,https://cdn.imweb.me/thumbnail/20250530/771aec85ffa80.png,375,255,research/2026-09-11-yttop/evidence/ocr/624af26fd284808a.png.txt,candidate_not_visually_approved
abdominal-ultrasound,research/2026-09-11-yttop/evidence/assets/b17b7ff936c5f2e0.png,https://cdn.imweb.me/thumbnail/20250530/2f6b1387c305a.png,357,255,research/2026-09-11-yttop/evidence/ocr/b17b7ff936c5f2e0.png.txt,candidate_not_visually_approved
thyroid-ultrasound,research/2026-09-11-yttop/evidence/assets/fb4fab92bac241ed.png,https://cdn.imweb.me/upload/S202304199e04167fc8c5a/de1e65c4c99d9.png,1538,1538,research/2026-09-11-yttop/evidence/ocr/fb4fab92bac241ed.png.txt,candidate_not_visually_approved
thyroid-ultrasound,research/2026-09-11-yttop/evidence/assets/bb70394f860f60c5.png,https://cdn.imweb.me/thumbnail/20250522/8452672be866f.png,500,420,research/2026-09-11-yttop/evidence/ocr/bb70394f860f60c5.png.txt,candidate_not_visually_approved
thyroid-ultrasound,research/2026-09-11-yttop/evidence/assets/f21548365a7d3641.png,https://cdn.imweb.me/thumbnail/20250522/db83bc485d6f1.png,500,420,research/2026-09-11-yttop/evidence/ocr/f21548365a7d3641.png.txt,candidate_not_visually_approved
thyroid-ultrasound,research/2026-09-11-yttop/evidence/assets/a3d3476ee3b65f8e.png,https://cdn.imweb.me/thumbnail/20250522/7f0d2847f9946.png,500,420,research/2026-09-11-yttop/evidence/ocr/a3d3476ee3b65f8e.png.txt,candidate_not_visually_approved
thyroid-ultrasound,research/2026-09-11-yttop/evidence/assets/ec256939ac2c0bc9.png,https://cdn.imweb.me/thumbnail/20250522/49a559190e1b9.png,500,420,research/2026-09-11-yttop/evidence/ocr/ec256939ac2c0bc9.png.txt,candidate_not_visually_approved
thyroid-ultrasound,research/2026-09-11-yttop/evidence/assets/6c41e5cc5a028c5e.png,https://cdn.imweb.me/upload/S202304199e04167fc8c5a/c0401d7db3415.png,1538,1538,research/2026-09-11-yttop/evidence/ocr/6c41e5cc5a028c5e.png.txt,candidate_not_visually_approved
thyroid-ultrasound,research/2026-09-11-yttop/evidence/assets/d6281e5fb3ab627a.png,https://cdn.imweb.me/thumbnail/20250522/ab3d3a4ab9f25.png,1400,340,research/2026-09-11-yttop/evidence/ocr/d6281e5fb3ab627a.png.txt,candidate_not_visually_approved
thyroid-ultrasound,research/2026-09-11-yttop/evidence/assets/1edecc8eac265bcc.png,https://cdn.imweb.me/thumbnail/20250513/e284ab87408ab.png,1920,384,research/2026-09-11-yttop/evidence/ocr/1edecc8eac265bcc.png.txt,candidate_not_visually_approved
thyroid-ultrasound,research/2026-09-11-yttop/evidence/assets/7c07b0cfe310101b.png,https://cdn.imweb.me/thumbnail/20250428/82c81dd405035.png,1920,384,research/2026-09-11-yttop/evidence/ocr/7c07b0cfe310101b.png.txt,candidate_not_visually_approved
thyroid-ultrasound,research/2026-09-11-yttop/evidence/assets/a242b3ac69a0d9be.jpg,https://cdn.imweb.me/thumbnail/20250502/9fad61098c44b.jpg,1920,629,research/2026-09-11-yttop/evidence/ocr/a242b3ac69a0d9be.jpg.txt,candidate_not_visually_approved
thyroid-ultrasound,research/2026-09-11-yttop/evidence/assets/c573556c0c7bd6d7.png,https://cdn.imweb.me/thumbnail/20250513/a85a0da3abdb9.png,900,1300,research/2026-09-11-yttop/evidence/ocr/c573556c0c7bd6d7.png.txt,candidate_not_visually_approved
thyroid-ultrasound,research/2026-09-11-yttop/evidence/assets/a7a1a197cc195db5.png,https://cdn.imweb.me/thumbnail/20250530/5a51addc54d9d.png,179,43,research/2026-09-11-yttop/evidence/ocr/a7a1a197cc195db5.png.txt,candidate_not_visually_approved
thyroid-ultrasound,research/2026-09-11-yttop/evidence/assets/3cd5acfaef14d22f.png,https://cdn.imweb.me/thumbnail/20250513/93207dd0a77f1.png,1920,500,research/2026-09-11-yttop/evidence/ocr/3cd5acfaef14d22f.png.txt,candidate_not_visually_approved
thyroid-ultrasound,research/2026-09-11-yttop/evidence/assets/b57495eede5549e9.png,https://cdn.imweb.me/thumbnail/20250520/62efb9e45748a.png,1920,500,research/2026-09-11-yttop/evidence/ocr/b57495eede5549e9.png.txt,candidate_not_visually_approved
thyroid-ultrasound,research/2026-09-11-yttop/evidence/assets/3be9aa3d3049a887.png,https://cdn.imweb.me/thumbnail/20250522/d1d53f4f4c856.png,600,366,research/2026-09-11-yttop/evidence/ocr/3be9aa3d3049a887.png.txt,candidate_not_visually_approved
thyroid-ultrasound,research/2026-09-11-yttop/evidence/assets/56c1a9b43f5bbcb6.jpg,https://cdn.imweb.me/thumbnail/20250522/f061d153eed85.jpg,654,748,research/2026-09-11-yttop/evidence/ocr/56c1a9b43f5bbcb6.jpg.txt,candidate_not_visually_approved
thyroid-ultrasound,research/2026-09-11-yttop/evidence/assets/81ca5da145588bfe.jpg,https://cdn.imweb.me/thumbnail/20250522/91647af6b3bcb.jpg,654,748,research/2026-09-11-yttop/evidence/ocr/81ca5da145588bfe.jpg.txt,candidate_not_visually_approved
thyroid-ultrasound,research/2026-09-11-yttop/evidence/assets/7b294e2fee714248.jpg,https://cdn.imweb.me/thumbnail/20250522/ec6b4a3a5cf24.jpg,654,748,research/2026-09-11-yttop/evidence/ocr/7b294e2fee714248.jpg.txt,candidate_not_visually_approved
thyroid-ultrasound,research/2026-09-11-yttop/evidence/assets/d311e819126779e6.jpg,https://cdn.imweb.me/thumbnail/20250522/b6ef5ab2dbd87.jpg,654,748,research/2026-09-11-yttop/evidence/ocr/d311e819126779e6.jpg.txt,candidate_not_visually_approved
thyroid-ultrasound,research/2026-09-11-yttop/evidence/assets/857e9af8a307a97a.png,https://cdn.imweb.me/thumbnail/20250522/c921271c996ec.png,600,366,research/2026-09-11-yttop/evidence/ocr/857e9af8a307a97a.png.txt,candidate_not_visually_approved
thyroid-ultrasound,research/2026-09-11-yttop/evidence/assets/18e65434efbe9a95.jpg,https://cdn.imweb.me/thumbnail/20250522/fa61b87f9e3ea.jpg,654,748,research/2026-09-11-yttop/evidence/ocr/18e65434efbe9a95.jpg.txt,candidate_not_visually_approved
thyroid-ultrasound,research/2026-09-11-yttop/evidence/assets/3416892faa4a235e.jpg,https://cdn.imweb.me/thumbnail/20250522/0967ca29722e4.jpg,654,748,research/2026-09-11-yttop/evidence/ocr/3416892faa4a235e.jpg.txt,candidate_not_visually_approved
thyroid-ultrasound,research/2026-09-11-yttop/evidence/assets/0c495fd4304c591b.jpg,https://cdn.imweb.me/thumbnail/20250522/526ed4592eafb.jpg,654,748,research/2026-09-11-yttop/evidence/ocr/0c495fd4304c591b.jpg.txt,candidate_not_visually_approved
thyroid-ultrasound,research/2026-09-11-yttop/evidence/assets/3ed2c9001abef23e.jpg,https://cdn.imweb.me/thumbnail/20250522/e8db385ccbf86.jpg,654,748,research/2026-09-11-yttop/evidence/ocr/3ed2c9001abef23e.jpg.txt,candidate_not_visually_approved
thyroid-ultrasound,research/2026-09-11-yttop/evidence/assets/7a1eac9d5481e021.png,https://cdn.imweb.me/thumbnail/20250530/cc2245c91ba2e.png,340,255,research/2026-09-11-yttop/evidence/ocr/7a1eac9d5481e021.png.txt,candidate_not_visually_approved
thyroid-ultrasound,research/2026-09-11-yttop/evidence/assets/cae83e2116bdf508.png,https://cdn.imweb.me/thumbnail/20250530/86ee53a534d9c.png,532,255,research/2026-09-11-yttop/evidence/ocr/cae83e2116bdf508.png.txt,candidate_not_visually_approved
thyroid-ultrasound,research/2026-09-11-yttop/evidence/assets/92ab8009699edd2f.png,https://cdn.imweb.me/thumbnail/20250530/ad39eb9486ca8.png,340,255,research/2026-09-11-yttop/evidence/ocr/92ab8009699edd2f.png.txt,candidate_not_visually_approved
thyroid-ultrasound,research/2026-09-11-yttop/evidence/assets/fd984c8586525a01.png,https://cdn.imweb.me/thumbnail/20250530/7b183e5cbfa6b.png,532,255,research/2026-09-11-yttop/evidence/ocr/fd984c8586525a01.png.txt,candidate_not_visually_approved
thyroid-ultrasound,research/2026-09-11-yttop/evidence/assets/6cbed0bb42231080.png,https://cdn.imweb.me/thumbnail/20250530/4374819031a35.png,340,255,research/2026-09-11-yttop/evidence/ocr/6cbed0bb42231080.png.txt,candidate_not_visually_approved
thyroid-ultrasound,research/2026-09-11-yttop/evidence/assets/d91aa940cdf05206.png,https://cdn.imweb.me/thumbnail/20250530/c4891c4b3c2c2.png,532,255,research/2026-09-11-yttop/evidence/ocr/d91aa940cdf05206.png.txt,candidate_not_visually_approved
bowel-ultrasound,research/2026-09-11-yttop/evidence/assets/bb70394f860f60c5.png,https://cdn.imweb.me/thumbnail/20250522/8452672be866f.png,500,420,research/2026-09-11-yttop/evidence/ocr/bb70394f860f60c5.png.txt,candidate_not_visually_approved
bowel-ultrasound,research/2026-09-11-yttop/evidence/assets/f21548365a7d3641.png,https://cdn.imweb.me/thumbnail/20250522/db83bc485d6f1.png,500,420,research/2026-09-11-yttop/evidence/ocr/f21548365a7d3641.png.txt,candidate_not_visually_approved
bowel-ultrasound,research/2026-09-11-yttop/evidence/assets/a3d3476ee3b65f8e.png,https://cdn.imweb.me/thumbnail/20250522/7f0d2847f9946.png,500,420,research/2026-09-11-yttop/evidence/ocr/a3d3476ee3b65f8e.png.txt,candidate_not_visually_approved
bowel-ultrasound,research/2026-09-11-yttop/evidence/assets/ec256939ac2c0bc9.png,https://cdn.imweb.me/thumbnail/20250522/49a559190e1b9.png,500,420,research/2026-09-11-yttop/evidence/ocr/ec256939ac2c0bc9.png.txt,candidate_not_visually_approved
bowel-ultrasound,research/2026-09-11-yttop/evidence/assets/d6281e5fb3ab627a.png,https://cdn.imweb.me/thumbnail/20250522/ab3d3a4ab9f25.png,1400,340,research/2026-09-11-yttop/evidence/ocr/d6281e5fb3ab627a.png.txt,candidate_not_visually_approved
bowel-ultrasound,research/2026-09-11-yttop/evidence/assets/1edecc8eac265bcc.png,https://cdn.imweb.me/thumbnail/20250513/e284ab87408ab.png,1920,384,research/2026-09-11-yttop/evidence/ocr/1edecc8eac265bcc.png.txt,candidate_not_visually_approved
bowel-ultrasound,research/2026-09-11-yttop/evidence/assets/7c07b0cfe310101b.png,https://cdn.imweb.me/thumbnail/20250428/82c81dd405035.png,1920,384,research/2026-09-11-yttop/evidence/ocr/7c07b0cfe310101b.png.txt,candidate_not_visually_approved
bowel-ultrasound,research/2026-09-11-yttop/evidence/assets/a242b3ac69a0d9be.jpg,https://cdn.imweb.me/thumbnail/20250502/9fad61098c44b.jpg,1920,629,research/2026-09-11-yttop/evidence/ocr/a242b3ac69a0d9be.jpg.txt,candidate_not_visually_approved
bowel-ultrasound,research/2026-09-11-yttop/evidence/assets/c573556c0c7bd6d7.png,https://cdn.imweb.me/thumbnail/20250513/a85a0da3abdb9.png,900,1300,research/2026-09-11-yttop/evidence/ocr/c573556c0c7bd6d7.png.txt,candidate_not_visually_approved
bowel-ultrasound,research/2026-09-11-yttop/evidence/assets/a7a1a197cc195db5.png,https://cdn.imweb.me/thumbnail/20250530/5a51addc54d9d.png,179,43,research/2026-09-11-yttop/evidence/ocr/a7a1a197cc195db5.png.txt,candidate_not_visually_approved
bowel-ultrasound,research/2026-09-11-yttop/evidence/assets/3cd5acfaef14d22f.png,https://cdn.imweb.me/thumbnail/20250513/93207dd0a77f1.png,1920,500,research/2026-09-11-yttop/evidence/ocr/3cd5acfaef14d22f.png.txt,candidate_not_visually_approved
bowel-ultrasound,research/2026-09-11-yttop/evidence/assets/b57495eede5549e9.png,https://cdn.imweb.me/thumbnail/20250520/62efb9e45748a.png,1920,500,research/2026-09-11-yttop/evidence/ocr/b57495eede5549e9.png.txt,candidate_not_visually_approved
bowel-ultrasound,research/2026-09-11-yttop/evidence/assets/c12ec2c0e3d03169.png,https://cdn.imweb.me/thumbnail/20250522/08af041308d97.png,600,366,research/2026-09-11-yttop/evidence/ocr/c12ec2c0e3d03169.png.txt,candidate_not_visually_approved
bowel-ultrasound,research/2026-09-11-yttop/evidence/assets/2707e858f0d62e96.jpg,https://cdn.imweb.me/thumbnail/20250522/4af12122e8750.jpg,654,748,research/2026-09-11-yttop/evidence/ocr/2707e858f0d62e96.jpg.txt,candidate_not_visually_approved
bowel-ultrasound,research/2026-09-11-yttop/evidence/assets/047a1e7d7e2f2e84.jpg,https://cdn.imweb.me/thumbnail/20250522/a8e6272a3e4a8.jpg,654,748,research/2026-09-11-yttop/evidence/ocr/047a1e7d7e2f2e84.jpg.txt,candidate_not_visually_approved
bowel-ultrasound,research/2026-09-11-yttop/evidence/assets/bda6f710c6e4e153.jpg,https://cdn.imweb.me/thumbnail/20250522/44e81beecdfd3.jpg,654,748,research/2026-09-11-yttop/evidence/ocr/bda6f710c6e4e153.jpg.txt,candidate_not_visually_approved
bowel-ultrasound,research/2026-09-11-yttop/evidence/assets/fb1b97c92fab4492.jpg,https://cdn.imweb.me/thumbnail/20250522/9ff01077842d5.jpg,654,748,research/2026-09-11-yttop/evidence/ocr/fb1b97c92fab4492.jpg.txt,candidate_not_visually_approved
bowel-ultrasound,research/2026-09-11-yttop/evidence/assets/058ce90d48f164ad.jpg,https://cdn.imweb.me/thumbnail/20250522/3f1c6ddd3a9b1.jpg,654,748,research/2026-09-11-yttop/evidence/ocr/058ce90d48f164ad.jpg.txt,candidate_not_visually_approved
bowel-ultrasound,research/2026-09-11-yttop/evidence/assets/7cb16bb9863c3cc9.jpg,https://cdn.imweb.me/thumbnail/20250522/5f19992ff04af.jpg,654,748,research/2026-09-11-yttop/evidence/ocr/7cb16bb9863c3cc9.jpg.txt,candidate_not_visually_approved
bowel-ultrasound,research/2026-09-11-yttop/evidence/assets/a3eb625e06eaa8d5.jpg,https://cdn.imweb.me/thumbnail/20250522/5ea8df065ce69.jpg,654,748,research/2026-09-11-yttop/evidence/ocr/a3eb625e06eaa8d5.jpg.txt,candidate_not_visually_approved
bowel-ultrasound,research/2026-09-11-yttop/evidence/assets/4ec7f837d10bd73a.jpg,https://cdn.imweb.me/thumbnail/20250522/244a800676e1d.jpg,654,748,research/2026-09-11-yttop/evidence/ocr/4ec7f837d10bd73a.jpg.txt,candidate_not_visually_approved
bowel-ultrasound,research/2026-09-11-yttop/evidence/assets/0b12f6cd8397f504.png,https://cdn.imweb.me/thumbnail/20250522/6b725993ea47e.png,600,366,research/2026-09-11-yttop/evidence/ocr/0b12f6cd8397f504.png.txt,candidate_not_visually_approved
bowel-ultrasound,research/2026-09-11-yttop/evidence/assets/3f78894115d46d31.jpg,https://cdn.imweb.me/thumbnail/20250522/3051c19bdd1b5.jpg,654,748,research/2026-09-11-yttop/evidence/ocr/3f78894115d46d31.jpg.txt,candidate_not_visually_approved
bowel-ultrasound,research/2026-09-11-yttop/evidence/assets/357f178f1a944cca.jpg,https://cdn.imweb.me/thumbnail/20250522/9defe2dbd5af2.jpg,654,748,research/2026-09-11-yttop/evidence/ocr/357f178f1a944cca.jpg.txt,candidate_not_visually_approved
bowel-ultrasound,research/2026-09-11-yttop/evidence/assets/32fd265bb9bf4979.jpg,https://cdn.imweb.me/thumbnail/20250522/a4e499e081178.jpg,654,748,research/2026-09-11-yttop/evidence/ocr/32fd265bb9bf4979.jpg.txt,candidate_not_visually_approved
bowel-ultrasound,research/2026-09-11-yttop/evidence/assets/99edbb256cf4c557.jpg,https://cdn.imweb.me/thumbnail/20250522/4d583adbc5705.jpg,654,748,research/2026-09-11-yttop/evidence/ocr/99edbb256cf4c557.jpg.txt,candidate_not_visually_approved
bowel-ultrasound,research/2026-09-11-yttop/evidence/assets/a272c344a4015ff0.jpg,https://cdn.imweb.me/thumbnail/20250522/982eb40bd1ab3.jpg,654,748,research/2026-09-11-yttop/evidence/ocr/a272c344a4015ff0.jpg.txt,candidate_not_visually_approved
bowel-ultrasound,research/2026-09-11-yttop/evidence/assets/396c3db720c60a3b.jpg,https://cdn.imweb.me/thumbnail/20250522/477b28e4b621e.jpg,654,748,research/2026-09-11-yttop/evidence/ocr/396c3db720c60a3b.jpg.txt,candidate_not_visually_approved
bowel-ultrasound,research/2026-09-11-yttop/evidence/assets/fa00b3d81e60cb32.jpg,https://cdn.imweb.me/thumbnail/20250522/bf47714dc1729.jpg,654,748,research/2026-09-11-yttop/evidence/ocr/fa00b3d81e60cb32.jpg.txt,candidate_not_visually_approved
bowel-ultrasound,research/2026-09-11-yttop/evidence/assets/7af3e0a084d687da.jpg,https://cdn.imweb.me/thumbnail/20250522/c7e81539f3305.jpg,654,748,research/2026-09-11-yttop/evidence/ocr/7af3e0a084d687da.jpg.txt,candidate_not_visually_approved
bowel-ultrasound,research/2026-09-11-yttop/evidence/assets/315d77d4e8c0253f.png,https://cdn.imweb.me/thumbnail/20250530/ddd30cdf8ccd1.png,365,255,research/2026-09-11-yttop/evidence/ocr/315d77d4e8c0253f.png.txt,candidate_not_visually_approved
bowel-ultrasound,research/2026-09-11-yttop/evidence/assets/cff774fb85c14c32.png,https://cdn.imweb.me/thumbnail/20250530/3182d30583253.png,378,255,research/2026-09-11-yttop/evidence/ocr/cff774fb85c14c32.png.txt,candidate_not_visually_approved
bowel-ultrasound,research/2026-09-11-yttop/evidence/assets/d36c4b46fcbabe4a.png,https://cdn.imweb.me/thumbnail/20250530/e6883fc3a9432.png,365,255,research/2026-09-11-yttop/evidence/ocr/d36c4b46fcbabe4a.png.txt,candidate_not_visually_approved
bowel-ultrasound,research/2026-09-11-yttop/evidence/assets/0676063c654584d9.png,https://cdn.imweb.me/thumbnail/20250530/f7662ae778120.png,378,255,research/2026-09-11-yttop/evidence/ocr/0676063c654584d9.png.txt,candidate_not_visually_approved
bowel-ultrasound,research/2026-09-11-yttop/evidence/assets/a124ab607e091fbb.png,https://cdn.imweb.me/thumbnail/20250530/4ccaf198a67d7.png,365,255,research/2026-09-11-yttop/evidence/ocr/a124ab607e091fbb.png.txt,candidate_not_visually_approved
bowel-ultrasound,research/2026-09-11-yttop/evidence/assets/2d88028932aa8c4a.png,https://cdn.imweb.me/thumbnail/20250530/c63f4556d9491.png,378,255,research/2026-09-11-yttop/evidence/ocr/2d88028932aa8c4a.png.txt,candidate_not_visually_approved
conditions,research/2026-09-11-yttop/evidence/assets/fb4fab92bac241ed.png,https://cdn.imweb.me/upload/S202304199e04167fc8c5a/de1e65c4c99d9.png,1538,1538,research/2026-09-11-yttop/evidence/ocr/fb4fab92bac241ed.png.txt,candidate_not_visually_approved
conditions,research/2026-09-11-yttop/evidence/assets/bb70394f860f60c5.png,https://cdn.imweb.me/thumbnail/20250522/8452672be866f.png,500,420,research/2026-09-11-yttop/evidence/ocr/bb70394f860f60c5.png.txt,candidate_not_visually_approved
conditions,research/2026-09-11-yttop/evidence/assets/f21548365a7d3641.png,https://cdn.imweb.me/thumbnail/20250522/db83bc485d6f1.png,500,420,research/2026-09-11-yttop/evidence/ocr/f21548365a7d3641.png.txt,candidate_not_visually_approved
conditions,research/2026-09-11-yttop/evidence/assets/a3d3476ee3b65f8e.png,https://cdn.imweb.me/thumbnail/20250522/7f0d2847f9946.png,500,420,research/2026-09-11-yttop/evidence/ocr/a3d3476ee3b65f8e.png.txt,candidate_not_visually_approved
conditions,research/2026-09-11-yttop/evidence/assets/ec256939ac2c0bc9.png,https://cdn.imweb.me/thumbnail/20250522/49a559190e1b9.png,500,420,research/2026-09-11-yttop/evidence/ocr/ec256939ac2c0bc9.png.txt,candidate_not_visually_approved
conditions,research/2026-09-11-yttop/evidence/assets/6c41e5cc5a028c5e.png,https://cdn.imweb.me/upload/S202304199e04167fc8c5a/c0401d7db3415.png,1538,1538,research/2026-09-11-yttop/evidence/ocr/6c41e5cc5a028c5e.png.txt,candidate_not_visually_approved
conditions,research/2026-09-11-yttop/evidence/assets/d6281e5fb3ab627a.png,https://cdn.imweb.me/thumbnail/20250522/ab3d3a4ab9f25.png,1400,340,research/2026-09-11-yttop/evidence/ocr/d6281e5fb3ab627a.png.txt,candidate_not_visually_approved
conditions,research/2026-09-11-yttop/evidence/assets/1edecc8eac265bcc.png,https://cdn.imweb.me/thumbnail/20250513/e284ab87408ab.png,1920,384,research/2026-09-11-yttop/evidence/ocr/1edecc8eac265bcc.png.txt,candidate_not_visually_approved
conditions,research/2026-09-11-yttop/evidence/assets/7c07b0cfe310101b.png,https://cdn.imweb.me/thumbnail/20250428/82c81dd405035.png,1920,384,research/2026-09-11-yttop/evidence/ocr/7c07b0cfe310101b.png.txt,candidate_not_visually_approved
conditions,research/2026-09-11-yttop/evidence/assets/a242b3ac69a0d9be.jpg,https://cdn.imweb.me/thumbnail/20250502/9fad61098c44b.jpg,1920,629,research/2026-09-11-yttop/evidence/ocr/a242b3ac69a0d9be.jpg.txt,candidate_not_visually_approved
conditions,research/2026-09-11-yttop/evidence/assets/c573556c0c7bd6d7.png,https://cdn.imweb.me/thumbnail/20250513/a85a0da3abdb9.png,900,1300,research/2026-09-11-yttop/evidence/ocr/c573556c0c7bd6d7.png.txt,candidate_not_visually_approved
conditions,research/2026-09-11-yttop/evidence/assets/32728bc6da0da310.png,https://cdn.imweb.me/thumbnail/20250523/1cfb730d20027.png,600,366,research/2026-09-11-yttop/evidence/ocr/32728bc6da0da310.png.txt,candidate_not_visually_approved
conditions,research/2026-09-11-yttop/evidence/assets/cf3b0752138110e6.jpg,https://cdn.imweb.me/thumbnail/20250523/5a93bd6899b32.jpg,654,748,research/2026-09-11-yttop/evidence/ocr/cf3b0752138110e6.jpg.txt,candidate_not_visually_approved
conditions,research/2026-09-11-yttop/evidence/assets/3232f129b833c8d5.jpg,https://cdn.imweb.me/thumbnail/20250523/8207bcbde8f3c.jpg,654,748,research/2026-09-11-yttop/evidence/ocr/3232f129b833c8d5.jpg.txt,candidate_not_visually_approved
conditions,research/2026-09-11-yttop/evidence/assets/27291972e08c58a8.jpg,https://cdn.imweb.me/thumbnail/20250523/12edefa8373e5.jpg,654,748,research/2026-09-11-yttop/evidence/ocr/27291972e08c58a8.jpg.txt,candidate_not_visually_approved
conditions,research/2026-09-11-yttop/evidence/assets/eab8c5c4696aada2.jpg,https://cdn.imweb.me/thumbnail/20250523/dca2f7cd57675.jpg,654,748,research/2026-09-11-yttop/evidence/ocr/eab8c5c4696aada2.jpg.txt,candidate_not_visually_approved
conditions,research/2026-09-11-yttop/evidence/assets/affe5061a054dba9.jpg,https://cdn.imweb.me/thumbnail/20250523/5b427738c4206.jpg,654,748,research/2026-09-11-yttop/evidence/ocr/affe5061a054dba9.jpg.txt,candidate_not_visually_approved
conditions,research/2026-09-11-yttop/evidence/assets/4a4973a5d2230639.jpg,https://cdn.imweb.me/thumbnail/20250523/dd88d6ce90e62.jpg,654,748,research/2026-09-11-yttop/evidence/ocr/4a4973a5d2230639.jpg.txt,candidate_not_visually_approved
conditions,research/2026-09-11-yttop/evidence/assets/3262bc4171c395e6.png,https://cdn.imweb.me/thumbnail/20250523/17ebcad7ba4a0.png,600,366,research/2026-09-11-yttop/evidence/ocr/3262bc4171c395e6.png.txt,candidate_not_visually_approved
conditions,research/2026-09-11-yttop/evidence/assets/14edf4ef146cc56a.jpg,https://cdn.imweb.me/thumbnail/20250523/0a82ece24e675.jpg,654,748,research/2026-09-11-yttop/evidence/ocr/14edf4ef146cc56a.jpg.txt,candidate_not_visually_approved
conditions,research/2026-09-11-yttop/evidence/assets/93b02672a4343cde.jpg,https://cdn.imweb.me/thumbnail/20250523/ceb0d7df26962.jpg,654,748,research/2026-09-11-yttop/evidence/ocr/93b02672a4343cde.jpg.txt,candidate_not_visually_approved
conditions,research/2026-09-11-yttop/evidence/assets/badb6b8d6a367d88.jpg,https://cdn.imweb.me/thumbnail/20250523/d0fa3da58eca1.jpg,654,748,research/2026-09-11-yttop/evidence/ocr/badb6b8d6a367d88.jpg.txt,candidate_not_visually_approved
conditions,research/2026-09-11-yttop/evidence/assets/dfb32a5c82729657.jpg,https://cdn.imweb.me/thumbnail/20250523/4c2fbe44e6f1d.jpg,654,748,research/2026-09-11-yttop/evidence/ocr/dfb32a5c82729657.jpg.txt,candidate_not_visually_approved
conditions,research/2026-09-11-yttop/evidence/assets/3c7ee25173919f66.jpg,https://cdn.imweb.me/thumbnail/20250523/a88646fc51c13.jpg,654,748,research/2026-09-11-yttop/evidence/ocr/3c7ee25173919f66.jpg.txt,candidate_not_visually_approved
conditions,research/2026-09-11-yttop/evidence/assets/a799daac8042fbb1.jpg,https://cdn.imweb.me/thumbnail/20250523/550c391573699.jpg,654,748,research/2026-09-11-yttop/evidence/ocr/a799daac8042fbb1.jpg.txt,candidate_not_visually_approved
conditions,research/2026-09-11-yttop/evidence/assets/202448f2f54bfcac.png,https://cdn.imweb.me/thumbnail/20250522/6a2ea8631a4bf.png,1920,500,research/2026-09-11-yttop/evidence/ocr/202448f2f54bfcac.png.txt,candidate_not_visually_approved
conditions,research/2026-09-11-yttop/evidence/assets/a5fd5f3b5d257282.png,https://cdn.imweb.me/thumbnail/20250522/8fbff2c1044b8.png,1920,500,research/2026-09-11-yttop/evidence/ocr/a5fd5f3b5d257282.png.txt,candidate_not_visually_approved
chronic-cough,research/2026-09-11-yttop/evidence/assets/fb4fab92bac241ed.png,https://cdn.imweb.me/upload/S202304199e04167fc8c5a/de1e65c4c99d9.png,1538,1538,research/2026-09-11-yttop/evidence/ocr/fb4fab92bac241ed.png.txt,candidate_not_visually_approved
chronic-cough,research/2026-09-11-yttop/evidence/assets/bb70394f860f60c5.png,https://cdn.imweb.me/thumbnail/20250522/8452672be866f.png,500,420,research/2026-09-11-yttop/evidence/ocr/bb70394f860f60c5.png.txt,candidate_not_visually_approved
chronic-cough,research/2026-09-11-yttop/evidence/assets/f21548365a7d3641.png,https://cdn.imweb.me/thumbnail/20250522/db83bc485d6f1.png,500,420,research/2026-09-11-yttop/evidence/ocr/f21548365a7d3641.png.txt,candidate_not_visually_approved
chronic-cough,research/2026-09-11-yttop/evidence/assets/a3d3476ee3b65f8e.png,https://cdn.imweb.me/thumbnail/20250522/7f0d2847f9946.png,500,420,research/2026-09-11-yttop/evidence/ocr/a3d3476ee3b65f8e.png.txt,candidate_not_visually_approved
chronic-cough,research/2026-09-11-yttop/evidence/assets/ec256939ac2c0bc9.png,https://cdn.imweb.me/thumbnail/20250522/49a559190e1b9.png,500,420,research/2026-09-11-yttop/evidence/ocr/ec256939ac2c0bc9.png.txt,candidate_not_visually_approved
chronic-cough,research/2026-09-11-yttop/evidence/assets/6c41e5cc5a028c5e.png,https://cdn.imweb.me/upload/S202304199e04167fc8c5a/c0401d7db3415.png,1538,1538,research/2026-09-11-yttop/evidence/ocr/6c41e5cc5a028c5e.png.txt,candidate_not_visually_approved
chronic-cough,research/2026-09-11-yttop/evidence/assets/d6281e5fb3ab627a.png,https://cdn.imweb.me/thumbnail/20250522/ab3d3a4ab9f25.png,1400,340,research/2026-09-11-yttop/evidence/ocr/d6281e5fb3ab627a.png.txt,candidate_not_visually_approved
chronic-cough,research/2026-09-11-yttop/evidence/assets/1edecc8eac265bcc.png,https://cdn.imweb.me/thumbnail/20250513/e284ab87408ab.png,1920,384,research/2026-09-11-yttop/evidence/ocr/1edecc8eac265bcc.png.txt,candidate_not_visually_approved
chronic-cough,research/2026-09-11-yttop/evidence/assets/7c07b0cfe310101b.png,https://cdn.imweb.me/thumbnail/20250428/82c81dd405035.png,1920,384,research/2026-09-11-yttop/evidence/ocr/7c07b0cfe310101b.png.txt,candidate_not_visually_approved
chronic-cough,research/2026-09-11-yttop/evidence/assets/a242b3ac69a0d9be.jpg,https://cdn.imweb.me/thumbnail/20250502/9fad61098c44b.jpg,1920,629,research/2026-09-11-yttop/evidence/ocr/a242b3ac69a0d9be.jpg.txt,candidate_not_visually_approved
chronic-cough,research/2026-09-11-yttop/evidence/assets/c573556c0c7bd6d7.png,https://cdn.imweb.me/thumbnail/20250513/a85a0da3abdb9.png,900,1300,research/2026-09-11-yttop/evidence/ocr/c573556c0c7bd6d7.png.txt,candidate_not_visually_approved
chronic-cough,research/2026-09-11-yttop/evidence/assets/32728bc6da0da310.png,https://cdn.imweb.me/thumbnail/20250523/1cfb730d20027.png,600,366,research/2026-09-11-yttop/evidence/ocr/32728bc6da0da310.png.txt,candidate_not_visually_approved
chronic-cough,research/2026-09-11-yttop/evidence/assets/cf3b0752138110e6.jpg,https://cdn.imweb.me/thumbnail/20250523/5a93bd6899b32.jpg,654,748,research/2026-09-11-yttop/evidence/ocr/cf3b0752138110e6.jpg.txt,candidate_not_visually_approved
chronic-cough,research/2026-09-11-yttop/evidence/assets/3232f129b833c8d5.jpg,https://cdn.imweb.me/thumbnail/20250523/8207bcbde8f3c.jpg,654,748,research/2026-09-11-yttop/evidence/ocr/3232f129b833c8d5.jpg.txt,candidate_not_visually_approved
chronic-cough,research/2026-09-11-yttop/evidence/assets/27291972e08c58a8.jpg,https://cdn.imweb.me/thumbnail/20250523/12edefa8373e5.jpg,654,748,research/2026-09-11-yttop/evidence/ocr/27291972e08c58a8.jpg.txt,candidate_not_visually_approved
chronic-cough,research/2026-09-11-yttop/evidence/assets/eab8c5c4696aada2.jpg,https://cdn.imweb.me/thumbnail/20250523/dca2f7cd57675.jpg,654,748,research/2026-09-11-yttop/evidence/ocr/eab8c5c4696aada2.jpg.txt,candidate_not_visually_approved
chronic-cough,research/2026-09-11-yttop/evidence/assets/affe5061a054dba9.jpg,https://cdn.imweb.me/thumbnail/20250523/5b427738c4206.jpg,654,748,research/2026-09-11-yttop/evidence/ocr/affe5061a054dba9.jpg.txt,candidate_not_visually_approved
chronic-cough,research/2026-09-11-yttop/evidence/assets/4a4973a5d2230639.jpg,https://cdn.imweb.me/thumbnail/20250523/dd88d6ce90e62.jpg,654,748,research/2026-09-11-yttop/evidence/ocr/4a4973a5d2230639.jpg.txt,candidate_not_visually_approved
chronic-cough,research/2026-09-11-yttop/evidence/assets/3262bc4171c395e6.png,https://cdn.imweb.me/thumbnail/20250523/17ebcad7ba4a0.png,600,366,research/2026-09-11-yttop/evidence/ocr/3262bc4171c395e6.png.txt,candidate_not_visually_approved
chronic-cough,research/2026-09-11-yttop/evidence/assets/14edf4ef146cc56a.jpg,https://cdn.imweb.me/thumbnail/20250523/0a82ece24e675.jpg,654,748,research/2026-09-11-yttop/evidence/ocr/14edf4ef146cc56a.jpg.txt,candidate_not_visually_approved
chronic-cough,research/2026-09-11-yttop/evidence/assets/93b02672a4343cde.jpg,https://cdn.imweb.me/thumbnail/20250523/ceb0d7df26962.jpg,654,748,research/2026-09-11-yttop/evidence/ocr/93b02672a4343cde.jpg.txt,candidate_not_visually_approved
chronic-cough,research/2026-09-11-yttop/evidence/assets/badb6b8d6a367d88.jpg,https://cdn.imweb.me/thumbnail/20250523/d0fa3da58eca1.jpg,654,748,research/2026-09-11-yttop/evidence/ocr/badb6b8d6a367d88.jpg.txt,candidate_not_visually_approved
chronic-cough,research/2026-09-11-yttop/evidence/assets/dfb32a5c82729657.jpg,https://cdn.imweb.me/thumbnail/20250523/4c2fbe44e6f1d.jpg,654,748,research/2026-09-11-yttop/evidence/ocr/dfb32a5c82729657.jpg.txt,candidate_not_visually_approved
chronic-cough,research/2026-09-11-yttop/evidence/assets/3c7ee25173919f66.jpg,https://cdn.imweb.me/thumbnail/20250523/a88646fc51c13.jpg,654,748,research/2026-09-11-yttop/evidence/ocr/3c7ee25173919f66.jpg.txt,candidate_not_visually_approved
chronic-cough,research/2026-09-11-yttop/evidence/assets/a799daac8042fbb1.jpg,https://cdn.imweb.me/thumbnail/20250523/550c391573699.jpg,654,748,research/2026-09-11-yttop/evidence/ocr/a799daac8042fbb1.jpg.txt,candidate_not_visually_approved
chronic-cough,research/2026-09-11-yttop/evidence/assets/202448f2f54bfcac.png,https://cdn.imweb.me/thumbnail/20250522/6a2ea8631a4bf.png,1920,500,research/2026-09-11-yttop/evidence/ocr/202448f2f54bfcac.png.txt,candidate_not_visually_approved
chronic-cough,research/2026-09-11-yttop/evidence/assets/a5fd5f3b5d257282.png,https://cdn.imweb.me/thumbnail/20250522/8fbff2c1044b8.png,1920,500,research/2026-09-11-yttop/evidence/ocr/a5fd5f3b5d257282.png.txt,candidate_not_visually_approved
heart-disease,research/2026-09-11-yttop/evidence/assets/fb4fab92bac241ed.png,https://cdn.imweb.me/upload/S202304199e04167fc8c5a/de1e65c4c99d9.png,1538,1538,research/2026-09-11-yttop/evidence/ocr/fb4fab92bac241ed.png.txt,candidate_not_visually_approved
heart-disease,research/2026-09-11-yttop/evidence/assets/6c41e5cc5a028c5e.png,https://cdn.imweb.me/upload/S202304199e04167fc8c5a/c0401d7db3415.png,1538,1538,research/2026-09-11-yttop/evidence/ocr/6c41e5cc5a028c5e.png.txt,candidate_not_visually_approved
heart-disease,research/2026-09-11-yttop/evidence/assets/1edecc8eac265bcc.png,https://cdn.imweb.me/thumbnail/20250513/e284ab87408ab.png,1920,384,research/2026-09-11-yttop/evidence/ocr/1edecc8eac265bcc.png.txt,candidate_not_visually_approved
heart-disease,research/2026-09-11-yttop/evidence/assets/7c07b0cfe310101b.png,https://cdn.imweb.me/thumbnail/20250428/82c81dd405035.png,1920,384,research/2026-09-11-yttop/evidence/ocr/7c07b0cfe310101b.png.txt,candidate_not_visually_approved
heart-disease,research/2026-09-11-yttop/evidence/assets/a242b3ac69a0d9be.jpg,https://cdn.imweb.me/thumbnail/20250502/9fad61098c44b.jpg,1920,629,research/2026-09-11-yttop/evidence/ocr/a242b3ac69a0d9be.jpg.txt,candidate_not_visually_approved
heart-disease,research/2026-09-11-yttop/evidence/assets/c573556c0c7bd6d7.png,https://cdn.imweb.me/thumbnail/20250513/a85a0da3abdb9.png,900,1300,research/2026-09-11-yttop/evidence/ocr/c573556c0c7bd6d7.png.txt,candidate_not_visually_approved
heart-disease,research/2026-09-11-yttop/evidence/assets/fa07583252368149.png,https://cdn.imweb.me/thumbnail/20250513/b9f65039cc888.png,900,3139,research/2026-09-11-yttop/evidence/ocr/fa07583252368149.png.txt,candidate_not_visually_approved
heart-disease,research/2026-09-11-yttop/evidence/assets/2c88b3963e010a45.png,https://cdn.imweb.me/thumbnail/20250502/a575c8df160e3.png,1400,340,research/2026-09-11-yttop/evidence/ocr/2c88b3963e010a45.png.txt,candidate_not_visually_approved
heart-disease,research/2026-09-11-yttop/evidence/assets/205a1a56a2201a6b.png,https://cdn.imweb.me/thumbnail/20250513/c3bc3bfe07239.png,1400,340,research/2026-09-11-yttop/evidence/ocr/205a1a56a2201a6b.png.txt,candidate_not_visually_approved
heart-disease,research/2026-09-11-yttop/evidence/assets/202448f2f54bfcac.png,https://cdn.imweb.me/thumbnail/20250522/6a2ea8631a4bf.png,1920,500,research/2026-09-11-yttop/evidence/ocr/202448f2f54bfcac.png.txt,candidate_not_visually_approved
heart-disease,research/2026-09-11-yttop/evidence/assets/a5fd5f3b5d257282.png,https://cdn.imweb.me/thumbnail/20250522/8fbff2c1044b8.png,1920,500,research/2026-09-11-yttop/evidence/ocr/a5fd5f3b5d257282.png.txt,candidate_not_visually_approved
heart-disease,research/2026-09-11-yttop/evidence/assets/9ea2353d32afac43.png,https://cdn.imweb.me/thumbnail/20250523/260618f6ee219.png,600,366,research/2026-09-11-yttop/evidence/ocr/9ea2353d32afac43.png.txt,candidate_not_visually_approved
heart-disease,research/2026-09-11-yttop/evidence/assets/3d0c19ae56997b82.jpg,https://cdn.imweb.me/thumbnail/20250523/95acb729d509a.jpg,654,748,research/2026-09-11-yttop/evidence/ocr/3d0c19ae56997b82.jpg.txt,candidate_not_visually_approved
heart-disease,research/2026-09-11-yttop/evidence/assets/c216a433aad3449f.jpg,https://cdn.imweb.me/thumbnail/20250523/91b4d8ae32c31.jpg,654,748,research/2026-09-11-yttop/evidence/ocr/c216a433aad3449f.jpg.txt,candidate_not_visually_approved
heart-disease,research/2026-09-11-yttop/evidence/assets/fb994b3c2bf8d772.jpg,https://cdn.imweb.me/thumbnail/20250523/fa2152fd243a0.jpg,654,748,research/2026-09-11-yttop/evidence/ocr/fb994b3c2bf8d772.jpg.txt,candidate_not_visually_approved
heart-disease,research/2026-09-11-yttop/evidence/assets/04bfb59b156ec74b.jpg,https://cdn.imweb.me/thumbnail/20250523/c3ed8fa1508fe.jpg,654,748,research/2026-09-11-yttop/evidence/ocr/04bfb59b156ec74b.jpg.txt,candidate_not_visually_approved
heart-disease,research/2026-09-11-yttop/evidence/assets/676c858547cbf509.jpg,https://cdn.imweb.me/thumbnail/20250523/ba57e2133df54.jpg,654,748,research/2026-09-11-yttop/evidence/ocr/676c858547cbf509.jpg.txt,candidate_not_visually_approved
heart-disease,research/2026-09-11-yttop/evidence/assets/df2cd4e91834c520.jpg,https://cdn.imweb.me/thumbnail/20250523/e77de9b0f6744.jpg,654,748,research/2026-09-11-yttop/evidence/ocr/df2cd4e91834c520.jpg.txt,candidate_not_visually_approved
heart-disease,research/2026-09-11-yttop/evidence/assets/03daec9dfcce23aa.jpg,https://cdn.imweb.me/thumbnail/20250523/e888833247c27.jpg,654,748,research/2026-09-11-yttop/evidence/ocr/03daec9dfcce23aa.jpg.txt,candidate_not_visually_approved
heart-disease,research/2026-09-11-yttop/evidence/assets/6cafa162c6bd9230.jpg,https://cdn.imweb.me/thumbnail/20250523/d7bddbcb522b8.jpg,654,748,research/2026-09-11-yttop/evidence/ocr/6cafa162c6bd9230.jpg.txt,candidate_not_visually_approved
heart-disease,research/2026-09-11-yttop/evidence/assets/36eab4659233b4ad.jpg,https://cdn.imweb.me/thumbnail/20250523/2e0a40c94691f.jpg,654,748,research/2026-09-11-yttop/evidence/ocr/36eab4659233b4ad.jpg.txt,candidate_not_visually_approved
heart-disease,research/2026-09-11-yttop/evidence/assets/e7dbe984a243a695.png,https://cdn.imweb.me/thumbnail/20250523/5d65f87593f10.png,600,366,research/2026-09-11-yttop/evidence/ocr/e7dbe984a243a695.png.txt,candidate_not_visually_approved
heart-disease,research/2026-09-11-yttop/evidence/assets/e98f00c45d113091.jpg,https://cdn.imweb.me/thumbnail/20250523/5539729c9203e.jpg,654,748,research/2026-09-11-yttop/evidence/ocr/e98f00c45d113091.jpg.txt,candidate_not_visually_approved
heart-disease,research/2026-09-11-yttop/evidence/assets/2a89c312593923ae.jpg,https://cdn.imweb.me/thumbnail/20250523/3f032ec0a0d87.jpg,654,748,research/2026-09-11-yttop/evidence/ocr/2a89c312593923ae.jpg.txt,candidate_not_visually_approved
heart-disease,research/2026-09-11-yttop/evidence/assets/027c88eb92accbec.jpg,https://cdn.imweb.me/thumbnail/20250523/f3c9bc2fb9ca2.jpg,654,748,research/2026-09-11-yttop/evidence/ocr/027c88eb92accbec.jpg.txt,candidate_not_visually_approved
heart-disease,research/2026-09-11-yttop/evidence/assets/2c31fe9b26b0a223.jpg,https://cdn.imweb.me/thumbnail/20250523/b8639b3fa4c28.jpg,654,748,research/2026-09-11-yttop/evidence/ocr/2c31fe9b26b0a223.jpg.txt,candidate_not_visually_approved
heart-disease,research/2026-09-11-yttop/evidence/assets/7adeaa3e1c03e996.jpg,https://cdn.imweb.me/thumbnail/20250523/c8f440003cf33.jpg,654,748,research/2026-09-11-yttop/evidence/ocr/7adeaa3e1c03e996.jpg.txt,candidate_not_visually_approved
heart-disease,research/2026-09-11-yttop/evidence/assets/6290a805f279c210.jpg,https://cdn.imweb.me/thumbnail/20250523/dc9f68d3c8a70.jpg,654,748,research/2026-09-11-yttop/evidence/ocr/6290a805f279c210.jpg.txt,candidate_not_visually_approved
heart-disease,research/2026-09-11-yttop/evidence/assets/e4a5bf0bca412120.jpg,https://cdn.imweb.me/thumbnail/20250523/092917d3d6290.jpg,654,748,research/2026-09-11-yttop/evidence/ocr/e4a5bf0bca412120.jpg.txt,candidate_not_visually_approved
heart-disease,research/2026-09-11-yttop/evidence/assets/cfeff5612ba9b013.jpg,https://cdn.imweb.me/thumbnail/20250523/8fae125b0fab0.jpg,654,748,research/2026-09-11-yttop/evidence/ocr/cfeff5612ba9b013.jpg.txt,candidate_not_visually_approved
heart-disease,research/2026-09-11-yttop/evidence/assets/0c452e871c13281f.jpg,https://cdn.imweb.me/thumbnail/20250523/1feabe8d6f24b.jpg,654,748,research/2026-09-11-yttop/evidence/ocr/0c452e871c13281f.jpg.txt,candidate_not_visually_approved
cancer-screening,research/2026-09-11-yttop/evidence/assets/fb4fab92bac241ed.png,https://cdn.imweb.me/upload/S202304199e04167fc8c5a/de1e65c4c99d9.png,1538,1538,research/2026-09-11-yttop/evidence/ocr/fb4fab92bac241ed.png.txt,candidate_not_visually_approved
cancer-screening,research/2026-09-11-yttop/evidence/assets/bb70394f860f60c5.png,https://cdn.imweb.me/thumbnail/20250522/8452672be866f.png,500,420,research/2026-09-11-yttop/evidence/ocr/bb70394f860f60c5.png.txt,candidate_not_visually_approved
cancer-screening,research/2026-09-11-yttop/evidence/assets/f21548365a7d3641.png,https://cdn.imweb.me/thumbnail/20250522/db83bc485d6f1.png,500,420,research/2026-09-11-yttop/evidence/ocr/f21548365a7d3641.png.txt,candidate_not_visually_approved
cancer-screening,research/2026-09-11-yttop/evidence/assets/a3d3476ee3b65f8e.png,https://cdn.imweb.me/thumbnail/20250522/7f0d2847f9946.png,500,420,research/2026-09-11-yttop/evidence/ocr/a3d3476ee3b65f8e.png.txt,candidate_not_visually_approved
cancer-screening,research/2026-09-11-yttop/evidence/assets/ec256939ac2c0bc9.png,https://cdn.imweb.me/thumbnail/20250522/49a559190e1b9.png,500,420,research/2026-09-11-yttop/evidence/ocr/ec256939ac2c0bc9.png.txt,candidate_not_visually_approved
cancer-screening,research/2026-09-11-yttop/evidence/assets/6c41e5cc5a028c5e.png,https://cdn.imweb.me/upload/S202304199e04167fc8c5a/c0401d7db3415.png,1538,1538,research/2026-09-11-yttop/evidence/ocr/6c41e5cc5a028c5e.png.txt,candidate_not_visually_approved
cancer-screening,research/2026-09-11-yttop/evidence/assets/d6281e5fb3ab627a.png,https://cdn.imweb.me/thumbnail/20250522/ab3d3a4ab9f25.png,1400,340,research/2026-09-11-yttop/evidence/ocr/d6281e5fb3ab627a.png.txt,candidate_not_visually_approved
cancer-screening,research/2026-09-11-yttop/evidence/assets/1edecc8eac265bcc.png,https://cdn.imweb.me/thumbnail/20250513/e284ab87408ab.png,1920,384,research/2026-09-11-yttop/evidence/ocr/1edecc8eac265bcc.png.txt,candidate_not_visually_approved
cancer-screening,research/2026-09-11-yttop/evidence/assets/7c07b0cfe310101b.png,https://cdn.imweb.me/thumbnail/20250428/82c81dd405035.png,1920,384,research/2026-09-11-yttop/evidence/ocr/7c07b0cfe310101b.png.txt,candidate_not_visually_approved
cancer-screening,research/2026-09-11-yttop/evidence/assets/a242b3ac69a0d9be.jpg,https://cdn.imweb.me/thumbnail/20250502/9fad61098c44b.jpg,1920,629,research/2026-09-11-yttop/evidence/ocr/a242b3ac69a0d9be.jpg.txt,candidate_not_visually_approved
cancer-screening,research/2026-09-11-yttop/evidence/assets/c573556c0c7bd6d7.png,https://cdn.imweb.me/thumbnail/20250513/a85a0da3abdb9.png,900,1300,research/2026-09-11-yttop/evidence/ocr/c573556c0c7bd6d7.png.txt,candidate_not_visually_approved
cancer-screening,research/2026-09-11-yttop/evidence/assets/a7a1a197cc195db5.png,https://cdn.imweb.me/thumbnail/20250530/5a51addc54d9d.png,179,43,research/2026-09-11-yttop/evidence/ocr/a7a1a197cc195db5.png.txt,candidate_not_visually_approved
cancer-screening,research/2026-09-11-yttop/evidence/assets/202448f2f54bfcac.png,https://cdn.imweb.me/thumbnail/20250522/6a2ea8631a4bf.png,1920,500,research/2026-09-11-yttop/evidence/ocr/202448f2f54bfcac.png.txt,candidate_not_visually_approved
cancer-screening,research/2026-09-11-yttop/evidence/assets/a5fd5f3b5d257282.png,https://cdn.imweb.me/thumbnail/20250522/8fbff2c1044b8.png,1920,500,research/2026-09-11-yttop/evidence/ocr/a5fd5f3b5d257282.png.txt,candidate_not_visually_approved
cancer-screening,research/2026-09-11-yttop/evidence/assets/c27358b623972ae5.png,https://cdn.imweb.me/thumbnail/20250523/035c92ab2d59d.png,600,366,research/2026-09-11-yttop/evidence/ocr/c27358b623972ae5.png.txt,candidate_not_visually_approved
cancer-screening,research/2026-09-11-yttop/evidence/assets/10af869b173766ce.jpg,https://cdn.imweb.me/thumbnail/20250523/a88fed00f070c.jpg,654,748,research/2026-09-11-yttop/evidence/ocr/10af869b173766ce.jpg.txt,candidate_not_visually_approved
cancer-screening,research/2026-09-11-yttop/evidence/assets/62a87bb31e20b9d6.jpg,https://cdn.imweb.me/thumbnail/20250523/c4ad7ac340664.jpg,654,748,research/2026-09-11-yttop/evidence/ocr/62a87bb31e20b9d6.jpg.txt,candidate_not_visually_approved
cancer-screening,research/2026-09-11-yttop/evidence/assets/09f3962d5927dcb9.jpg,https://cdn.imweb.me/thumbnail/20250523/5df33ed410aa6.jpg,654,748,research/2026-09-11-yttop/evidence/ocr/09f3962d5927dcb9.jpg.txt,candidate_not_visually_approved
cancer-screening,research/2026-09-11-yttop/evidence/assets/1e566f97cb408f22.jpg,https://cdn.imweb.me/thumbnail/20250523/0f3a0a1efb3f6.jpg,654,748,research/2026-09-11-yttop/evidence/ocr/1e566f97cb408f22.jpg.txt,candidate_not_visually_approved
cancer-screening,research/2026-09-11-yttop/evidence/assets/c537de65fdce18dc.jpg,https://cdn.imweb.me/thumbnail/20250523/dda836b142325.jpg,654,748,research/2026-09-11-yttop/evidence/ocr/c537de65fdce18dc.jpg.txt,candidate_not_visually_approved
cancer-screening,research/2026-09-11-yttop/evidence/assets/2432f74bd2343e8e.png,https://cdn.imweb.me/thumbnail/20250523/8f7cf857c5bcc.png,600,366,research/2026-09-11-yttop/evidence/ocr/2432f74bd2343e8e.png.txt,candidate_not_visually_approved
cancer-screening,research/2026-09-11-yttop/evidence/assets/0ab2e90848ec6930.jpg,https://cdn.imweb.me/thumbnail/20250523/d19f817e595b4.jpg,654,748,research/2026-09-11-yttop/evidence/ocr/0ab2e90848ec6930.jpg.txt,candidate_not_visually_approved
cancer-screening,research/2026-09-11-yttop/evidence/assets/f8f3d145118ee28a.jpg,https://cdn.imweb.me/thumbnail/20250523/91432b0e5b183.jpg,654,748,research/2026-09-11-yttop/evidence/ocr/f8f3d145118ee28a.jpg.txt,candidate_not_visually_approved
cancer-screening,research/2026-09-11-yttop/evidence/assets/f48f826e84adeaf8.jpg,https://cdn.imweb.me/thumbnail/20250523/2ce0fae03706f.jpg,654,748,research/2026-09-11-yttop/evidence/ocr/f48f826e84adeaf8.jpg.txt,candidate_not_visually_approved
cancer-screening,research/2026-09-11-yttop/evidence/assets/40a1c8f6e6fc60ae.jpg,https://cdn.imweb.me/thumbnail/20250523/e9f99ce0fa137.jpg,654,748,research/2026-09-11-yttop/evidence/ocr/40a1c8f6e6fc60ae.jpg.txt,candidate_not_visually_approved
cancer-screening,research/2026-09-11-yttop/evidence/assets/354620999a00e2d2.jpg,https://cdn.imweb.me/thumbnail/20250523/89e2b2f7efd76.jpg,654,748,research/2026-09-11-yttop/evidence/ocr/354620999a00e2d2.jpg.txt,candidate_not_visually_approved
cancer-screening,research/2026-09-11-yttop/evidence/assets/56735d3cbe149710.png,https://cdn.imweb.me/thumbnail/20250530/365fa1a2f88ec.png,392,255,research/2026-09-11-yttop/evidence/ocr/56735d3cbe149710.png.txt,candidate_not_visually_approved
cancer-screening,research/2026-09-11-yttop/evidence/assets/b101f7e132241cf9.png,https://cdn.imweb.me/thumbnail/20250530/fa3d20bf1cd01.png,388,255,research/2026-09-11-yttop/evidence/ocr/b101f7e132241cf9.png.txt,candidate_not_visually_approved
cancer-screening,research/2026-09-11-yttop/evidence/assets/984f96a7b5b6e308.png,https://cdn.imweb.me/thumbnail/20250530/4b5a9eed6813c.png,298,255,research/2026-09-11-yttop/evidence/ocr/984f96a7b5b6e308.png.txt,candidate_not_visually_approved
cancer-screening,research/2026-09-11-yttop/evidence/assets/ca51e5c814411ffa.png,https://cdn.imweb.me/thumbnail/20250530/5df140921b260.png,303,255,research/2026-09-11-yttop/evidence/ocr/ca51e5c814411ffa.png.txt,candidate_not_visually_approved
cancer-screening,research/2026-09-11-yttop/evidence/assets/ae2c46343559732b.png,https://cdn.imweb.me/thumbnail/20250530/c6f3211492ac4.png,392,255,research/2026-09-11-yttop/evidence/ocr/ae2c46343559732b.png.txt,candidate_not_visually_approved
cancer-screening,research/2026-09-11-yttop/evidence/assets/bc0d4599d7976789.png,https://cdn.imweb.me/thumbnail/20250530/86d0711db945f.png,388,255,research/2026-09-11-yttop/evidence/ocr/bc0d4599d7976789.png.txt,candidate_not_visually_approved
cancer-screening,research/2026-09-11-yttop/evidence/assets/9a2e349b072cc815.png,https://cdn.imweb.me/thumbnail/20250530/7882c4ba23d2d.png,298,255,research/2026-09-11-yttop/evidence/ocr/9a2e349b072cc815.png.txt,candidate_not_visually_approved
cancer-screening,research/2026-09-11-yttop/evidence/assets/45728b3be01b06a7.png,https://cdn.imweb.me/thumbnail/20250530/fdeb0bf984d98.png,303,255,research/2026-09-11-yttop/evidence/ocr/45728b3be01b06a7.png.txt,candidate_not_visually_approved
cancer-screening,research/2026-09-11-yttop/evidence/assets/4d52388db56cc348.png,https://cdn.imweb.me/thumbnail/20250530/67d3406979327.png,392,255,research/2026-09-11-yttop/evidence/ocr/4d52388db56cc348.png.txt,candidate_not_visually_approved
cancer-screening,research/2026-09-11-yttop/evidence/assets/3b1faf25fbc919bc.png,https://cdn.imweb.me/thumbnail/20250530/8e5e5ad36eb5b.png,388,255,research/2026-09-11-yttop/evidence/ocr/3b1faf25fbc919bc.png.txt,candidate_not_visually_approved
cancer-screening,research/2026-09-11-yttop/evidence/assets/b0445f7e5c184164.png,https://cdn.imweb.me/thumbnail/20250530/640096ae4b61b.png,298,255,research/2026-09-11-yttop/evidence/ocr/b0445f7e5c184164.png.txt,candidate_not_visually_approved
cancer-screening,research/2026-09-11-yttop/evidence/assets/733fee6a162bb096.png,https://cdn.imweb.me/thumbnail/20250530/e72fef4ed5f27.png,303,255,research/2026-09-11-yttop/evidence/ocr/733fee6a162bb096.png.txt,candidate_not_visually_approved
acute-care,research/2026-09-11-yttop/evidence/assets/bb70394f860f60c5.png,https://cdn.imweb.me/thumbnail/20250522/8452672be866f.png,500,420,research/2026-09-11-yttop/evidence/ocr/bb70394f860f60c5.png.txt,candidate_not_visually_approved
acute-care,research/2026-09-11-yttop/evidence/assets/f21548365a7d3641.png,https://cdn.imweb.me/thumbnail/20250522/db83bc485d6f1.png,500,420,research/2026-09-11-yttop/evidence/ocr/f21548365a7d3641.png.txt,candidate_not_visually_approved
acute-care,research/2026-09-11-yttop/evidence/assets/a3d3476ee3b65f8e.png,https://cdn.imweb.me/thumbnail/20250522/7f0d2847f9946.png,500,420,research/2026-09-11-yttop/evidence/ocr/a3d3476ee3b65f8e.png.txt,candidate_not_visually_approved
acute-care,research/2026-09-11-yttop/evidence/assets/ec256939ac2c0bc9.png,https://cdn.imweb.me/thumbnail/20250522/49a559190e1b9.png,500,420,research/2026-09-11-yttop/evidence/ocr/ec256939ac2c0bc9.png.txt,candidate_not_visually_approved
acute-care,research/2026-09-11-yttop/evidence/assets/d6281e5fb3ab627a.png,https://cdn.imweb.me/thumbnail/20250522/ab3d3a4ab9f25.png,1400,340,research/2026-09-11-yttop/evidence/ocr/d6281e5fb3ab627a.png.txt,candidate_not_visually_approved
acute-care,research/2026-09-11-yttop/evidence/assets/1edecc8eac265bcc.png,https://cdn.imweb.me/thumbnail/20250513/e284ab87408ab.png,1920,384,research/2026-09-11-yttop/evidence/ocr/1edecc8eac265bcc.png.txt,candidate_not_visually_approved
acute-care,research/2026-09-11-yttop/evidence/assets/7c07b0cfe310101b.png,https://cdn.imweb.me/thumbnail/20250428/82c81dd405035.png,1920,384,research/2026-09-11-yttop/evidence/ocr/7c07b0cfe310101b.png.txt,candidate_not_visually_approved
acute-care,research/2026-09-11-yttop/evidence/assets/a242b3ac69a0d9be.jpg,https://cdn.imweb.me/thumbnail/20250502/9fad61098c44b.jpg,1920,629,research/2026-09-11-yttop/evidence/ocr/a242b3ac69a0d9be.jpg.txt,candidate_not_visually_approved
acute-care,research/2026-09-11-yttop/evidence/assets/c573556c0c7bd6d7.png,https://cdn.imweb.me/thumbnail/20250513/a85a0da3abdb9.png,900,1300,research/2026-09-11-yttop/evidence/ocr/c573556c0c7bd6d7.png.txt,candidate_not_visually_approved
acute-care,research/2026-09-11-yttop/evidence/assets/563f0aba43f98923.png,https://cdn.imweb.me/thumbnail/20250924/a506effd280ae.png,600,366,research/2026-09-11-yttop/evidence/ocr/563f0aba43f98923.png.txt,candidate_not_visually_approved
acute-care,research/2026-09-11-yttop/evidence/assets/4db43657ceecbc65.png,https://cdn.imweb.me/thumbnail/20250924/a56837e5b9994.png,600,366,research/2026-09-11-yttop/evidence/ocr/4db43657ceecbc65.png.txt,candidate_not_visually_approved
acute-care,research/2026-09-11-yttop/evidence/assets/80cff70ad65a20f6.jpg,https://cdn.imweb.me/thumbnail/20250924/12cb89d52020e.jpg,654,748,research/2026-09-11-yttop/evidence/ocr/80cff70ad65a20f6.jpg.txt,candidate_not_visually_approved
acute-care,research/2026-09-11-yttop/evidence/assets/313c9a9e972439ac.jpg,https://cdn.imweb.me/thumbnail/20250924/2e0f5fe26f9ee.jpg,654,748,research/2026-09-11-yttop/evidence/ocr/313c9a9e972439ac.jpg.txt,candidate_not_visually_approved
acute-care,research/2026-09-11-yttop/evidence/assets/694d71625e837d48.jpg,https://cdn.imweb.me/thumbnail/20250924/85d012965cffe.jpg,654,748,research/2026-09-11-yttop/evidence/ocr/694d71625e837d48.jpg.txt,candidate_not_visually_approved
acute-care,research/2026-09-11-yttop/evidence/assets/5730a6784f3ab399.jpg,https://cdn.imweb.me/thumbnail/20250924/1703bc879e328.jpg,654,748,research/2026-09-11-yttop/evidence/ocr/5730a6784f3ab399.jpg.txt,candidate_not_visually_approved
acute-care,research/2026-09-11-yttop/evidence/assets/9618f906d9fb1aba.jpg,https://cdn.imweb.me/thumbnail/20250924/6d91e293d55c5.jpg,654,748,research/2026-09-11-yttop/evidence/ocr/9618f906d9fb1aba.jpg.txt,candidate_not_visually_approved
acute-care,research/2026-09-11-yttop/evidence/assets/0dbce8fde111674e.jpg,https://cdn.imweb.me/thumbnail/20250924/d11ea901679be.jpg,654,748,research/2026-09-11-yttop/evidence/ocr/0dbce8fde111674e.jpg.txt,candidate_not_visually_approved
acute-care,research/2026-09-11-yttop/evidence/assets/f1d763c9c7d62063.jpg,https://cdn.imweb.me/thumbnail/20250924/b17f6abf5bb1a.jpg,654,748,research/2026-09-11-yttop/evidence/ocr/f1d763c9c7d62063.jpg.txt,candidate_not_visually_approved
acute-care,research/2026-09-11-yttop/evidence/assets/9bcbaa831e42b397.jpg,https://cdn.imweb.me/thumbnail/20250924/c23951b801aae.jpg,654,748,research/2026-09-11-yttop/evidence/ocr/9bcbaa831e42b397.jpg.txt,candidate_not_visually_approved
acute-care,research/2026-09-11-yttop/evidence/assets/fa44b3ee557ae755.jpg,https://cdn.imweb.me/thumbnail/20250924/39a192f142ddb.jpg,654,748,research/2026-09-11-yttop/evidence/ocr/fa44b3ee557ae755.jpg.txt,candidate_not_visually_approved
acute-care,research/2026-09-11-yttop/evidence/assets/7e8edbecc44c80da.jpg,https://cdn.imweb.me/thumbnail/20250924/8aa8e4eef2051.jpg,654,748,research/2026-09-11-yttop/evidence/ocr/7e8edbecc44c80da.jpg.txt,candidate_not_visually_approved
acute-care,research/2026-09-11-yttop/evidence/assets/43fce16f9672e6f0.jpg,https://cdn.imweb.me/thumbnail/20250924/0213b01ae47d7.jpg,654,748,research/2026-09-11-yttop/evidence/ocr/43fce16f9672e6f0.jpg.txt,candidate_not_visually_approved
acute-care,research/2026-09-11-yttop/evidence/assets/4ee4b1e0e2c28062.jpg,https://cdn.imweb.me/thumbnail/20250924/b1d06bf17a956.jpg,654,748,research/2026-09-11-yttop/evidence/ocr/4ee4b1e0e2c28062.jpg.txt,candidate_not_visually_approved
acute-care,research/2026-09-11-yttop/evidence/assets/c6b8177bb0b251e5.jpg,https://cdn.imweb.me/thumbnail/20250924/6b48c4862df13.jpg,654,748,research/2026-09-11-yttop/evidence/ocr/c6b8177bb0b251e5.jpg.txt,candidate_not_visually_approved
acute-care,research/2026-09-11-yttop/evidence/assets/63f2801619c90dfd.jpg,https://cdn.imweb.me/thumbnail/20250924/0b3c5472645d3.jpg,654,748,research/2026-09-11-yttop/evidence/ocr/63f2801619c90dfd.jpg.txt,candidate_not_visually_approved
acute-care,research/2026-09-11-yttop/evidence/assets/cea8a8635a70b416.jpg,https://cdn.imweb.me/thumbnail/20250924/48c386fcbbbff.jpg,654,748,research/2026-09-11-yttop/evidence/ocr/cea8a8635a70b416.jpg.txt,candidate_not_visually_approved
acute-care,research/2026-09-11-yttop/evidence/assets/775153a755b1d46f.jpg,https://cdn.imweb.me/thumbnail/20250924/d6cf31e4077c0.jpg,654,748,research/2026-09-11-yttop/evidence/ocr/775153a755b1d46f.jpg.txt,candidate_not_visually_approved
acute-care,research/2026-09-11-yttop/evidence/assets/7a7aec78f172d8be.jpg,https://cdn.imweb.me/thumbnail/20250924/c4927588c8171.jpg,654,748,research/2026-09-11-yttop/evidence/ocr/7a7aec78f172d8be.jpg.txt,candidate_not_visually_approved
acute-care,research/2026-09-11-yttop/evidence/assets/d5cbe8f8926610d2.jpg,https://cdn.imweb.me/thumbnail/20250924/0f072ab30376e.jpg,654,748,research/2026-09-11-yttop/evidence/ocr/d5cbe8f8926610d2.jpg.txt,candidate_not_visually_approved
acute-care,research/2026-09-11-yttop/evidence/assets/21153a0c1afb8122.jpg,https://cdn.imweb.me/thumbnail/20250924/31cc16b13f3db.jpg,654,748,research/2026-09-11-yttop/evidence/ocr/21153a0c1afb8122.jpg.txt,candidate_not_visually_approved
acute-care,research/2026-09-11-yttop/evidence/assets/271e08c46ea981a5.jpg,https://cdn.imweb.me/thumbnail/20250924/6b4841aff07cc.jpg,654,748,research/2026-09-11-yttop/evidence/ocr/271e08c46ea981a5.jpg.txt,candidate_not_visually_approved
acute-care,research/2026-09-11-yttop/evidence/assets/5e8066d794b1c965.jpg,https://cdn.imweb.me/thumbnail/20250924/61ede92a69995.jpg,654,748,research/2026-09-11-yttop/evidence/ocr/5e8066d794b1c965.jpg.txt,candidate_not_visually_approved
acute-care,research/2026-09-11-yttop/evidence/assets/c89ecd7706c8b723.jpg,https://cdn.imweb.me/thumbnail/20250924/159678faaae95.jpg,654,748,research/2026-09-11-yttop/evidence/ocr/c89ecd7706c8b723.jpg.txt,candidate_not_visually_approved
acute-care,research/2026-09-11-yttop/evidence/assets/3da9d3fb419ffbfd.jpg,https://cdn.imweb.me/thumbnail/20250924/7cfac6260c944.jpg,654,748,research/2026-09-11-yttop/evidence/ocr/3da9d3fb419ffbfd.jpg.txt,candidate_not_visually_approved
acute-care,research/2026-09-11-yttop/evidence/assets/ff809719cd25460a.jpg,https://cdn.imweb.me/thumbnail/20250924/8953ea040e47f.jpg,654,748,research/2026-09-11-yttop/evidence/ocr/ff809719cd25460a.jpg.txt,candidate_not_visually_approved
acute-care,research/2026-09-11-yttop/evidence/assets/0638dddbe45ceb3c.jpg,https://cdn.imweb.me/thumbnail/20250924/b8b92aa5e64fd.jpg,654,748,research/2026-09-11-yttop/evidence/ocr/0638dddbe45ceb3c.jpg.txt,candidate_not_visually_approved
acute-care,research/2026-09-11-yttop/evidence/assets/efb3b27d5db0364a.jpg,https://cdn.imweb.me/thumbnail/20250924/12eb4c537a6f1.jpg,654,748,research/2026-09-11-yttop/evidence/ocr/efb3b27d5db0364a.jpg.txt,candidate_not_visually_approved
acute-care,research/2026-09-11-yttop/evidence/assets/ff159aaacd2bc7a4.jpg,https://cdn.imweb.me/thumbnail/20250924/c09f9c7bcfebc.jpg,1920,500,research/2026-09-11-yttop/evidence/ocr/ff159aaacd2bc7a4.jpg.txt,candidate_not_visually_approved
acute-care,research/2026-09-11-yttop/evidence/assets/3151730ab1c48f2f.jpg,https://cdn.imweb.me/thumbnail/20250924/22abffac56f04.jpg,1920,500,research/2026-09-11-yttop/evidence/ocr/3151730ab1c48f2f.jpg.txt,candidate_not_visually_approved
cancer-support,research/2026-09-11-yttop/evidence/assets/bb70394f860f60c5.png,https://cdn.imweb.me/thumbnail/20250522/8452672be866f.png,500,420,research/2026-09-11-yttop/evidence/ocr/bb70394f860f60c5.png.txt,candidate_not_visually_approved
cancer-support,research/2026-09-11-yttop/evidence/assets/f21548365a7d3641.png,https://cdn.imweb.me/thumbnail/20250522/db83bc485d6f1.png,500,420,research/2026-09-11-yttop/evidence/ocr/f21548365a7d3641.png.txt,candidate_not_visually_approved
cancer-support,research/2026-09-11-yttop/evidence/assets/a3d3476ee3b65f8e.png,https://cdn.imweb.me/thumbnail/20250522/7f0d2847f9946.png,500,420,research/2026-09-11-yttop/evidence/ocr/a3d3476ee3b65f8e.png.txt,candidate_not_visually_approved
cancer-support,research/2026-09-11-yttop/evidence/assets/ec256939ac2c0bc9.png,https://cdn.imweb.me/thumbnail/20250522/49a559190e1b9.png,500,420,research/2026-09-11-yttop/evidence/ocr/ec256939ac2c0bc9.png.txt,candidate_not_visually_approved
cancer-support,research/2026-09-11-yttop/evidence/assets/d6281e5fb3ab627a.png,https://cdn.imweb.me/thumbnail/20250522/ab3d3a4ab9f25.png,1400,340,research/2026-09-11-yttop/evidence/ocr/d6281e5fb3ab627a.png.txt,candidate_not_visually_approved
cancer-support,research/2026-09-11-yttop/evidence/assets/1edecc8eac265bcc.png,https://cdn.imweb.me/thumbnail/20250513/e284ab87408ab.png,1920,384,research/2026-09-11-yttop/evidence/ocr/1edecc8eac265bcc.png.txt,candidate_not_visually_approved
cancer-support,research/2026-09-11-yttop/evidence/assets/7c07b0cfe310101b.png,https://cdn.imweb.me/thumbnail/20250428/82c81dd405035.png,1920,384,research/2026-09-11-yttop/evidence/ocr/7c07b0cfe310101b.png.txt,candidate_not_visually_approved
cancer-support,research/2026-09-11-yttop/evidence/assets/a242b3ac69a0d9be.jpg,https://cdn.imweb.me/thumbnail/20250502/9fad61098c44b.jpg,1920,629,research/2026-09-11-yttop/evidence/ocr/a242b3ac69a0d9be.jpg.txt,candidate_not_visually_approved
cancer-support,research/2026-09-11-yttop/evidence/assets/c573556c0c7bd6d7.png,https://cdn.imweb.me/thumbnail/20250513/a85a0da3abdb9.png,900,1300,research/2026-09-11-yttop/evidence/ocr/c573556c0c7bd6d7.png.txt,candidate_not_visually_approved
cancer-support,research/2026-09-11-yttop/evidence/assets/635341c086b4b4c6.png,https://cdn.imweb.me/thumbnail/20250925/bd9b1273106bc.png,600,366,research/2026-09-11-yttop/evidence/ocr/635341c086b4b4c6.png.txt,candidate_not_visually_approved
cancer-support,research/2026-09-11-yttop/evidence/assets/f8ff13f5065c7b69.jpg,https://cdn.imweb.me/thumbnail/20250925/3294c3f862782.jpg,654,748,research/2026-09-11-yttop/evidence/ocr/f8ff13f5065c7b69.jpg.txt,candidate_not_visually_approved
cancer-support,research/2026-09-11-yttop/evidence/assets/f0c0219b1089a9ba.jpg,https://cdn.imweb.me/thumbnail/20250925/19ea43f279aa2.jpg,654,748,research/2026-09-11-yttop/evidence/ocr/f0c0219b1089a9ba.jpg.txt,candidate_not_visually_approved
cancer-support,research/2026-09-11-yttop/evidence/assets/4511dd92813f59aa.jpg,https://cdn.imweb.me/thumbnail/20250925/c4265f53b2684.jpg,654,748,research/2026-09-11-yttop/evidence/ocr/4511dd92813f59aa.jpg.txt,candidate_not_visually_approved
cancer-support,research/2026-09-11-yttop/evidence/assets/e2c6a7f7b01221ff.png,https://cdn.imweb.me/thumbnail/20250925/680011b4169b2.png,600,366,research/2026-09-11-yttop/evidence/ocr/e2c6a7f7b01221ff.png.txt,candidate_not_visually_approved
cancer-support,research/2026-09-11-yttop/evidence/assets/6eb09b9b71948b13.jpg,https://cdn.imweb.me/thumbnail/20250925/bd185929a7f00.jpg,654,748,research/2026-09-11-yttop/evidence/ocr/6eb09b9b71948b13.jpg.txt,candidate_not_visually_approved
cancer-support,research/2026-09-11-yttop/evidence/assets/2c43a4a77c4ddfe2.jpg,https://cdn.imweb.me/thumbnail/20250925/0dcb50dcd9e22.jpg,654,748,research/2026-09-11-yttop/evidence/ocr/2c43a4a77c4ddfe2.jpg.txt,candidate_not_visually_approved
cancer-support,research/2026-09-11-yttop/evidence/assets/f524adc7aaea56a6.jpg,https://cdn.imweb.me/thumbnail/20250925/8db41eb17d10e.jpg,654,748,research/2026-09-11-yttop/evidence/ocr/f524adc7aaea56a6.jpg.txt,candidate_not_visually_approved
cancer-support,research/2026-09-11-yttop/evidence/assets/0f0b5bfd0eebe543.jpg,https://cdn.imweb.me/thumbnail/20250925/e6ce1d2d1a90c.jpg,1920,500,research/2026-09-11-yttop/evidence/ocr/0f0b5bfd0eebe543.jpg.txt,candidate_not_visually_approved
cancer-support,research/2026-09-11-yttop/evidence/assets/00ea749c2cd841d2.jpg,https://cdn.imweb.me/thumbnail/20250925/4b6590de69224.jpg,1920,500,research/2026-09-11-yttop/evidence/ocr/00ea749c2cd841d2.jpg.txt,candidate_not_visually_approved
endoscopy,research/2026-09-11-yttop/evidence/assets/3940fdda35ddaccb.jpg,https://cdn.imweb.me/upload/S202304199e04167fc8c5a/7767393bab5dd.jpg,1080,1080,research/2026-09-11-yttop/evidence/ocr/3940fdda35ddaccb.jpg.txt,candidate_not_visually_approved
endoscopy,research/2026-09-11-yttop/evidence/assets/f728d93fe9a7ac8b.jpg,https://cdn.imweb.me/upload/S202304199e04167fc8c5a/d2f35d7923d30.jpg,2160,1483,research/2026-09-11-yttop/evidence/ocr/f728d93fe9a7ac8b.jpg.txt,candidate_not_visually_approved
endoscopy,research/2026-09-11-yttop/evidence/assets/4b07624a614ff2dd.jpg,https://cdn.imweb.me/upload/S202304199e04167fc8c5a/084170a0e76ee.jpg,900,900,research/2026-09-11-yttop/evidence/ocr/4b07624a614ff2dd.jpg.txt,candidate_not_visually_approved
endoscopy,research/2026-09-11-yttop/evidence/assets/c4b7bcad82bb2f51.jpg,https://cdn.imweb.me/upload/S202304199e04167fc8c5a/0cb519f9a9f55.jpg,900,900,research/2026-09-11-yttop/evidence/ocr/c4b7bcad82bb2f51.jpg.txt,candidate_not_visually_approved
endoscopy,research/2026-09-11-yttop/evidence/assets/62d1087812fbaa66.jpg,https://cdn.imweb.me/upload/S202304199e04167fc8c5a/9eb227a31e8b3.jpg,2480,3508,research/2026-09-11-yttop/evidence/ocr/62d1087812fbaa66.jpg.txt,candidate_not_visually_approved
endoscopy,research/2026-09-11-yttop/evidence/assets/27f5b8915dcaa2af.png,https://cdn.imweb.me/thumbnail/20250725/6039576a713dd.png,691,751,research/2026-09-11-yttop/evidence/ocr/27f5b8915dcaa2af.png.txt,candidate_not_visually_approved
endoscopy,research/2026-09-11-yttop/evidence/assets/589fa5799cadb78b.png,https://cdn.imweb.me/thumbnail/20250613/f8a69eaabfe64.png,661,615,research/2026-09-11-yttop/evidence/ocr/589fa5799cadb78b.png.txt,candidate_not_visually_approved
endoscopy,research/2026-09-11-yttop/evidence/assets/509c6b62ad28af6b.png,https://cdn.imweb.me/thumbnail/20250613/c1a5c016695c9.png,705,615,research/2026-09-11-yttop/evidence/ocr/509c6b62ad28af6b.png.txt,candidate_not_visually_approved
endoscopy,research/2026-09-11-yttop/evidence/assets/848e4b5ed43d2f95.png,https://cdn.imweb.me/thumbnail/20250523/4f4b3e1a40863.png,600,366,research/2026-09-11-yttop/evidence/ocr/848e4b5ed43d2f95.png.txt,candidate_not_visually_approved
endoscopy,research/2026-09-11-yttop/evidence/assets/fb4fab92bac241ed.png,https://cdn.imweb.me/upload/S202304199e04167fc8c5a/de1e65c4c99d9.png,1538,1538,research/2026-09-11-yttop/evidence/ocr/fb4fab92bac241ed.png.txt,candidate_not_visually_approved
endoscopy,research/2026-09-11-yttop/evidence/assets/bb70394f860f60c5.png,https://cdn.imweb.me/thumbnail/20250522/8452672be866f.png,500,420,research/2026-09-11-yttop/evidence/ocr/bb70394f860f60c5.png.txt,candidate_not_visually_approved
endoscopy,research/2026-09-11-yttop/evidence/assets/f21548365a7d3641.png,https://cdn.imweb.me/thumbnail/20250522/db83bc485d6f1.png,500,420,research/2026-09-11-yttop/evidence/ocr/f21548365a7d3641.png.txt,candidate_not_visually_approved
endoscopy,research/2026-09-11-yttop/evidence/assets/a3d3476ee3b65f8e.png,https://cdn.imweb.me/thumbnail/20250522/7f0d2847f9946.png,500,420,research/2026-09-11-yttop/evidence/ocr/a3d3476ee3b65f8e.png.txt,candidate_not_visually_approved
endoscopy,research/2026-09-11-yttop/evidence/assets/ec256939ac2c0bc9.png,https://cdn.imweb.me/thumbnail/20250522/49a559190e1b9.png,500,420,research/2026-09-11-yttop/evidence/ocr/ec256939ac2c0bc9.png.txt,candidate_not_visually_approved
endoscopy,research/2026-09-11-yttop/evidence/assets/f721eb1598abb327.png,https://cdn.imweb.me/thumbnail/20250523/a43a0a12c8424.png,600,366,research/2026-09-11-yttop/evidence/ocr/f721eb1598abb327.png.txt,candidate_not_visually_approved
endoscopy,research/2026-09-11-yttop/evidence/assets/6c41e5cc5a028c5e.png,https://cdn.imweb.me/upload/S202304199e04167fc8c5a/c0401d7db3415.png,1538,1538,research/2026-09-11-yttop/evidence/ocr/6c41e5cc5a028c5e.png.txt,candidate_not_visually_approved
endoscopy,research/2026-09-11-yttop/evidence/assets/41e5f7cfb866b62c.png,https://cdn.imweb.me/upload/S202304199e04167fc8c5a/57ece77e92efb.png,1538,1538,research/2026-09-11-yttop/evidence/ocr/41e5f7cfb866b62c.png.txt,candidate_not_visually_approved
endoscopy,research/2026-09-11-yttop/evidence/assets/d6281e5fb3ab627a.png,https://cdn.imweb.me/thumbnail/20250522/ab3d3a4ab9f25.png,1400,340,research/2026-09-11-yttop/evidence/ocr/d6281e5fb3ab627a.png.txt,candidate_not_visually_approved
endoscopy,research/2026-09-11-yttop/evidence/assets/3dc3a8739357b7d4.png,https://cdn.imweb.me/thumbnail/20250523/5471ceefca3b9.png,1920,500,research/2026-09-11-yttop/evidence/ocr/3dc3a8739357b7d4.png.txt,candidate_not_visually_approved
endoscopy,research/2026-09-11-yttop/evidence/assets/ecf2de6cbca3a34c.png,https://cdn.imweb.me/thumbnail/20250523/88e858b8f4e0b.png,1920,500,research/2026-09-11-yttop/evidence/ocr/ecf2de6cbca3a34c.png.txt,candidate_not_visually_approved
endoscopy,research/2026-09-11-yttop/evidence/assets/1edecc8eac265bcc.png,https://cdn.imweb.me/thumbnail/20250513/e284ab87408ab.png,1920,384,research/2026-09-11-yttop/evidence/ocr/1edecc8eac265bcc.png.txt,candidate_not_visually_approved
endoscopy,research/2026-09-11-yttop/evidence/assets/7c07b0cfe310101b.png,https://cdn.imweb.me/thumbnail/20250428/82c81dd405035.png,1920,384,research/2026-09-11-yttop/evidence/ocr/7c07b0cfe310101b.png.txt,candidate_not_visually_approved
endoscopy,research/2026-09-11-yttop/evidence/assets/a242b3ac69a0d9be.jpg,https://cdn.imweb.me/thumbnail/20250502/9fad61098c44b.jpg,1920,629,research/2026-09-11-yttop/evidence/ocr/a242b3ac69a0d9be.jpg.txt,candidate_not_visually_approved
endoscopy,research/2026-09-11-yttop/evidence/assets/c573556c0c7bd6d7.png,https://cdn.imweb.me/thumbnail/20250513/a85a0da3abdb9.png,900,1300,research/2026-09-11-yttop/evidence/ocr/c573556c0c7bd6d7.png.txt,candidate_not_visually_approved
endoscopy,research/2026-09-11-yttop/evidence/assets/a7a1a197cc195db5.png,https://cdn.imweb.me/thumbnail/20250530/5a51addc54d9d.png,179,43,research/2026-09-11-yttop/evidence/ocr/a7a1a197cc195db5.png.txt,candidate_not_visually_approved
endoscopy,research/2026-09-11-yttop/evidence/assets/202448f2f54bfcac.png,https://cdn.imweb.me/thumbnail/20250522/6a2ea8631a4bf.png,1920,500,research/2026-09-11-yttop/evidence/ocr/202448f2f54bfcac.png.txt,candidate_not_visually_approved
endoscopy,research/2026-09-11-yttop/evidence/assets/a5fd5f3b5d257282.png,https://cdn.imweb.me/thumbnail/20250522/8fbff2c1044b8.png,1920,500,research/2026-09-11-yttop/evidence/ocr/a5fd5f3b5d257282.png.txt,candidate_not_visually_approved
endoscopy,research/2026-09-11-yttop/evidence/assets/c27358b623972ae5.png,https://cdn.imweb.me/thumbnail/20250523/035c92ab2d59d.png,600,366,research/2026-09-11-yttop/evidence/ocr/c27358b623972ae5.png.txt,candidate_not_visually_approved
endoscopy,research/2026-09-11-yttop/evidence/assets/10af869b173766ce.jpg,https://cdn.imweb.me/thumbnail/20250523/a88fed00f070c.jpg,654,748,research/2026-09-11-yttop/evidence/ocr/10af869b173766ce.jpg.txt,candidate_not_visually_approved
endoscopy,research/2026-09-11-yttop/evidence/assets/62a87bb31e20b9d6.jpg,https://cdn.imweb.me/thumbnail/20250523/c4ad7ac340664.jpg,654,748,research/2026-09-11-yttop/evidence/ocr/62a87bb31e20b9d6.jpg.txt,candidate_not_visually_approved
endoscopy,research/2026-09-11-yttop/evidence/assets/09f3962d5927dcb9.jpg,https://cdn.imweb.me/thumbnail/20250523/5df33ed410aa6.jpg,654,748,research/2026-09-11-yttop/evidence/ocr/09f3962d5927dcb9.jpg.txt,candidate_not_visually_approved
endoscopy,research/2026-09-11-yttop/evidence/assets/1e566f97cb408f22.jpg,https://cdn.imweb.me/thumbnail/20250523/0f3a0a1efb3f6.jpg,654,748,research/2026-09-11-yttop/evidence/ocr/1e566f97cb408f22.jpg.txt,candidate_not_visually_approved
endoscopy,research/2026-09-11-yttop/evidence/assets/c537de65fdce18dc.jpg,https://cdn.imweb.me/thumbnail/20250523/dda836b142325.jpg,654,748,research/2026-09-11-yttop/evidence/ocr/c537de65fdce18dc.jpg.txt,candidate_not_visually_approved
endoscopy,research/2026-09-11-yttop/evidence/assets/2432f74bd2343e8e.png,https://cdn.imweb.me/thumbnail/20250523/8f7cf857c5bcc.png,600,366,research/2026-09-11-yttop/evidence/ocr/2432f74bd2343e8e.png.txt,candidate_not_visually_approved
endoscopy,research/2026-09-11-yttop/evidence/assets/0ab2e90848ec6930.jpg,https://cdn.imweb.me/thumbnail/20250523/d19f817e595b4.jpg,654,748,research/2026-09-11-yttop/evidence/ocr/0ab2e90848ec6930.jpg.txt,candidate_not_visually_approved
endoscopy,research/2026-09-11-yttop/evidence/assets/f8f3d145118ee28a.jpg,https://cdn.imweb.me/thumbnail/20250523/91432b0e5b183.jpg,654,748,research/2026-09-11-yttop/evidence/ocr/f8f3d145118ee28a.jpg.txt,candidate_not_visually_approved
endoscopy,research/2026-09-11-yttop/evidence/assets/f48f826e84adeaf8.jpg,https://cdn.imweb.me/thumbnail/20250523/2ce0fae03706f.jpg,654,748,research/2026-09-11-yttop/evidence/ocr/f48f826e84adeaf8.jpg.txt,candidate_not_visually_approved
endoscopy,research/2026-09-11-yttop/evidence/assets/40a1c8f6e6fc60ae.jpg,https://cdn.imweb.me/thumbnail/20250523/e9f99ce0fa137.jpg,654,748,research/2026-09-11-yttop/evidence/ocr/40a1c8f6e6fc60ae.jpg.txt,candidate_not_visually_approved
endoscopy,research/2026-09-11-yttop/evidence/assets/354620999a00e2d2.jpg,https://cdn.imweb.me/thumbnail/20250523/89e2b2f7efd76.jpg,654,748,research/2026-09-11-yttop/evidence/ocr/354620999a00e2d2.jpg.txt,candidate_not_visually_approved
endoscopy,research/2026-09-11-yttop/evidence/assets/56735d3cbe149710.png,https://cdn.imweb.me/thumbnail/20250530/365fa1a2f88ec.png,392,255,research/2026-09-11-yttop/evidence/ocr/56735d3cbe149710.png.txt,candidate_not_visually_approved
endoscopy,research/2026-09-11-yttop/evidence/assets/b101f7e132241cf9.png,https://cdn.imweb.me/thumbnail/20250530/fa3d20bf1cd01.png,388,255,research/2026-09-11-yttop/evidence/ocr/b101f7e132241cf9.png.txt,candidate_not_visually_approved
endoscopy,research/2026-09-11-yttop/evidence/assets/984f96a7b5b6e308.png,https://cdn.imweb.me/thumbnail/20250530/4b5a9eed6813c.png,298,255,research/2026-09-11-yttop/evidence/ocr/984f96a7b5b6e308.png.txt,candidate_not_visually_approved
endoscopy,research/2026-09-11-yttop/evidence/assets/ca51e5c814411ffa.png,https://cdn.imweb.me/thumbnail/20250530/5df140921b260.png,303,255,research/2026-09-11-yttop/evidence/ocr/ca51e5c814411ffa.png.txt,candidate_not_visually_approved
endoscopy,research/2026-09-11-yttop/evidence/assets/ae2c46343559732b.png,https://cdn.imweb.me/thumbnail/20250530/c6f3211492ac4.png,392,255,research/2026-09-11-yttop/evidence/ocr/ae2c46343559732b.png.txt,candidate_not_visually_approved
endoscopy,research/2026-09-11-yttop/evidence/assets/bc0d4599d7976789.png,https://cdn.imweb.me/thumbnail/20250530/86d0711db945f.png,388,255,research/2026-09-11-yttop/evidence/ocr/bc0d4599d7976789.png.txt,candidate_not_visually_approved
endoscopy,research/2026-09-11-yttop/evidence/assets/9a2e349b072cc815.png,https://cdn.imweb.me/thumbnail/20250530/7882c4ba23d2d.png,298,255,research/2026-09-11-yttop/evidence/ocr/9a2e349b072cc815.png.txt,candidate_not_visually_approved
endoscopy,research/2026-09-11-yttop/evidence/assets/45728b3be01b06a7.png,https://cdn.imweb.me/thumbnail/20250530/fdeb0bf984d98.png,303,255,research/2026-09-11-yttop/evidence/ocr/45728b3be01b06a7.png.txt,candidate_not_visually_approved
endoscopy,research/2026-09-11-yttop/evidence/assets/4d52388db56cc348.png,https://cdn.imweb.me/thumbnail/20250530/67d3406979327.png,392,255,research/2026-09-11-yttop/evidence/ocr/4d52388db56cc348.png.txt,candidate_not_visually_approved
endoscopy,research/2026-09-11-yttop/evidence/assets/3b1faf25fbc919bc.png,https://cdn.imweb.me/thumbnail/20250530/8e5e5ad36eb5b.png,388,255,research/2026-09-11-yttop/evidence/ocr/3b1faf25fbc919bc.png.txt,candidate_not_visually_approved
endoscopy,research/2026-09-11-yttop/evidence/assets/b0445f7e5c184164.png,https://cdn.imweb.me/thumbnail/20250530/640096ae4b61b.png,298,255,research/2026-09-11-yttop/evidence/ocr/b0445f7e5c184164.png.txt,candidate_not_visually_approved
endoscopy,research/2026-09-11-yttop/evidence/assets/733fee6a162bb096.png,https://cdn.imweb.me/thumbnail/20250530/e72fef4ed5f27.png,303,255,research/2026-09-11-yttop/evidence/ocr/733fee6a162bb096.png.txt,candidate_not_visually_approved
endoscopy,research/2026-09-11-yttop/evidence/assets/de8031c34528d485.png,https://cdn.imweb.me/thumbnail/20250613/bdbefde33e1e8.png,761,521,research/2026-09-11-yttop/evidence/ocr/de8031c34528d485.png.txt,candidate_not_visually_approved
endoscopy,research/2026-09-11-yttop/evidence/assets/532e2a67541cd9b9.png,https://cdn.imweb.me/thumbnail/20250613/24ac1a41f9199.png,768,499,research/2026-09-11-yttop/evidence/ocr/532e2a67541cd9b9.png.txt,candidate_not_visually_approved
endoscopy,research/2026-09-11-yttop/evidence/assets/fa93bd6250a67ae1.png,https://cdn.imweb.me/thumbnail/20250613/dc5f27bfcd872.png,694,627,research/2026-09-11-yttop/evidence/ocr/fa93bd6250a67ae1.png.txt,candidate_not_visually_approved
endoscopy,research/2026-09-11-yttop/evidence/assets/8f6e26910aa32713.png,https://cdn.imweb.me/thumbnail/20250613/35a3463a43694.png,559,615,research/2026-09-11-yttop/evidence/ocr/8f6e26910aa32713.png.txt,candidate_not_visually_approved
endoscopy,research/2026-09-11-yttop/evidence/assets/af0a4ebc8037466a.png,https://cdn.imweb.me/thumbnail/20250612/af734d5342314.png,761,611,research/2026-09-11-yttop/evidence/ocr/af0a4ebc8037466a.png.txt,candidate_not_visually_approved
endoscopy,research/2026-09-11-yttop/evidence/assets/81d4ff8cdeca1cca.png,https://cdn.imweb.me/thumbnail/20250612/2082f65ed7cc4.png,761,532,research/2026-09-11-yttop/evidence/ocr/81d4ff8cdeca1cca.png.txt,candidate_not_visually_approved
endoscopy,research/2026-09-11-yttop/evidence/assets/94e58259d43d1986.png,https://cdn.imweb.me/thumbnail/20250611/38aa4c2ef3609.png,565,615,research/2026-09-11-yttop/evidence/ocr/94e58259d43d1986.png.txt,candidate_not_visually_approved
endoscopy,research/2026-09-11-yttop/evidence/assets/3f55c0d525c15988.png,https://cdn.imweb.me/thumbnail/20250611/69f037b79dc97.png,1000,397,research/2026-09-11-yttop/evidence/ocr/3f55c0d525c15988.png.txt,candidate_not_visually_approved
endoscopy,research/2026-09-11-yttop/evidence/assets/37591871243a2027.png,https://cdn.imweb.me/thumbnail/20250611/0f0e181a30930.png,761,544,research/2026-09-11-yttop/evidence/ocr/37591871243a2027.png.txt,candidate_not_visually_approved
endoscopy,research/2026-09-11-yttop/evidence/assets/81338dfdb7e91289.png,https://cdn.imweb.me/thumbnail/20250610/b6ddcfb25387a.png,705,615,research/2026-09-11-yttop/evidence/ocr/81338dfdb7e91289.png.txt,candidate_not_visually_approved
endoscopy,research/2026-09-11-yttop/evidence/assets/ad1d8c2b18855695.png,https://cdn.imweb.me/thumbnail/20250610/2d10b393e93a2.png,605,615,research/2026-09-11-yttop/evidence/ocr/ad1d8c2b18855695.png.txt,candidate_not_visually_approved
endoscopy,research/2026-09-11-yttop/evidence/assets/e45130ba62eae8f8.png,https://cdn.imweb.me/thumbnail/20250610/1f38eb939d517.png,761,499,research/2026-09-11-yttop/evidence/ocr/e45130ba62eae8f8.png.txt,candidate_not_visually_approved
endoscopy,research/2026-09-11-yttop/evidence/assets/ce53f41e188a68dd.png,https://cdn.imweb.me/thumbnail/20250609/19f6798ab63de.png,677,615,research/2026-09-11-yttop/evidence/ocr/ce53f41e188a68dd.png.txt,candidate_not_visually_approved
endoscopy,research/2026-09-11-yttop/evidence/assets/296d269043da0a56.png,https://cdn.imweb.me/thumbnail/20250609/2501eff306dce.png,623,615,research/2026-09-11-yttop/evidence/ocr/296d269043da0a56.png.txt,candidate_not_visually_approved
endoscopy,research/2026-09-11-yttop/evidence/assets/28918b61b613d137.png,https://cdn.imweb.me/thumbnail/20250609/c088ae633a461.png,691,615,research/2026-09-11-yttop/evidence/ocr/28918b61b613d137.png.txt,candidate_not_visually_approved
endoscopy,research/2026-09-11-yttop/evidence/assets/105d8ae204559430.png,https://cdn.imweb.me/thumbnail/20250609/7c58ebace80d9.png,761,495,research/2026-09-11-yttop/evidence/ocr/105d8ae204559430.png.txt,candidate_not_visually_approved
endoscopy,research/2026-09-11-yttop/evidence/assets/4095fd699bc82026.png,https://cdn.imweb.me/thumbnail/20250530/0672442fb3fc5.png,381,255,research/2026-09-11-yttop/evidence/ocr/4095fd699bc82026.png.txt,candidate_not_visually_approved
endoscopy,research/2026-09-11-yttop/evidence/assets/da94573e36336093.png,https://cdn.imweb.me/thumbnail/20250530/3b8e04d0e0578.png,393,255,research/2026-09-11-yttop/evidence/ocr/da94573e36336093.png.txt,candidate_not_visually_approved
endoscopy,research/2026-09-11-yttop/evidence/assets/d5a80194c4cffeb2.png,https://cdn.imweb.me/thumbnail/20250530/6ea57406cf0c4.png,343,255,research/2026-09-11-yttop/evidence/ocr/d5a80194c4cffeb2.png.txt,candidate_not_visually_approved
endoscopy,research/2026-09-11-yttop/evidence/assets/dff75d41957a5b09.png,https://cdn.imweb.me/thumbnail/20250605/1e044525b2e38.png,761,570,research/2026-09-11-yttop/evidence/ocr/dff75d41957a5b09.png.txt,candidate_not_visually_approved
endoscopy,research/2026-09-11-yttop/evidence/assets/eea9a3b7e5ad1bc2.png,https://cdn.imweb.me/thumbnail/20250530/6b2d60ee48405.png,298,255,research/2026-09-11-yttop/evidence/ocr/eea9a3b7e5ad1bc2.png.txt,candidate_not_visually_approved
endoscopy,research/2026-09-11-yttop/evidence/assets/97c9b3b8fc8de93d.png,https://cdn.imweb.me/thumbnail/20250530/365eef694d391.png,392,255,research/2026-09-11-yttop/evidence/ocr/97c9b3b8fc8de93d.png.txt,candidate_not_visually_approved
notices,research/2026-09-11-yttop/evidence/assets/27f204147f443b15.png,https://cdn.imweb.me/thumbnail/20250530/9c6822061d2fb.png,1920,500,research/2026-09-11-yttop/evidence/ocr/27f204147f443b15.png.txt,candidate_not_visually_approved
notices,research/2026-09-11-yttop/evidence/assets/8cd0566b02c3a055.png,https://cdn.imweb.me/thumbnail/20250530/93bf285e2fc4c.png,1920,500,research/2026-09-11-yttop/evidence/ocr/8cd0566b02c3a055.png.txt,candidate_not_visually_approved
fees,research/2026-09-11-yttop/evidence/assets/3940fdda35ddaccb.jpg,https://cdn.imweb.me/upload/S202304199e04167fc8c5a/7767393bab5dd.jpg,1080,1080,research/2026-09-11-yttop/evidence/ocr/3940fdda35ddaccb.jpg.txt,candidate_not_visually_approved
fees,research/2026-09-11-yttop/evidence/assets/f728d93fe9a7ac8b.jpg,https://cdn.imweb.me/upload/S202304199e04167fc8c5a/d2f35d7923d30.jpg,2160,1483,research/2026-09-11-yttop/evidence/ocr/f728d93fe9a7ac8b.jpg.txt,candidate_not_visually_approved
fees,research/2026-09-11-yttop/evidence/assets/4b07624a614ff2dd.jpg,https://cdn.imweb.me/upload/S202304199e04167fc8c5a/084170a0e76ee.jpg,900,900,research/2026-09-11-yttop/evidence/ocr/4b07624a614ff2dd.jpg.txt,candidate_not_visually_approved
fees,research/2026-09-11-yttop/evidence/assets/c4b7bcad82bb2f51.jpg,https://cdn.imweb.me/upload/S202304199e04167fc8c5a/0cb519f9a9f55.jpg,900,900,research/2026-09-11-yttop/evidence/ocr/c4b7bcad82bb2f51.jpg.txt,candidate_not_visually_approved
fees,research/2026-09-11-yttop/evidence/assets/62d1087812fbaa66.jpg,https://cdn.imweb.me/upload/S202304199e04167fc8c5a/9eb227a31e8b3.jpg,2480,3508,research/2026-09-11-yttop/evidence/ocr/62d1087812fbaa66.jpg.txt,candidate_not_visually_approved
fees,research/2026-09-11-yttop/evidence/assets/27f5b8915dcaa2af.png,https://cdn.imweb.me/thumbnail/20250725/6039576a713dd.png,691,751,research/2026-09-11-yttop/evidence/ocr/27f5b8915dcaa2af.png.txt,candidate_not_visually_approved
fees,research/2026-09-11-yttop/evidence/assets/589fa5799cadb78b.png,https://cdn.imweb.me/thumbnail/20250613/f8a69eaabfe64.png,661,615,research/2026-09-11-yttop/evidence/ocr/589fa5799cadb78b.png.txt,candidate_not_visually_approved
fees,research/2026-09-11-yttop/evidence/assets/509c6b62ad28af6b.png,https://cdn.imweb.me/thumbnail/20250613/c1a5c016695c9.png,705,615,research/2026-09-11-yttop/evidence/ocr/509c6b62ad28af6b.png.txt,candidate_not_visually_approved
fees,research/2026-09-11-yttop/evidence/assets/de8031c34528d485.png,https://cdn.imweb.me/thumbnail/20250613/bdbefde33e1e8.png,761,521,research/2026-09-11-yttop/evidence/ocr/de8031c34528d485.png.txt,candidate_not_visually_approved
fees,research/2026-09-11-yttop/evidence/assets/532e2a67541cd9b9.png,https://cdn.imweb.me/thumbnail/20250613/24ac1a41f9199.png,768,499,research/2026-09-11-yttop/evidence/ocr/532e2a67541cd9b9.png.txt,candidate_not_visually_approved
fees,research/2026-09-11-yttop/evidence/assets/fa93bd6250a67ae1.png,https://cdn.imweb.me/thumbnail/20250613/dc5f27bfcd872.png,694,627,research/2026-09-11-yttop/evidence/ocr/fa93bd6250a67ae1.png.txt,candidate_not_visually_approved
fees,research/2026-09-11-yttop/evidence/assets/8f6e26910aa32713.png,https://cdn.imweb.me/thumbnail/20250613/35a3463a43694.png,559,615,research/2026-09-11-yttop/evidence/ocr/8f6e26910aa32713.png.txt,candidate_not_visually_approved
fees,research/2026-09-11-yttop/evidence/assets/af0a4ebc8037466a.png,https://cdn.imweb.me/thumbnail/20250612/af734d5342314.png,761,611,research/2026-09-11-yttop/evidence/ocr/af0a4ebc8037466a.png.txt,candidate_not_visually_approved
fees,research/2026-09-11-yttop/evidence/assets/81d4ff8cdeca1cca.png,https://cdn.imweb.me/thumbnail/20250612/2082f65ed7cc4.png,761,532,research/2026-09-11-yttop/evidence/ocr/81d4ff8cdeca1cca.png.txt,candidate_not_visually_approved
fees,research/2026-09-11-yttop/evidence/assets/94e58259d43d1986.png,https://cdn.imweb.me/thumbnail/20250611/38aa4c2ef3609.png,565,615,research/2026-09-11-yttop/evidence/ocr/94e58259d43d1986.png.txt,candidate_not_visually_approved
fees,research/2026-09-11-yttop/evidence/assets/3f55c0d525c15988.png,https://cdn.imweb.me/thumbnail/20250611/69f037b79dc97.png,1000,397,research/2026-09-11-yttop/evidence/ocr/3f55c0d525c15988.png.txt,candidate_not_visually_approved
fees,research/2026-09-11-yttop/evidence/assets/37591871243a2027.png,https://cdn.imweb.me/thumbnail/20250611/0f0e181a30930.png,761,544,research/2026-09-11-yttop/evidence/ocr/37591871243a2027.png.txt,candidate_not_visually_approved
fees,research/2026-09-11-yttop/evidence/assets/81338dfdb7e91289.png,https://cdn.imweb.me/thumbnail/20250610/b6ddcfb25387a.png,705,615,research/2026-09-11-yttop/evidence/ocr/81338dfdb7e91289.png.txt,candidate_not_visually_approved
fees,research/2026-09-11-yttop/evidence/assets/ad1d8c2b18855695.png,https://cdn.imweb.me/thumbnail/20250610/2d10b393e93a2.png,605,615,research/2026-09-11-yttop/evidence/ocr/ad1d8c2b18855695.png.txt,candidate_not_visually_approved
fees,research/2026-09-11-yttop/evidence/assets/e45130ba62eae8f8.png,https://cdn.imweb.me/thumbnail/20250610/1f38eb939d517.png,761,499,research/2026-09-11-yttop/evidence/ocr/e45130ba62eae8f8.png.txt,candidate_not_visually_approved
fees,research/2026-09-11-yttop/evidence/assets/ce53f41e188a68dd.png,https://cdn.imweb.me/thumbnail/20250609/19f6798ab63de.png,677,615,research/2026-09-11-yttop/evidence/ocr/ce53f41e188a68dd.png.txt,candidate_not_visually_approved
fees,research/2026-09-11-yttop/evidence/assets/296d269043da0a56.png,https://cdn.imweb.me/thumbnail/20250609/2501eff306dce.png,623,615,research/2026-09-11-yttop/evidence/ocr/296d269043da0a56.png.txt,candidate_not_visually_approved
fees,research/2026-09-11-yttop/evidence/assets/28918b61b613d137.png,https://cdn.imweb.me/thumbnail/20250609/c088ae633a461.png,691,615,research/2026-09-11-yttop/evidence/ocr/28918b61b613d137.png.txt,candidate_not_visually_approved
fees,research/2026-09-11-yttop/evidence/assets/105d8ae204559430.png,https://cdn.imweb.me/thumbnail/20250609/7c58ebace80d9.png,761,495,research/2026-09-11-yttop/evidence/ocr/105d8ae204559430.png.txt,candidate_not_visually_approved
fees,research/2026-09-11-yttop/evidence/assets/4095fd699bc82026.png,https://cdn.imweb.me/thumbnail/20250530/0672442fb3fc5.png,381,255,research/2026-09-11-yttop/evidence/ocr/4095fd699bc82026.png.txt,candidate_not_visually_approved
fees,research/2026-09-11-yttop/evidence/assets/da94573e36336093.png,https://cdn.imweb.me/thumbnail/20250530/3b8e04d0e0578.png,393,255,research/2026-09-11-yttop/evidence/ocr/da94573e36336093.png.txt,candidate_not_visually_approved
fees,research/2026-09-11-yttop/evidence/assets/d5a80194c4cffeb2.png,https://cdn.imweb.me/thumbnail/20250530/6ea57406cf0c4.png,343,255,research/2026-09-11-yttop/evidence/ocr/d5a80194c4cffeb2.png.txt,candidate_not_visually_approved
fees,research/2026-09-11-yttop/evidence/assets/dff75d41957a5b09.png,https://cdn.imweb.me/thumbnail/20250605/1e044525b2e38.png,761,570,research/2026-09-11-yttop/evidence/ocr/dff75d41957a5b09.png.txt,candidate_not_visually_approved
fees,research/2026-09-11-yttop/evidence/assets/eea9a3b7e5ad1bc2.png,https://cdn.imweb.me/thumbnail/20250530/6b2d60ee48405.png,298,255,research/2026-09-11-yttop/evidence/ocr/eea9a3b7e5ad1bc2.png.txt,candidate_not_visually_approved
fees,research/2026-09-11-yttop/evidence/assets/97c9b3b8fc8de93d.png,https://cdn.imweb.me/thumbnail/20250530/365eef694d391.png,392,255,research/2026-09-11-yttop/evidence/ocr/97c9b3b8fc8de93d.png.txt,candidate_not_visually_approved
health,research/2026-09-11-yttop/evidence/assets/848e4b5ed43d2f95.png,https://cdn.imweb.me/thumbnail/20250523/4f4b3e1a40863.png,600,366,research/2026-09-11-yttop/evidence/ocr/848e4b5ed43d2f95.png.txt,candidate_not_visually_approved
health,research/2026-09-11-yttop/evidence/assets/fb4fab92bac241ed.png,https://cdn.imweb.me/upload/S202304199e04167fc8c5a/de1e65c4c99d9.png,1538,1538,research/2026-09-11-yttop/evidence/ocr/fb4fab92bac241ed.png.txt,candidate_not_visually_approved
health,research/2026-09-11-yttop/evidence/assets/bb70394f860f60c5.png,https://cdn.imweb.me/thumbnail/20250522/8452672be866f.png,500,420,research/2026-09-11-yttop/evidence/ocr/bb70394f860f60c5.png.txt,candidate_not_visually_approved
health,research/2026-09-11-yttop/evidence/assets/f21548365a7d3641.png,https://cdn.imweb.me/thumbnail/20250522/db83bc485d6f1.png,500,420,research/2026-09-11-yttop/evidence/ocr/f21548365a7d3641.png.txt,candidate_not_visually_approved
health,research/2026-09-11-yttop/evidence/assets/a3d3476ee3b65f8e.png,https://cdn.imweb.me/thumbnail/20250522/7f0d2847f9946.png,500,420,research/2026-09-11-yttop/evidence/ocr/a3d3476ee3b65f8e.png.txt,candidate_not_visually_approved
health,research/2026-09-11-yttop/evidence/assets/ec256939ac2c0bc9.png,https://cdn.imweb.me/thumbnail/20250522/49a559190e1b9.png,500,420,research/2026-09-11-yttop/evidence/ocr/ec256939ac2c0bc9.png.txt,candidate_not_visually_approved
health,research/2026-09-11-yttop/evidence/assets/f721eb1598abb327.png,https://cdn.imweb.me/thumbnail/20250523/a43a0a12c8424.png,600,366,research/2026-09-11-yttop/evidence/ocr/f721eb1598abb327.png.txt,candidate_not_visually_approved
health,research/2026-09-11-yttop/evidence/assets/6c41e5cc5a028c5e.png,https://cdn.imweb.me/upload/S202304199e04167fc8c5a/c0401d7db3415.png,1538,1538,research/2026-09-11-yttop/evidence/ocr/6c41e5cc5a028c5e.png.txt,candidate_not_visually_approved
health,research/2026-09-11-yttop/evidence/assets/41e5f7cfb866b62c.png,https://cdn.imweb.me/upload/S202304199e04167fc8c5a/57ece77e92efb.png,1538,1538,research/2026-09-11-yttop/evidence/ocr/41e5f7cfb866b62c.png.txt,candidate_not_visually_approved
health,research/2026-09-11-yttop/evidence/assets/d6281e5fb3ab627a.png,https://cdn.imweb.me/thumbnail/20250522/ab3d3a4ab9f25.png,1400,340,research/2026-09-11-yttop/evidence/ocr/d6281e5fb3ab627a.png.txt,candidate_not_visually_approved
health,research/2026-09-11-yttop/evidence/assets/3dc3a8739357b7d4.png,https://cdn.imweb.me/thumbnail/20250523/5471ceefca3b9.png,1920,500,research/2026-09-11-yttop/evidence/ocr/3dc3a8739357b7d4.png.txt,candidate_not_visually_approved
health,research/2026-09-11-yttop/evidence/assets/ecf2de6cbca3a34c.png,https://cdn.imweb.me/thumbnail/20250523/88e858b8f4e0b.png,1920,500,research/2026-09-11-yttop/evidence/ocr/ecf2de6cbca3a34c.png.txt,candidate_not_visually_approved
health,research/2026-09-11-yttop/evidence/assets/1edecc8eac265bcc.png,https://cdn.imweb.me/thumbnail/20250513/e284ab87408ab.png,1920,384,research/2026-09-11-yttop/evidence/ocr/1edecc8eac265bcc.png.txt,candidate_not_visually_approved
health,research/2026-09-11-yttop/evidence/assets/7c07b0cfe310101b.png,https://cdn.imweb.me/thumbnail/20250428/82c81dd405035.png,1920,384,research/2026-09-11-yttop/evidence/ocr/7c07b0cfe310101b.png.txt,candidate_not_visually_approved
health,research/2026-09-11-yttop/evidence/assets/a242b3ac69a0d9be.jpg,https://cdn.imweb.me/thumbnail/20250502/9fad61098c44b.jpg,1920,629,research/2026-09-11-yttop/evidence/ocr/a242b3ac69a0d9be.jpg.txt,candidate_not_visually_approved
health,research/2026-09-11-yttop/evidence/assets/c573556c0c7bd6d7.png,https://cdn.imweb.me/thumbnail/20250513/a85a0da3abdb9.png,900,1300,research/2026-09-11-yttop/evidence/ocr/c573556c0c7bd6d7.png.txt,candidate_not_visually_approved
health,research/2026-09-11-yttop/evidence/assets/401b714a206ed425.png,https://cdn.imweb.me/thumbnail/20250513/ea44c6d4064ed.png,600,366,research/2026-09-11-yttop/evidence/ocr/401b714a206ed425.png.txt,candidate_not_visually_approved
health,research/2026-09-11-yttop/evidence/assets/c87dc21b6dadfdc5.png,https://cdn.imweb.me/thumbnail/20250513/baede26abcf01.png,500,500,research/2026-09-11-yttop/evidence/ocr/c87dc21b6dadfdc5.png.txt,candidate_not_visually_approved
health,research/2026-09-11-yttop/evidence/assets/23bc7de6923642e9.png,https://cdn.imweb.me/thumbnail/20250513/b903a67a31789.png,500,500,research/2026-09-11-yttop/evidence/ocr/23bc7de6923642e9.png.txt,candidate_not_visually_approved
health,research/2026-09-11-yttop/evidence/assets/12fcfaa5d6bf8c2b.png,https://cdn.imweb.me/thumbnail/20250513/fed0add7ccc21.png,500,500,research/2026-09-11-yttop/evidence/ocr/12fcfaa5d6bf8c2b.png.txt,candidate_not_visually_approved
health,research/2026-09-11-yttop/evidence/assets/44d8e1f3c46753a5.png,https://cdn.imweb.me/thumbnail/20250513/3e286181cde3f.png,500,500,research/2026-09-11-yttop/evidence/ocr/44d8e1f3c46753a5.png.txt,candidate_not_visually_approved
health,research/2026-09-11-yttop/evidence/assets/4d29e8dbac40288d.png,https://cdn.imweb.me/thumbnail/20250513/a7fa9fa0c5279.png,500,500,research/2026-09-11-yttop/evidence/ocr/4d29e8dbac40288d.png.txt,candidate_not_visually_approved
health,research/2026-09-11-yttop/evidence/assets/347857ad2d949243.png,https://cdn.imweb.me/thumbnail/20250513/b26d8b746849e.png,500,500,research/2026-09-11-yttop/evidence/ocr/347857ad2d949243.png.txt,candidate_not_visually_approved
health,research/2026-09-11-yttop/evidence/assets/23fbf08d088f4ba9.png,https://cdn.imweb.me/thumbnail/20250513/af6b133cfe931.png,500,500,research/2026-09-11-yttop/evidence/ocr/23fbf08d088f4ba9.png.txt,candidate_not_visually_approved
health,research/2026-09-11-yttop/evidence/assets/ac9a241a21286cd5.png,https://cdn.imweb.me/thumbnail/20250513/4f968c10aebcc.png,500,500,research/2026-09-11-yttop/evidence/ocr/ac9a241a21286cd5.png.txt,candidate_not_visually_approved
health,research/2026-09-11-yttop/evidence/assets/fa07583252368149.png,https://cdn.imweb.me/thumbnail/20250513/b9f65039cc888.png,900,3139,research/2026-09-11-yttop/evidence/ocr/fa07583252368149.png.txt,candidate_not_visually_approved
health,research/2026-09-11-yttop/evidence/assets/0cdec520369e462c.png,https://cdn.imweb.me/thumbnail/20250502/3a470ebd3d98d.png,1032,366,research/2026-09-11-yttop/evidence/ocr/0cdec520369e462c.png.txt,candidate_not_visually_approved
health,research/2026-09-11-yttop/evidence/assets/4268ca9040874a19.png,https://cdn.imweb.me/thumbnail/20250428/3cb79234730ca.png,600,366,research/2026-09-11-yttop/evidence/ocr/4268ca9040874a19.png.txt,candidate_not_visually_approved
health,research/2026-09-11-yttop/evidence/assets/1e6aaae03b4e4ce1.png,https://cdn.imweb.me/thumbnail/20250502/c1e596cd3285e.png,600,748,research/2026-09-11-yttop/evidence/ocr/1e6aaae03b4e4ce1.png.txt,candidate_not_visually_approved
health,research/2026-09-11-yttop/evidence/assets/01ae39e2b17196d4.png,https://cdn.imweb.me/thumbnail/20250502/dd236314bcbaa.png,600,748,research/2026-09-11-yttop/evidence/ocr/01ae39e2b17196d4.png.txt,candidate_not_visually_approved
health,research/2026-09-11-yttop/evidence/assets/2e0fe9922b20ca8e.png,https://cdn.imweb.me/thumbnail/20250502/f38d4f0c249ad.png,600,748,research/2026-09-11-yttop/evidence/ocr/2e0fe9922b20ca8e.png.txt,candidate_not_visually_approved
health,research/2026-09-11-yttop/evidence/assets/db7494ded6cc6a03.png,https://cdn.imweb.me/thumbnail/20250502/af90a20a30ff6.png,600,748,research/2026-09-11-yttop/evidence/ocr/db7494ded6cc6a03.png.txt,candidate_not_visually_approved
health,research/2026-09-11-yttop/evidence/assets/7f6eb6d771b95b6b.png,https://cdn.imweb.me/thumbnail/20250502/f6136a1f0b794.png,600,748,research/2026-09-11-yttop/evidence/ocr/7f6eb6d771b95b6b.png.txt,candidate_not_visually_approved
health,research/2026-09-11-yttop/evidence/assets/c6407204b7116710.png,https://cdn.imweb.me/thumbnail/20250502/8320e0ca5770a.png,600,748,research/2026-09-11-yttop/evidence/ocr/c6407204b7116710.png.txt,candidate_not_visually_approved
health,research/2026-09-11-yttop/evidence/assets/159dfc84895e7884.jpg,https://cdn.imweb.me/thumbnail/20250513/b3affadae6f1f.jpg,654,748,research/2026-09-11-yttop/evidence/ocr/159dfc84895e7884.jpg.txt,candidate_not_visually_approved
health,research/2026-09-11-yttop/evidence/assets/9ca4a760a170065f.png,https://cdn.imweb.me/thumbnail/20250502/43536636c7f23.png,600,748,research/2026-09-11-yttop/evidence/ocr/9ca4a760a170065f.png.txt,candidate_not_visually_approved
health,research/2026-09-11-yttop/evidence/assets/2c88b3963e010a45.png,https://cdn.imweb.me/thumbnail/20250502/a575c8df160e3.png,1400,340,research/2026-09-11-yttop/evidence/ocr/2c88b3963e010a45.png.txt,candidate_not_visually_approved
health,research/2026-09-11-yttop/evidence/assets/205a1a56a2201a6b.png,https://cdn.imweb.me/thumbnail/20250513/c3bc3bfe07239.png,1400,340,research/2026-09-11-yttop/evidence/ocr/205a1a56a2201a6b.png.txt,candidate_not_visually_approved
health,research/2026-09-11-yttop/evidence/assets/a7a1a197cc195db5.png,https://cdn.imweb.me/thumbnail/20250530/5a51addc54d9d.png,179,43,research/2026-09-11-yttop/evidence/ocr/a7a1a197cc195db5.png.txt,candidate_not_visually_approved
health,research/2026-09-11-yttop/evidence/assets/de325fb6a508a4b1.png,https://cdn.imweb.me/thumbnail/20250428/6dcd967dd7758.png,1920,500,research/2026-09-11-yttop/evidence/ocr/de325fb6a508a4b1.png.txt,candidate_not_visually_approved
health,research/2026-09-11-yttop/evidence/assets/3cd5acfaef14d22f.png,https://cdn.imweb.me/thumbnail/20250513/93207dd0a77f1.png,1920,500,research/2026-09-11-yttop/evidence/ocr/3cd5acfaef14d22f.png.txt,candidate_not_visually_approved
health,research/2026-09-11-yttop/evidence/assets/ca2240e04ae06552.png,https://cdn.imweb.me/thumbnail/20250513/390ead6745dc9.png,1600,900,research/2026-09-11-yttop/evidence/ocr/ca2240e04ae06552.png.txt,candidate_not_visually_approved
health,research/2026-09-11-yttop/evidence/assets/d0be96acf94dc0fc.png,https://cdn.imweb.me/thumbnail/20250513/bc22b9d1c2714.png,1600,900,research/2026-09-11-yttop/evidence/ocr/d0be96acf94dc0fc.png.txt,candidate_not_visually_approved
health,research/2026-09-11-yttop/evidence/assets/cc377a275103b97a.png,https://cdn.imweb.me/thumbnail/20250513/2cfd84a161b45.png,1600,900,research/2026-09-11-yttop/evidence/ocr/cc377a275103b97a.png.txt,candidate_not_visually_approved
health,research/2026-09-11-yttop/evidence/assets/bf2bcb610a200e22.png,https://cdn.imweb.me/thumbnail/20250502/5d720659b03f7.png,800,500,research/2026-09-11-yttop/evidence/ocr/bf2bcb610a200e22.png.txt,candidate_not_visually_approved
health,research/2026-09-11-yttop/evidence/assets/3fa251ac7ce873a7.png,https://cdn.imweb.me/thumbnail/20250502/8aa1eb468a644.png,800,500,research/2026-09-11-yttop/evidence/ocr/3fa251ac7ce873a7.png.txt,candidate_not_visually_approved
health,research/2026-09-11-yttop/evidence/assets/0ce1054e82318d34.png,https://cdn.imweb.me/thumbnail/20250502/f78b9c8a2bea4.png,800,500,research/2026-09-11-yttop/evidence/ocr/0ce1054e82318d34.png.txt,candidate_not_visually_approved
health,research/2026-09-11-yttop/evidence/assets/07a9452462e2a257.png,https://cdn.imweb.me/thumbnail/20250502/2b76f4a8ff7b5.png,800,500,research/2026-09-11-yttop/evidence/ocr/07a9452462e2a257.png.txt,candidate_not_visually_approved
health,research/2026-09-11-yttop/evidence/assets/0a7d7cdc9a8fa18c.png,https://cdn.imweb.me/thumbnail/20250502/4def4aca2c374.png,800,500,research/2026-09-11-yttop/evidence/ocr/0a7d7cdc9a8fa18c.png.txt,candidate_not_visually_approved
health,research/2026-09-11-yttop/evidence/assets/4439418ec0fdf927.png,https://cdn.imweb.me/thumbnail/20250502/e7bd0e6ce1f12.png,800,500,research/2026-09-11-yttop/evidence/ocr/4439418ec0fdf927.png.txt,candidate_not_visually_approved
health,research/2026-09-11-yttop/evidence/assets/b8fa0f15c3c485f0.png,https://cdn.imweb.me/thumbnail/20250502/3483d6972a781.png,800,500,research/2026-09-11-yttop/evidence/ocr/b8fa0f15c3c485f0.png.txt,candidate_not_visually_approved
health,research/2026-09-11-yttop/evidence/assets/ffb5d768de75eb6e.png,https://cdn.imweb.me/thumbnail/20250530/68122cc25b8ec.png,388,255,research/2026-09-11-yttop/evidence/ocr/ffb5d768de75eb6e.png.txt,candidate_not_visually_approved
health,research/2026-09-11-yttop/evidence/assets/1ff9ac29ce1f9241.png,https://cdn.imweb.me/thumbnail/20250530/48891a042c1a9.png,383,255,research/2026-09-11-yttop/evidence/ocr/1ff9ac29ce1f9241.png.txt,candidate_not_visually_approved
health,research/2026-09-11-yttop/evidence/assets/3ace4f5c98aee067.png,https://cdn.imweb.me/thumbnail/20250530/c12b7ad4800cb.png,372,255,research/2026-09-11-yttop/evidence/ocr/3ace4f5c98aee067.png.txt,candidate_not_visually_approved
health,research/2026-09-11-yttop/evidence/assets/b2233de18a027dd5.png,https://cdn.imweb.me/thumbnail/20250530/e7a1cd0c6d193.png,379,255,research/2026-09-11-yttop/evidence/ocr/b2233de18a027dd5.png.txt,candidate_not_visually_approved
health,research/2026-09-11-yttop/evidence/assets/ba7f45a64bfac449.png,https://cdn.imweb.me/thumbnail/20250530/845bd969e7f4d.png,343,255,research/2026-09-11-yttop/evidence/ocr/ba7f45a64bfac449.png.txt,candidate_not_visually_approved
health,research/2026-09-11-yttop/evidence/assets/819b5fa6e10b4bbc.png,https://cdn.imweb.me/thumbnail/20250530/2ba32d574a409.png,343,255,research/2026-09-11-yttop/evidence/ocr/819b5fa6e10b4bbc.png.txt,candidate_not_visually_approved
health,research/2026-09-11-yttop/evidence/assets/aff2c53355f06096.png,https://cdn.imweb.me/thumbnail/20250530/8051118e847aa.png,340,255,research/2026-09-11-yttop/evidence/ocr/aff2c53355f06096.png.txt,candidate_not_visually_approved
health,research/2026-09-11-yttop/evidence/assets/ea2a2aec5a13d957.png,https://cdn.imweb.me/thumbnail/20250530/f1d2d7ecbd008.png,352,255,research/2026-09-11-yttop/evidence/ocr/ea2a2aec5a13d957.png.txt,candidate_not_visually_approved
health,research/2026-09-11-yttop/evidence/assets/7db965d71ba6ea66.png,https://cdn.imweb.me/thumbnail/20250530/134e620b1e114.png,357,255,research/2026-09-11-yttop/evidence/ocr/7db965d71ba6ea66.png.txt,candidate_not_visually_approved
health,research/2026-09-11-yttop/evidence/assets/055ed5d8c348e389.png,https://cdn.imweb.me/thumbnail/20250530/cbb92c4c48a77.png,253,170,research/2026-09-11-yttop/evidence/ocr/055ed5d8c348e389.png.txt,candidate_not_visually_approved
health,research/2026-09-11-yttop/evidence/assets/79b8b5b7d23d6716.png,https://cdn.imweb.me/thumbnail/20250530/e0085327ce444.png,316,170,research/2026-09-11-yttop/evidence/ocr/79b8b5b7d23d6716.png.txt,candidate_not_visually_approved
health,research/2026-09-11-yttop/evidence/assets/11c0345409280b26.png,https://cdn.imweb.me/thumbnail/20250530/c33fc4d5e1744.png,569,390,research/2026-09-11-yttop/evidence/ocr/11c0345409280b26.png.txt,candidate_not_visually_approved
health,research/2026-09-11-yttop/evidence/assets/ac6162d14b059fda.png,https://cdn.imweb.me/thumbnail/20250530/29962bbb5f536.png,292,170,research/2026-09-11-yttop/evidence/ocr/ac6162d14b059fda.png.txt,candidate_not_visually_approved
health,research/2026-09-11-yttop/evidence/assets/8beb093634548089.png,https://cdn.imweb.me/thumbnail/20250428/75ca4e22dc896.png,800,500,research/2026-09-11-yttop/evidence/ocr/8beb093634548089.png.txt,candidate_not_visually_approved
health,research/2026-09-11-yttop/evidence/assets/1c1648a873fdbd4f.png,https://cdn.imweb.me/thumbnail/20250428/0e75f2a1b1d20.png,800,500,research/2026-09-11-yttop/evidence/ocr/1c1648a873fdbd4f.png.txt,candidate_not_visually_approved
health,research/2026-09-11-yttop/evidence/assets/115d2ee12772a239.png,https://cdn.imweb.me/thumbnail/20250428/d0729a91ba60b.png,800,500,research/2026-09-11-yttop/evidence/ocr/115d2ee12772a239.png.txt,candidate_not_visually_approved
health,research/2026-09-11-yttop/evidence/assets/454527990e6ef3c1.png,https://cdn.imweb.me/thumbnail/20250428/6f2390a501e06.png,800,500,research/2026-09-11-yttop/evidence/ocr/454527990e6ef3c1.png.txt,candidate_not_visually_approved
health,research/2026-09-11-yttop/evidence/assets/533fd8efb15d809a.png,https://cdn.imweb.me/thumbnail/20250428/c61065968e3b0.png,800,500,research/2026-09-11-yttop/evidence/ocr/533fd8efb15d809a.png.txt,candidate_not_visually_approved
health,research/2026-09-11-yttop/evidence/assets/dbc5c4429a806c6b.png,https://cdn.imweb.me/thumbnail/20250428/5c4af7f9fee69.png,800,500,research/2026-09-11-yttop/evidence/ocr/dbc5c4429a806c6b.png.txt,candidate_not_visually_approved
health,research/2026-09-11-yttop/evidence/assets/c143d5b3e3f720a8.png,https://cdn.imweb.me/thumbnail/20250428/9f5cd6585a820.png,800,500,research/2026-09-11-yttop/evidence/ocr/c143d5b3e3f720a8.png.txt,candidate_not_visually_approved
health,research/2026-09-11-yttop/evidence/assets/4892a3cf22cb1abd.png,https://cdn.imweb.me/thumbnail/20250530/ca8c1b449d588.png,388,255,research/2026-09-11-yttop/evidence/ocr/4892a3cf22cb1abd.png.txt,candidate_not_visually_approved
health,research/2026-09-11-yttop/evidence/assets/dab44ea8e8e162d8.png,https://cdn.imweb.me/thumbnail/20250530/0dd8562e47d87.png,383,255,research/2026-09-11-yttop/evidence/ocr/dab44ea8e8e162d8.png.txt,candidate_not_visually_approved
health,research/2026-09-11-yttop/evidence/assets/0294cc8bb01ed68e.png,https://cdn.imweb.me/thumbnail/20250530/51d0589d9a591.png,372,255,research/2026-09-11-yttop/evidence/ocr/0294cc8bb01ed68e.png.txt,candidate_not_visually_approved
health,research/2026-09-11-yttop/evidence/assets/7b4508c93ea8472a.png,https://cdn.imweb.me/thumbnail/20250530/9cafc6ddd9d17.png,379,255,research/2026-09-11-yttop/evidence/ocr/7b4508c93ea8472a.png.txt,candidate_not_visually_approved
health,research/2026-09-11-yttop/evidence/assets/6514a9806dfce4e3.png,https://cdn.imweb.me/thumbnail/20250530/e9b6125ba47a5.png,343,255,research/2026-09-11-yttop/evidence/ocr/6514a9806dfce4e3.png.txt,candidate_not_visually_approved
health,research/2026-09-11-yttop/evidence/assets/96c21533c9ad7ae7.png,https://cdn.imweb.me/thumbnail/20250530/3d8fadda89df5.png,343,255,research/2026-09-11-yttop/evidence/ocr/96c21533c9ad7ae7.png.txt,candidate_not_visually_approved
health,research/2026-09-11-yttop/evidence/assets/9ac5695c9a93332e.png,https://cdn.imweb.me/thumbnail/20250530/74157c240d819.png,340,255,research/2026-09-11-yttop/evidence/ocr/9ac5695c9a93332e.png.txt,candidate_not_visually_approved
health,research/2026-09-11-yttop/evidence/assets/d2b65e3c98664493.png,https://cdn.imweb.me/thumbnail/20250530/ab691182188f5.png,352,255,research/2026-09-11-yttop/evidence/ocr/d2b65e3c98664493.png.txt,candidate_not_visually_approved
health,research/2026-09-11-yttop/evidence/assets/7011fd2cde48ea72.png,https://cdn.imweb.me/thumbnail/20250530/691bc53a5b1f7.png,357,255,research/2026-09-11-yttop/evidence/ocr/7011fd2cde48ea72.png.txt,candidate_not_visually_approved
health,research/2026-09-11-yttop/evidence/assets/b441dfb64fa7c5a8.png,https://cdn.imweb.me/thumbnail/20250530/03d60a28e3c8c.png,253,170,research/2026-09-11-yttop/evidence/ocr/b441dfb64fa7c5a8.png.txt,candidate_not_visually_approved
health,research/2026-09-11-yttop/evidence/assets/cf91d86eab40dbb1.png,https://cdn.imweb.me/thumbnail/20250530/0d9f9ea42543a.png,316,170,research/2026-09-11-yttop/evidence/ocr/cf91d86eab40dbb1.png.txt,candidate_not_visually_approved
health,research/2026-09-11-yttop/evidence/assets/3fe86058184483c4.png,https://cdn.imweb.me/thumbnail/20250530/2bee45a0a1afa.png,569,390,research/2026-09-11-yttop/evidence/ocr/3fe86058184483c4.png.txt,candidate_not_visually_approved
health,research/2026-09-11-yttop/evidence/assets/7db6ca60e3828c94.png,https://cdn.imweb.me/thumbnail/20250530/5aea63ec6b6b2.png,292,170,research/2026-09-11-yttop/evidence/ocr/7db6ca60e3828c94.png.txt,candidate_not_visually_approved
health,research/2026-09-11-yttop/evidence/assets/0d8720c72c89f634.png,https://cdn.imweb.me/thumbnail/20250513/30387ac540767.png,1600,900,research/2026-09-11-yttop/evidence/ocr/0d8720c72c89f634.png.txt,candidate_not_visually_approved
health,research/2026-09-11-yttop/evidence/assets/853e563551819f45.png,https://cdn.imweb.me/thumbnail/20250513/fc06a98cf8473.png,1600,900,research/2026-09-11-yttop/evidence/ocr/853e563551819f45.png.txt,candidate_not_visually_approved
health,research/2026-09-11-yttop/evidence/assets/07e8fba9f4e588fb.png,https://cdn.imweb.me/thumbnail/20250513/c5515c0fc5ac6.png,1600,900,research/2026-09-11-yttop/evidence/ocr/07e8fba9f4e588fb.png.txt,candidate_not_visually_approved
health,research/2026-09-11-yttop/evidence/assets/73eab099bc6f6381.png,https://cdn.imweb.me/thumbnail/20250428/22837b6706300.png,800,500,research/2026-09-11-yttop/evidence/ocr/73eab099bc6f6381.png.txt,candidate_not_visually_approved
health,research/2026-09-11-yttop/evidence/assets/8b66050e922fca88.png,https://cdn.imweb.me/thumbnail/20250428/aab8585c19826.png,800,500,research/2026-09-11-yttop/evidence/ocr/8b66050e922fca88.png.txt,candidate_not_visually_approved
health,research/2026-09-11-yttop/evidence/assets/d680f5f92e3691fc.png,https://cdn.imweb.me/thumbnail/20250428/72563498e2623.png,800,500,research/2026-09-11-yttop/evidence/ocr/d680f5f92e3691fc.png.txt,candidate_not_visually_approved
health,research/2026-09-11-yttop/evidence/assets/cbd34fdebb9da8de.png,https://cdn.imweb.me/thumbnail/20250428/ee806f339c5ea.png,800,500,research/2026-09-11-yttop/evidence/ocr/cbd34fdebb9da8de.png.txt,candidate_not_visually_approved
health,research/2026-09-11-yttop/evidence/assets/7ade082877593c4e.png,https://cdn.imweb.me/thumbnail/20250428/74baa279c5956.png,800,500,research/2026-09-11-yttop/evidence/ocr/7ade082877593c4e.png.txt,candidate_not_visually_approved
health,research/2026-09-11-yttop/evidence/assets/174ee032b6c62ca0.png,https://cdn.imweb.me/thumbnail/20250428/b559d36addd4c.png,800,500,research/2026-09-11-yttop/evidence/ocr/174ee032b6c62ca0.png.txt,candidate_not_visually_approved
health,research/2026-09-11-yttop/evidence/assets/4624c099c2f123c4.png,https://cdn.imweb.me/thumbnail/20250428/e1b40a25cf3ec.png,800,500,research/2026-09-11-yttop/evidence/ocr/4624c099c2f123c4.png.txt,candidate_not_visually_approved
health,research/2026-09-11-yttop/evidence/assets/fe4e780eccda2101.png,https://cdn.imweb.me/thumbnail/20250530/2322d19b631ed.png,372,255,research/2026-09-11-yttop/evidence/ocr/fe4e780eccda2101.png.txt,candidate_not_visually_approved
health,research/2026-09-11-yttop/evidence/assets/77a5fd55a2ab1482.png,https://cdn.imweb.me/thumbnail/20250530/f559cd348d96b.png,379,255,research/2026-09-11-yttop/evidence/ocr/77a5fd55a2ab1482.png.txt,candidate_not_visually_approved
health,research/2026-09-11-yttop/evidence/assets/8f94ac73b5c26834.png,https://cdn.imweb.me/thumbnail/20250530/f296246b760cf.png,388,255,research/2026-09-11-yttop/evidence/ocr/8f94ac73b5c26834.png.txt,candidate_not_visually_approved
health,research/2026-09-11-yttop/evidence/assets/222a71eac9701920.png,https://cdn.imweb.me/thumbnail/20250530/f938f2af01c58.png,383,255,research/2026-09-11-yttop/evidence/ocr/222a71eac9701920.png.txt,candidate_not_visually_approved
health,research/2026-09-11-yttop/evidence/assets/148d424809edb7cd.png,https://cdn.imweb.me/thumbnail/20250530/13f9070ff19d3.png,343,255,research/2026-09-11-yttop/evidence/ocr/148d424809edb7cd.png.txt,candidate_not_visually_approved
health,research/2026-09-11-yttop/evidence/assets/6702ff32f299bd73.png,https://cdn.imweb.me/thumbnail/20250530/012e8dc09a7cb.png,343,255,research/2026-09-11-yttop/evidence/ocr/6702ff32f299bd73.png.txt,candidate_not_visually_approved
health,research/2026-09-11-yttop/evidence/assets/94b9192daf0f3df8.png,https://cdn.imweb.me/thumbnail/20250530/ab5ff88ea0e37.png,340,255,research/2026-09-11-yttop/evidence/ocr/94b9192daf0f3df8.png.txt,candidate_not_visually_approved
health,research/2026-09-11-yttop/evidence/assets/88d207f989409f66.png,https://cdn.imweb.me/thumbnail/20250530/04baea8e97a2d.png,352,255,research/2026-09-11-yttop/evidence/ocr/88d207f989409f66.png.txt,candidate_not_visually_approved
health,research/2026-09-11-yttop/evidence/assets/275ee761578c62fd.png,https://cdn.imweb.me/thumbnail/20250530/8c6befff00d5a.png,357,255,research/2026-09-11-yttop/evidence/ocr/275ee761578c62fd.png.txt,candidate_not_visually_approved
health,research/2026-09-11-yttop/evidence/assets/63a742688bf26c44.png,https://cdn.imweb.me/thumbnail/20250530/b03508f98d52e.png,253,170,research/2026-09-11-yttop/evidence/ocr/63a742688bf26c44.png.txt,candidate_not_visually_approved
health,research/2026-09-11-yttop/evidence/assets/507214f29f8e32aa.png,https://cdn.imweb.me/thumbnail/20250530/686776aa7c7ab.png,316,170,research/2026-09-11-yttop/evidence/ocr/507214f29f8e32aa.png.txt,candidate_not_visually_approved
health,research/2026-09-11-yttop/evidence/assets/eda6b2325e8c888b.png,https://cdn.imweb.me/thumbnail/20250530/a39ed48bbec80.png,569,390,research/2026-09-11-yttop/evidence/ocr/eda6b2325e8c888b.png.txt,candidate_not_visually_approved
health,research/2026-09-11-yttop/evidence/assets/29480737713df9bd.png,https://cdn.imweb.me/thumbnail/20250530/fbefb70c8bed0.png,292,170,research/2026-09-11-yttop/evidence/ocr/29480737713df9bd.png.txt,candidate_not_visually_approved
health,research/2026-09-11-yttop/evidence/assets/85b337d698e401ca.png,https://cdn.imweb.me/thumbnail/20250526/7ea7ecc24e92c.png,600,366,research/2026-09-11-yttop/evidence/ocr/85b337d698e401ca.png.txt,candidate_not_visually_approved
health,research/2026-09-11-yttop/evidence/assets/761c8f5cb3aeb08a.png,https://cdn.imweb.me/thumbnail/20250526/ea1aaf62619fe.png,600,366,research/2026-09-11-yttop/evidence/ocr/761c8f5cb3aeb08a.png.txt,candidate_not_visually_approved
health,research/2026-09-11-yttop/evidence/assets/1d2184e0cd73dd46.png,https://cdn.imweb.me/thumbnail/20250530/055ec38893202.png,849,126,research/2026-09-11-yttop/evidence/ocr/1d2184e0cd73dd46.png.txt,candidate_not_visually_approved
health,research/2026-09-11-yttop/evidence/assets/f68a68254dc18fd4.png,https://cdn.imweb.me/thumbnail/20250530/6dc2db31be78a.png,849,126,research/2026-09-11-yttop/evidence/ocr/f68a68254dc18fd4.png.txt,candidate_not_visually_approved
health,research/2026-09-11-yttop/evidence/assets/34505dc8820d101b.png,https://cdn.imweb.me/thumbnail/20250530/f02c5034cfe6e.png,849,126,research/2026-09-11-yttop/evidence/ocr/34505dc8820d101b.png.txt,candidate_not_visually_approved
cases,research/2026-09-11-yttop/evidence/assets/27f5b8915dcaa2af.png,https://cdn.imweb.me/thumbnail/20250725/6039576a713dd.png,691,751,research/2026-09-11-yttop/evidence/ocr/27f5b8915dcaa2af.png.txt,candidate_not_visually_approved
cases,research/2026-09-11-yttop/evidence/assets/589fa5799cadb78b.png,https://cdn.imweb.me/thumbnail/20250613/f8a69eaabfe64.png,661,615,research/2026-09-11-yttop/evidence/ocr/589fa5799cadb78b.png.txt,candidate_not_visually_approved
cases,research/2026-09-11-yttop/evidence/assets/509c6b62ad28af6b.png,https://cdn.imweb.me/thumbnail/20250613/c1a5c016695c9.png,705,615,research/2026-09-11-yttop/evidence/ocr/509c6b62ad28af6b.png.txt,candidate_not_visually_approved
cases,research/2026-09-11-yttop/evidence/assets/212b6d872a9bdf2e.png,https://cdn.imweb.me/thumbnail/20250530/0d8313fbbb73c.png,1920,500,research/2026-09-11-yttop/evidence/ocr/212b6d872a9bdf2e.png.txt,candidate_not_visually_approved
cases,research/2026-09-11-yttop/evidence/assets/24f843c3c3275cc6.png,https://cdn.imweb.me/thumbnail/20250530/e8e68f0bf3d23.png,1920,500,research/2026-09-11-yttop/evidence/ocr/24f843c3c3275cc6.png.txt,candidate_not_visually_approved
cases,research/2026-09-11-yttop/evidence/assets/de8031c34528d485.png,https://cdn.imweb.me/thumbnail/20250613/bdbefde33e1e8.png,761,521,research/2026-09-11-yttop/evidence/ocr/de8031c34528d485.png.txt,candidate_not_visually_approved
cases,research/2026-09-11-yttop/evidence/assets/532e2a67541cd9b9.png,https://cdn.imweb.me/thumbnail/20250613/24ac1a41f9199.png,768,499,research/2026-09-11-yttop/evidence/ocr/532e2a67541cd9b9.png.txt,candidate_not_visually_approved
cases,research/2026-09-11-yttop/evidence/assets/fa93bd6250a67ae1.png,https://cdn.imweb.me/thumbnail/20250613/dc5f27bfcd872.png,694,627,research/2026-09-11-yttop/evidence/ocr/fa93bd6250a67ae1.png.txt,candidate_not_visually_approved
cases,research/2026-09-11-yttop/evidence/assets/8f6e26910aa32713.png,https://cdn.imweb.me/thumbnail/20250613/35a3463a43694.png,559,615,research/2026-09-11-yttop/evidence/ocr/8f6e26910aa32713.png.txt,candidate_not_visually_approved
cases,research/2026-09-11-yttop/evidence/assets/af0a4ebc8037466a.png,https://cdn.imweb.me/thumbnail/20250612/af734d5342314.png,761,611,research/2026-09-11-yttop/evidence/ocr/af0a4ebc8037466a.png.txt,candidate_not_visually_approved
cases,research/2026-09-11-yttop/evidence/assets/81d4ff8cdeca1cca.png,https://cdn.imweb.me/thumbnail/20250612/2082f65ed7cc4.png,761,532,research/2026-09-11-yttop/evidence/ocr/81d4ff8cdeca1cca.png.txt,candidate_not_visually_approved
cases,research/2026-09-11-yttop/evidence/assets/94e58259d43d1986.png,https://cdn.imweb.me/thumbnail/20250611/38aa4c2ef3609.png,565,615,research/2026-09-11-yttop/evidence/ocr/94e58259d43d1986.png.txt,candidate_not_visually_approved
cases,research/2026-09-11-yttop/evidence/assets/3f55c0d525c15988.png,https://cdn.imweb.me/thumbnail/20250611/69f037b79dc97.png,1000,397,research/2026-09-11-yttop/evidence/ocr/3f55c0d525c15988.png.txt,candidate_not_visually_approved
cases,research/2026-09-11-yttop/evidence/assets/37591871243a2027.png,https://cdn.imweb.me/thumbnail/20250611/0f0e181a30930.png,761,544,research/2026-09-11-yttop/evidence/ocr/37591871243a2027.png.txt,candidate_not_visually_approved
cases,research/2026-09-11-yttop/evidence/assets/81338dfdb7e91289.png,https://cdn.imweb.me/thumbnail/20250610/b6ddcfb25387a.png,705,615,research/2026-09-11-yttop/evidence/ocr/81338dfdb7e91289.png.txt,candidate_not_visually_approved
cases,research/2026-09-11-yttop/evidence/assets/ad1d8c2b18855695.png,https://cdn.imweb.me/thumbnail/20250610/2d10b393e93a2.png,605,615,research/2026-09-11-yttop/evidence/ocr/ad1d8c2b18855695.png.txt,candidate_not_visually_approved
cases,research/2026-09-11-yttop/evidence/assets/e45130ba62eae8f8.png,https://cdn.imweb.me/thumbnail/20250610/1f38eb939d517.png,761,499,research/2026-09-11-yttop/evidence/ocr/e45130ba62eae8f8.png.txt,candidate_not_visually_approved
cases,research/2026-09-11-yttop/evidence/assets/ce53f41e188a68dd.png,https://cdn.imweb.me/thumbnail/20250609/19f6798ab63de.png,677,615,research/2026-09-11-yttop/evidence/ocr/ce53f41e188a68dd.png.txt,candidate_not_visually_approved
cases,research/2026-09-11-yttop/evidence/assets/296d269043da0a56.png,https://cdn.imweb.me/thumbnail/20250609/2501eff306dce.png,623,615,research/2026-09-11-yttop/evidence/ocr/296d269043da0a56.png.txt,candidate_not_visually_approved
cases,research/2026-09-11-yttop/evidence/assets/28918b61b613d137.png,https://cdn.imweb.me/thumbnail/20250609/c088ae633a461.png,691,615,research/2026-09-11-yttop/evidence/ocr/28918b61b613d137.png.txt,candidate_not_visually_approved
cases,research/2026-09-11-yttop/evidence/assets/105d8ae204559430.png,https://cdn.imweb.me/thumbnail/20250609/7c58ebace80d9.png,761,495,research/2026-09-11-yttop/evidence/ocr/105d8ae204559430.png.txt,candidate_not_visually_approved
cases,research/2026-09-11-yttop/evidence/assets/4095fd699bc82026.png,https://cdn.imweb.me/thumbnail/20250530/0672442fb3fc5.png,381,255,research/2026-09-11-yttop/evidence/ocr/4095fd699bc82026.png.txt,candidate_not_visually_approved
cases,research/2026-09-11-yttop/evidence/assets/da94573e36336093.png,https://cdn.imweb.me/thumbnail/20250530/3b8e04d0e0578.png,393,255,research/2026-09-11-yttop/evidence/ocr/da94573e36336093.png.txt,candidate_not_visually_approved
cases,research/2026-09-11-yttop/evidence/assets/d5a80194c4cffeb2.png,https://cdn.imweb.me/thumbnail/20250530/6ea57406cf0c4.png,343,255,research/2026-09-11-yttop/evidence/ocr/d5a80194c4cffeb2.png.txt,candidate_not_visually_approved
cases,research/2026-09-11-yttop/evidence/assets/dff75d41957a5b09.png,https://cdn.imweb.me/thumbnail/20250605/1e044525b2e38.png,761,570,research/2026-09-11-yttop/evidence/ocr/dff75d41957a5b09.png.txt,candidate_not_visually_approved
cases,research/2026-09-11-yttop/evidence/assets/eea9a3b7e5ad1bc2.png,https://cdn.imweb.me/thumbnail/20250530/6b2d60ee48405.png,298,255,research/2026-09-11-yttop/evidence/ocr/eea9a3b7e5ad1bc2.png.txt,candidate_not_visually_approved
cases,research/2026-09-11-yttop/evidence/assets/97c9b3b8fc8de93d.png,https://cdn.imweb.me/thumbnail/20250530/365eef694d391.png,392,255,research/2026-09-11-yttop/evidence/ocr/97c9b3b8fc8de93d.png.txt,candidate_not_visually_approved
privacy,research/2026-09-11-yttop/evidence/assets/3940fdda35ddaccb.jpg,https://cdn.imweb.me/upload/S202304199e04167fc8c5a/7767393bab5dd.jpg,1080,1080,research/2026-09-11-yttop/evidence/ocr/3940fdda35ddaccb.jpg.txt,candidate_not_visually_approved
privacy,research/2026-09-11-yttop/evidence/assets/f728d93fe9a7ac8b.jpg,https://cdn.imweb.me/upload/S202304199e04167fc8c5a/d2f35d7923d30.jpg,2160,1483,research/2026-09-11-yttop/evidence/ocr/f728d93fe9a7ac8b.jpg.txt,candidate_not_visually_approved
privacy,research/2026-09-11-yttop/evidence/assets/4b07624a614ff2dd.jpg,https://cdn.imweb.me/upload/S202304199e04167fc8c5a/084170a0e76ee.jpg,900,900,research/2026-09-11-yttop/evidence/ocr/4b07624a614ff2dd.jpg.txt,candidate_not_visually_approved
privacy,research/2026-09-11-yttop/evidence/assets/c4b7bcad82bb2f51.jpg,https://cdn.imweb.me/upload/S202304199e04167fc8c5a/0cb519f9a9f55.jpg,900,900,research/2026-09-11-yttop/evidence/ocr/c4b7bcad82bb2f51.jpg.txt,candidate_not_visually_approved
privacy,research/2026-09-11-yttop/evidence/assets/62d1087812fbaa66.jpg,https://cdn.imweb.me/upload/S202304199e04167fc8c5a/9eb227a31e8b3.jpg,2480,3508,research/2026-09-11-yttop/evidence/ocr/62d1087812fbaa66.jpg.txt,candidate_not_visually_approved
privacy,research/2026-09-11-yttop/evidence/assets/27f5b8915dcaa2af.png,https://cdn.imweb.me/thumbnail/20250725/6039576a713dd.png,691,751,research/2026-09-11-yttop/evidence/ocr/27f5b8915dcaa2af.png.txt,candidate_not_visually_approved
privacy,research/2026-09-11-yttop/evidence/assets/589fa5799cadb78b.png,https://cdn.imweb.me/thumbnail/20250613/f8a69eaabfe64.png,661,615,research/2026-09-11-yttop/evidence/ocr/589fa5799cadb78b.png.txt,candidate_not_visually_approved
privacy,research/2026-09-11-yttop/evidence/assets/509c6b62ad28af6b.png,https://cdn.imweb.me/thumbnail/20250613/c1a5c016695c9.png,705,615,research/2026-09-11-yttop/evidence/ocr/509c6b62ad28af6b.png.txt,candidate_not_visually_approved
privacy,research/2026-09-11-yttop/evidence/assets/de8031c34528d485.png,https://cdn.imweb.me/thumbnail/20250613/bdbefde33e1e8.png,761,521,research/2026-09-11-yttop/evidence/ocr/de8031c34528d485.png.txt,candidate_not_visually_approved
privacy,research/2026-09-11-yttop/evidence/assets/532e2a67541cd9b9.png,https://cdn.imweb.me/thumbnail/20250613/24ac1a41f9199.png,768,499,research/2026-09-11-yttop/evidence/ocr/532e2a67541cd9b9.png.txt,candidate_not_visually_approved
privacy,research/2026-09-11-yttop/evidence/assets/fa93bd6250a67ae1.png,https://cdn.imweb.me/thumbnail/20250613/dc5f27bfcd872.png,694,627,research/2026-09-11-yttop/evidence/ocr/fa93bd6250a67ae1.png.txt,candidate_not_visually_approved
privacy,research/2026-09-11-yttop/evidence/assets/8f6e26910aa32713.png,https://cdn.imweb.me/thumbnail/20250613/35a3463a43694.png,559,615,research/2026-09-11-yttop/evidence/ocr/8f6e26910aa32713.png.txt,candidate_not_visually_approved
privacy,research/2026-09-11-yttop/evidence/assets/af0a4ebc8037466a.png,https://cdn.imweb.me/thumbnail/20250612/af734d5342314.png,761,611,research/2026-09-11-yttop/evidence/ocr/af0a4ebc8037466a.png.txt,candidate_not_visually_approved
privacy,research/2026-09-11-yttop/evidence/assets/81d4ff8cdeca1cca.png,https://cdn.imweb.me/thumbnail/20250612/2082f65ed7cc4.png,761,532,research/2026-09-11-yttop/evidence/ocr/81d4ff8cdeca1cca.png.txt,candidate_not_visually_approved
privacy,research/2026-09-11-yttop/evidence/assets/94e58259d43d1986.png,https://cdn.imweb.me/thumbnail/20250611/38aa4c2ef3609.png,565,615,research/2026-09-11-yttop/evidence/ocr/94e58259d43d1986.png.txt,candidate_not_visually_approved
privacy,research/2026-09-11-yttop/evidence/assets/3f55c0d525c15988.png,https://cdn.imweb.me/thumbnail/20250611/69f037b79dc97.png,1000,397,research/2026-09-11-yttop/evidence/ocr/3f55c0d525c15988.png.txt,candidate_not_visually_approved
privacy,research/2026-09-11-yttop/evidence/assets/37591871243a2027.png,https://cdn.imweb.me/thumbnail/20250611/0f0e181a30930.png,761,544,research/2026-09-11-yttop/evidence/ocr/37591871243a2027.png.txt,candidate_not_visually_approved
privacy,research/2026-09-11-yttop/evidence/assets/81338dfdb7e91289.png,https://cdn.imweb.me/thumbnail/20250610/b6ddcfb25387a.png,705,615,research/2026-09-11-yttop/evidence/ocr/81338dfdb7e91289.png.txt,candidate_not_visually_approved
privacy,research/2026-09-11-yttop/evidence/assets/ad1d8c2b18855695.png,https://cdn.imweb.me/thumbnail/20250610/2d10b393e93a2.png,605,615,research/2026-09-11-yttop/evidence/ocr/ad1d8c2b18855695.png.txt,candidate_not_visually_approved
privacy,research/2026-09-11-yttop/evidence/assets/e45130ba62eae8f8.png,https://cdn.imweb.me/thumbnail/20250610/1f38eb939d517.png,761,499,research/2026-09-11-yttop/evidence/ocr/e45130ba62eae8f8.png.txt,candidate_not_visually_approved
privacy,research/2026-09-11-yttop/evidence/assets/ce53f41e188a68dd.png,https://cdn.imweb.me/thumbnail/20250609/19f6798ab63de.png,677,615,research/2026-09-11-yttop/evidence/ocr/ce53f41e188a68dd.png.txt,candidate_not_visually_approved
privacy,research/2026-09-11-yttop/evidence/assets/296d269043da0a56.png,https://cdn.imweb.me/thumbnail/20250609/2501eff306dce.png,623,615,research/2026-09-11-yttop/evidence/ocr/296d269043da0a56.png.txt,candidate_not_visually_approved
privacy,research/2026-09-11-yttop/evidence/assets/28918b61b613d137.png,https://cdn.imweb.me/thumbnail/20250609/c088ae633a461.png,691,615,research/2026-09-11-yttop/evidence/ocr/28918b61b613d137.png.txt,candidate_not_visually_approved
privacy,research/2026-09-11-yttop/evidence/assets/105d8ae204559430.png,https://cdn.imweb.me/thumbnail/20250609/7c58ebace80d9.png,761,495,research/2026-09-11-yttop/evidence/ocr/105d8ae204559430.png.txt,candidate_not_visually_approved
privacy,research/2026-09-11-yttop/evidence/assets/4095fd699bc82026.png,https://cdn.imweb.me/thumbnail/20250530/0672442fb3fc5.png,381,255,research/2026-09-11-yttop/evidence/ocr/4095fd699bc82026.png.txt,candidate_not_visually_approved
privacy,research/2026-09-11-yttop/evidence/assets/da94573e36336093.png,https://cdn.imweb.me/thumbnail/20250530/3b8e04d0e0578.png,393,255,research/2026-09-11-yttop/evidence/ocr/da94573e36336093.png.txt,candidate_not_visually_approved
privacy,research/2026-09-11-yttop/evidence/assets/d5a80194c4cffeb2.png,https://cdn.imweb.me/thumbnail/20250530/6ea57406cf0c4.png,343,255,research/2026-09-11-yttop/evidence/ocr/d5a80194c4cffeb2.png.txt,candidate_not_visually_approved
privacy,research/2026-09-11-yttop/evidence/assets/dff75d41957a5b09.png,https://cdn.imweb.me/thumbnail/20250605/1e044525b2e38.png,761,570,research/2026-09-11-yttop/evidence/ocr/dff75d41957a5b09.png.txt,candidate_not_visually_approved
privacy,research/2026-09-11-yttop/evidence/assets/eea9a3b7e5ad1bc2.png,https://cdn.imweb.me/thumbnail/20250530/6b2d60ee48405.png,298,255,research/2026-09-11-yttop/evidence/ocr/eea9a3b7e5ad1bc2.png.txt,candidate_not_visually_approved
privacy,research/2026-09-11-yttop/evidence/assets/97c9b3b8fc8de93d.png,https://cdn.imweb.me/thumbnail/20250530/365eef694d391.png,392,255,research/2026-09-11-yttop/evidence/ocr/97c9b3b8fc8de93d.png.txt,candidate_not_visually_approved
content-policy,research/2026-09-11-yttop/evidence/assets/988305921ed3aadb.png,https://cdn.imweb.me/thumbnail/20250527/c50af20f75b98.png,1920,500,research/2026-09-11-yttop/evidence/ocr/988305921ed3aadb.png.txt,candidate_not_visually_approved
content-policy,research/2026-09-11-yttop/evidence/assets/e81e2ee6b0f06e71.png,https://cdn.imweb.me/thumbnail/20250527/ccd37c1d8232f.png,1920,500,research/2026-09-11-yttop/evidence/ocr/e81e2ee6b0f06e71.png.txt,candidate_not_visually_approved
content-policy,research/2026-09-11-yttop/evidence/assets/27a64c774e590f55.jpg,https://cdn.imweb.me/thumbnail/20250926/96089e7258f57.jpg,800,550,research/2026-09-11-yttop/evidence/ocr/27a64c774e590f55.jpg.txt,candidate_not_visually_approved
content-policy,research/2026-09-11-yttop/evidence/assets/5b77d7aba0ad30de.jpg,https://cdn.imweb.me/thumbnail/20260623/25719453f2a5f.jpg,800,550,research/2026-09-11-yttop/evidence/ocr/5b77d7aba0ad30de.jpg.txt,candidate_not_visually_approved
content-policy,research/2026-09-11-yttop/evidence/assets/2d2fd518e1de33ef.jpg,https://cdn.imweb.me/thumbnail/20250926/3f5fe415970bc.jpg,800,830,research/2026-09-11-yttop/evidence/ocr/2d2fd518e1de33ef.jpg.txt,candidate_not_visually_approved
content-policy,research/2026-09-11-yttop/evidence/assets/4685799c0b97d94f.png,https://cdn.imweb.me/upload/S202304199e04167fc8c5a/cdea3929d9ade.png,100,30,research/2026-09-11-yttop/evidence/ocr/4685799c0b97d94f.png.txt,candidate_not_visually_approved
content-policy,research/2026-09-11-yttop/evidence/assets/42d82d647291539a.jpg,https://cdn.imweb.me/thumbnail/20260623/c679680d9181c.jpg,800,830,research/2026-09-11-yttop/evidence/ocr/42d82d647291539a.jpg.txt,candidate_not_visually_approved
search,research/2026-09-11-yttop/evidence/assets/3940fdda35ddaccb.jpg,https://cdn.imweb.me/upload/S202304199e04167fc8c5a/7767393bab5dd.jpg,1080,1080,research/2026-09-11-yttop/evidence/ocr/3940fdda35ddaccb.jpg.txt,candidate_not_visually_approved
search,research/2026-09-11-yttop/evidence/assets/f728d93fe9a7ac8b.jpg,https://cdn.imweb.me/upload/S202304199e04167fc8c5a/d2f35d7923d30.jpg,2160,1483,research/2026-09-11-yttop/evidence/ocr/f728d93fe9a7ac8b.jpg.txt,candidate_not_visually_approved
search,research/2026-09-11-yttop/evidence/assets/4b07624a614ff2dd.jpg,https://cdn.imweb.me/upload/S202304199e04167fc8c5a/084170a0e76ee.jpg,900,900,research/2026-09-11-yttop/evidence/ocr/4b07624a614ff2dd.jpg.txt,candidate_not_visually_approved
search,research/2026-09-11-yttop/evidence/assets/c4b7bcad82bb2f51.jpg,https://cdn.imweb.me/upload/S202304199e04167fc8c5a/0cb519f9a9f55.jpg,900,900,research/2026-09-11-yttop/evidence/ocr/c4b7bcad82bb2f51.jpg.txt,candidate_not_visually_approved
search,research/2026-09-11-yttop/evidence/assets/62d1087812fbaa66.jpg,https://cdn.imweb.me/upload/S202304199e04167fc8c5a/9eb227a31e8b3.jpg,2480,3508,research/2026-09-11-yttop/evidence/ocr/62d1087812fbaa66.jpg.txt,candidate_not_visually_approved
search,research/2026-09-11-yttop/evidence/assets/27f5b8915dcaa2af.png,https://cdn.imweb.me/thumbnail/20250725/6039576a713dd.png,691,751,research/2026-09-11-yttop/evidence/ocr/27f5b8915dcaa2af.png.txt,candidate_not_visually_approved
search,research/2026-09-11-yttop/evidence/assets/589fa5799cadb78b.png,https://cdn.imweb.me/thumbnail/20250613/f8a69eaabfe64.png,661,615,research/2026-09-11-yttop/evidence/ocr/589fa5799cadb78b.png.txt,candidate_not_visually_approved
search,research/2026-09-11-yttop/evidence/assets/509c6b62ad28af6b.png,https://cdn.imweb.me/thumbnail/20250613/c1a5c016695c9.png,705,615,research/2026-09-11-yttop/evidence/ocr/509c6b62ad28af6b.png.txt,candidate_not_visually_approved
search,research/2026-09-11-yttop/evidence/assets/de8031c34528d485.png,https://cdn.imweb.me/thumbnail/20250613/bdbefde33e1e8.png,761,521,research/2026-09-11-yttop/evidence/ocr/de8031c34528d485.png.txt,candidate_not_visually_approved
search,research/2026-09-11-yttop/evidence/assets/532e2a67541cd9b9.png,https://cdn.imweb.me/thumbnail/20250613/24ac1a41f9199.png,768,499,research/2026-09-11-yttop/evidence/ocr/532e2a67541cd9b9.png.txt,candidate_not_visually_approved
search,research/2026-09-11-yttop/evidence/assets/fa93bd6250a67ae1.png,https://cdn.imweb.me/thumbnail/20250613/dc5f27bfcd872.png,694,627,research/2026-09-11-yttop/evidence/ocr/fa93bd6250a67ae1.png.txt,candidate_not_visually_approved
search,research/2026-09-11-yttop/evidence/assets/8f6e26910aa32713.png,https://cdn.imweb.me/thumbnail/20250613/35a3463a43694.png,559,615,research/2026-09-11-yttop/evidence/ocr/8f6e26910aa32713.png.txt,candidate_not_visually_approved
search,research/2026-09-11-yttop/evidence/assets/af0a4ebc8037466a.png,https://cdn.imweb.me/thumbnail/20250612/af734d5342314.png,761,611,research/2026-09-11-yttop/evidence/ocr/af0a4ebc8037466a.png.txt,candidate_not_visually_approved
search,research/2026-09-11-yttop/evidence/assets/81d4ff8cdeca1cca.png,https://cdn.imweb.me/thumbnail/20250612/2082f65ed7cc4.png,761,532,research/2026-09-11-yttop/evidence/ocr/81d4ff8cdeca1cca.png.txt,candidate_not_visually_approved
search,research/2026-09-11-yttop/evidence/assets/94e58259d43d1986.png,https://cdn.imweb.me/thumbnail/20250611/38aa4c2ef3609.png,565,615,research/2026-09-11-yttop/evidence/ocr/94e58259d43d1986.png.txt,candidate_not_visually_approved
search,research/2026-09-11-yttop/evidence/assets/3f55c0d525c15988.png,https://cdn.imweb.me/thumbnail/20250611/69f037b79dc97.png,1000,397,research/2026-09-11-yttop/evidence/ocr/3f55c0d525c15988.png.txt,candidate_not_visually_approved
search,research/2026-09-11-yttop/evidence/assets/37591871243a2027.png,https://cdn.imweb.me/thumbnail/20250611/0f0e181a30930.png,761,544,research/2026-09-11-yttop/evidence/ocr/37591871243a2027.png.txt,candidate_not_visually_approved
search,research/2026-09-11-yttop/evidence/assets/81338dfdb7e91289.png,https://cdn.imweb.me/thumbnail/20250610/b6ddcfb25387a.png,705,615,research/2026-09-11-yttop/evidence/ocr/81338dfdb7e91289.png.txt,candidate_not_visually_approved
search,research/2026-09-11-yttop/evidence/assets/ad1d8c2b18855695.png,https://cdn.imweb.me/thumbnail/20250610/2d10b393e93a2.png,605,615,research/2026-09-11-yttop/evidence/ocr/ad1d8c2b18855695.png.txt,candidate_not_visually_approved
search,research/2026-09-11-yttop/evidence/assets/e45130ba62eae8f8.png,https://cdn.imweb.me/thumbnail/20250610/1f38eb939d517.png,761,499,research/2026-09-11-yttop/evidence/ocr/e45130ba62eae8f8.png.txt,candidate_not_visually_approved
search,research/2026-09-11-yttop/evidence/assets/ce53f41e188a68dd.png,https://cdn.imweb.me/thumbnail/20250609/19f6798ab63de.png,677,615,research/2026-09-11-yttop/evidence/ocr/ce53f41e188a68dd.png.txt,candidate_not_visually_approved
search,research/2026-09-11-yttop/evidence/assets/296d269043da0a56.png,https://cdn.imweb.me/thumbnail/20250609/2501eff306dce.png,623,615,research/2026-09-11-yttop/evidence/ocr/296d269043da0a56.png.txt,candidate_not_visually_approved
search,research/2026-09-11-yttop/evidence/assets/28918b61b613d137.png,https://cdn.imweb.me/thumbnail/20250609/c088ae633a461.png,691,615,research/2026-09-11-yttop/evidence/ocr/28918b61b613d137.png.txt,candidate_not_visually_approved
search,research/2026-09-11-yttop/evidence/assets/105d8ae204559430.png,https://cdn.imweb.me/thumbnail/20250609/7c58ebace80d9.png,761,495,research/2026-09-11-yttop/evidence/ocr/105d8ae204559430.png.txt,candidate_not_visually_approved
search,research/2026-09-11-yttop/evidence/assets/4095fd699bc82026.png,https://cdn.imweb.me/thumbnail/20250530/0672442fb3fc5.png,381,255,research/2026-09-11-yttop/evidence/ocr/4095fd699bc82026.png.txt,candidate_not_visually_approved
search,research/2026-09-11-yttop/evidence/assets/da94573e36336093.png,https://cdn.imweb.me/thumbnail/20250530/3b8e04d0e0578.png,393,255,research/2026-09-11-yttop/evidence/ocr/da94573e36336093.png.txt,candidate_not_visually_approved
search,research/2026-09-11-yttop/evidence/assets/d5a80194c4cffeb2.png,https://cdn.imweb.me/thumbnail/20250530/6ea57406cf0c4.png,343,255,research/2026-09-11-yttop/evidence/ocr/d5a80194c4cffeb2.png.txt,candidate_not_visually_approved
search,research/2026-09-11-yttop/evidence/assets/dff75d41957a5b09.png,https://cdn.imweb.me/thumbnail/20250605/1e044525b2e38.png,761,570,research/2026-09-11-yttop/evidence/ocr/dff75d41957a5b09.png.txt,candidate_not_visually_approved
search,research/2026-09-11-yttop/evidence/assets/eea9a3b7e5ad1bc2.png,https://cdn.imweb.me/thumbnail/20250530/6b2d60ee48405.png,298,255,research/2026-09-11-yttop/evidence/ocr/eea9a3b7e5ad1bc2.png.txt,candidate_not_visually_approved
search,research/2026-09-11-yttop/evidence/assets/97c9b3b8fc8de93d.png,https://cdn.imweb.me/thumbnail/20250530/365eef694d391.png,392,255,research/2026-09-11-yttop/evidence/ocr/97c9b3b8fc8de93d.png.txt,candidate_not_visually_approved
doctor-park-jongseol,research/2026-09-11-yttop/evidence/assets/988305921ed3aadb.png,https://cdn.imweb.me/thumbnail/20250527/c50af20f75b98.png,1920,500,research/2026-09-11-yttop/evidence/ocr/988305921ed3aadb.png.txt,candidate_not_visually_approved
doctor-park-jongseol,research/2026-09-11-yttop/evidence/assets/e81e2ee6b0f06e71.png,https://cdn.imweb.me/thumbnail/20250527/ccd37c1d8232f.png,1920,500,research/2026-09-11-yttop/evidence/ocr/e81e2ee6b0f06e71.png.txt,candidate_not_visually_approved
doctor-park-jongseol,research/2026-09-11-yttop/evidence/assets/27a64c774e590f55.jpg,https://cdn.imweb.me/thumbnail/20250926/96089e7258f57.jpg,800,550,research/2026-09-11-yttop/evidence/ocr/27a64c774e590f55.jpg.txt,candidate_not_visually_approved
doctor-park-jongseol,research/2026-09-11-yttop/evidence/assets/5b77d7aba0ad30de.jpg,https://cdn.imweb.me/thumbnail/20260623/25719453f2a5f.jpg,800,550,research/2026-09-11-yttop/evidence/ocr/5b77d7aba0ad30de.jpg.txt,candidate_not_visually_approved
doctor-park-jongseol,research/2026-09-11-yttop/evidence/assets/2d2fd518e1de33ef.jpg,https://cdn.imweb.me/thumbnail/20250926/3f5fe415970bc.jpg,800,830,research/2026-09-11-yttop/evidence/ocr/2d2fd518e1de33ef.jpg.txt,candidate_not_visually_approved
doctor-park-jongseol,research/2026-09-11-yttop/evidence/assets/4685799c0b97d94f.png,https://cdn.imweb.me/upload/S202304199e04167fc8c5a/cdea3929d9ade.png,100,30,research/2026-09-11-yttop/evidence/ocr/4685799c0b97d94f.png.txt,candidate_not_visually_approved
doctor-park-jongseol,research/2026-09-11-yttop/evidence/assets/42d82d647291539a.jpg,https://cdn.imweb.me/thumbnail/20260623/c679680d9181c.jpg,800,830,research/2026-09-11-yttop/evidence/ocr/42d82d647291539a.jpg.txt,candidate_not_visually_approved
doctor-park-rayoung,research/2026-09-11-yttop/evidence/assets/988305921ed3aadb.png,https://cdn.imweb.me/thumbnail/20250527/c50af20f75b98.png,1920,500,research/2026-09-11-yttop/evidence/ocr/988305921ed3aadb.png.txt,candidate_not_visually_approved
doctor-park-rayoung,research/2026-09-11-yttop/evidence/assets/e81e2ee6b0f06e71.png,https://cdn.imweb.me/thumbnail/20250527/ccd37c1d8232f.png,1920,500,research/2026-09-11-yttop/evidence/ocr/e81e2ee6b0f06e71.png.txt,candidate_not_visually_approved
doctor-park-rayoung,research/2026-09-11-yttop/evidence/assets/27a64c774e590f55.jpg,https://cdn.imweb.me/thumbnail/20250926/96089e7258f57.jpg,800,550,research/2026-09-11-yttop/evidence/ocr/27a64c774e590f55.jpg.txt,candidate_not_visually_approved
doctor-park-rayoung,research/2026-09-11-yttop/evidence/assets/5b77d7aba0ad30de.jpg,https://cdn.imweb.me/thumbnail/20260623/25719453f2a5f.jpg,800,550,research/2026-09-11-yttop/evidence/ocr/5b77d7aba0ad30de.jpg.txt,candidate_not_visually_approved
doctor-park-rayoung,research/2026-09-11-yttop/evidence/assets/2d2fd518e1de33ef.jpg,https://cdn.imweb.me/thumbnail/20250926/3f5fe415970bc.jpg,800,830,research/2026-09-11-yttop/evidence/ocr/2d2fd518e1de33ef.jpg.txt,candidate_not_visually_approved
doctor-park-rayoung,research/2026-09-11-yttop/evidence/assets/4685799c0b97d94f.png,https://cdn.imweb.me/upload/S202304199e04167fc8c5a/cdea3929d9ade.png,100,30,research/2026-09-11-yttop/evidence/ocr/4685799c0b97d94f.png.txt,candidate_not_visually_approved
doctor-park-rayoung,research/2026-09-11-yttop/evidence/assets/42d82d647291539a.jpg,https://cdn.imweb.me/thumbnail/20260623/c679680d9181c.jpg,800,830,research/2026-09-11-yttop/evidence/ocr/42d82d647291539a.jpg.txt,candidate_not_visually_approved
gastroscopy,research/2026-09-11-yttop/evidence/assets/848e4b5ed43d2f95.png,https://cdn.imweb.me/thumbnail/20250523/4f4b3e1a40863.png,600,366,research/2026-09-11-yttop/evidence/ocr/848e4b5ed43d2f95.png.txt,candidate_not_visually_approved
gastroscopy,research/2026-09-11-yttop/evidence/assets/fb4fab92bac241ed.png,https://cdn.imweb.me/upload/S202304199e04167fc8c5a/de1e65c4c99d9.png,1538,1538,research/2026-09-11-yttop/evidence/ocr/fb4fab92bac241ed.png.txt,candidate_not_visually_approved
gastroscopy,research/2026-09-11-yttop/evidence/assets/bb70394f860f60c5.png,https://cdn.imweb.me/thumbnail/20250522/8452672be866f.png,500,420,research/2026-09-11-yttop/evidence/ocr/bb70394f860f60c5.png.txt,candidate_not_visually_approved
gastroscopy,research/2026-09-11-yttop/evidence/assets/f21548365a7d3641.png,https://cdn.imweb.me/thumbnail/20250522/db83bc485d6f1.png,500,420,research/2026-09-11-yttop/evidence/ocr/f21548365a7d3641.png.txt,candidate_not_visually_approved
gastroscopy,research/2026-09-11-yttop/evidence/assets/a3d3476ee3b65f8e.png,https://cdn.imweb.me/thumbnail/20250522/7f0d2847f9946.png,500,420,research/2026-09-11-yttop/evidence/ocr/a3d3476ee3b65f8e.png.txt,candidate_not_visually_approved
gastroscopy,research/2026-09-11-yttop/evidence/assets/ec256939ac2c0bc9.png,https://cdn.imweb.me/thumbnail/20250522/49a559190e1b9.png,500,420,research/2026-09-11-yttop/evidence/ocr/ec256939ac2c0bc9.png.txt,candidate_not_visually_approved
gastroscopy,research/2026-09-11-yttop/evidence/assets/f721eb1598abb327.png,https://cdn.imweb.me/thumbnail/20250523/a43a0a12c8424.png,600,366,research/2026-09-11-yttop/evidence/ocr/f721eb1598abb327.png.txt,candidate_not_visually_approved
gastroscopy,research/2026-09-11-yttop/evidence/assets/6c41e5cc5a028c5e.png,https://cdn.imweb.me/upload/S202304199e04167fc8c5a/c0401d7db3415.png,1538,1538,research/2026-09-11-yttop/evidence/ocr/6c41e5cc5a028c5e.png.txt,candidate_not_visually_approved
gastroscopy,research/2026-09-11-yttop/evidence/assets/41e5f7cfb866b62c.png,https://cdn.imweb.me/upload/S202304199e04167fc8c5a/57ece77e92efb.png,1538,1538,research/2026-09-11-yttop/evidence/ocr/41e5f7cfb866b62c.png.txt,candidate_not_visually_approved
gastroscopy,research/2026-09-11-yttop/evidence/assets/d6281e5fb3ab627a.png,https://cdn.imweb.me/thumbnail/20250522/ab3d3a4ab9f25.png,1400,340,research/2026-09-11-yttop/evidence/ocr/d6281e5fb3ab627a.png.txt,candidate_not_visually_approved
gastroscopy,research/2026-09-11-yttop/evidence/assets/3dc3a8739357b7d4.png,https://cdn.imweb.me/thumbnail/20250523/5471ceefca3b9.png,1920,500,research/2026-09-11-yttop/evidence/ocr/3dc3a8739357b7d4.png.txt,candidate_not_visually_approved
gastroscopy,research/2026-09-11-yttop/evidence/assets/ecf2de6cbca3a34c.png,https://cdn.imweb.me/thumbnail/20250523/88e858b8f4e0b.png,1920,500,research/2026-09-11-yttop/evidence/ocr/ecf2de6cbca3a34c.png.txt,candidate_not_visually_approved
gastroscopy,research/2026-09-11-yttop/evidence/assets/1edecc8eac265bcc.png,https://cdn.imweb.me/thumbnail/20250513/e284ab87408ab.png,1920,384,research/2026-09-11-yttop/evidence/ocr/1edecc8eac265bcc.png.txt,candidate_not_visually_approved
gastroscopy,research/2026-09-11-yttop/evidence/assets/7c07b0cfe310101b.png,https://cdn.imweb.me/thumbnail/20250428/82c81dd405035.png,1920,384,research/2026-09-11-yttop/evidence/ocr/7c07b0cfe310101b.png.txt,candidate_not_visually_approved
gastroscopy,research/2026-09-11-yttop/evidence/assets/a242b3ac69a0d9be.jpg,https://cdn.imweb.me/thumbnail/20250502/9fad61098c44b.jpg,1920,629,research/2026-09-11-yttop/evidence/ocr/a242b3ac69a0d9be.jpg.txt,candidate_not_visually_approved
gastroscopy,research/2026-09-11-yttop/evidence/assets/c573556c0c7bd6d7.png,https://cdn.imweb.me/thumbnail/20250513/a85a0da3abdb9.png,900,1300,research/2026-09-11-yttop/evidence/ocr/c573556c0c7bd6d7.png.txt,candidate_not_visually_approved
gastroscopy,research/2026-09-11-yttop/evidence/assets/a7a1a197cc195db5.png,https://cdn.imweb.me/thumbnail/20250530/5a51addc54d9d.png,179,43,research/2026-09-11-yttop/evidence/ocr/a7a1a197cc195db5.png.txt,candidate_not_visually_approved
gastroscopy,research/2026-09-11-yttop/evidence/assets/202448f2f54bfcac.png,https://cdn.imweb.me/thumbnail/20250522/6a2ea8631a4bf.png,1920,500,research/2026-09-11-yttop/evidence/ocr/202448f2f54bfcac.png.txt,candidate_not_visually_approved
gastroscopy,research/2026-09-11-yttop/evidence/assets/a5fd5f3b5d257282.png,https://cdn.imweb.me/thumbnail/20250522/8fbff2c1044b8.png,1920,500,research/2026-09-11-yttop/evidence/ocr/a5fd5f3b5d257282.png.txt,candidate_not_visually_approved
gastroscopy,research/2026-09-11-yttop/evidence/assets/c27358b623972ae5.png,https://cdn.imweb.me/thumbnail/20250523/035c92ab2d59d.png,600,366,research/2026-09-11-yttop/evidence/ocr/c27358b623972ae5.png.txt,candidate_not_visually_approved
gastroscopy,research/2026-09-11-yttop/evidence/assets/10af869b173766ce.jpg,https://cdn.imweb.me/thumbnail/20250523/a88fed00f070c.jpg,654,748,research/2026-09-11-yttop/evidence/ocr/10af869b173766ce.jpg.txt,candidate_not_visually_approved
gastroscopy,research/2026-09-11-yttop/evidence/assets/62a87bb31e20b9d6.jpg,https://cdn.imweb.me/thumbnail/20250523/c4ad7ac340664.jpg,654,748,research/2026-09-11-yttop/evidence/ocr/62a87bb31e20b9d6.jpg.txt,candidate_not_visually_approved
gastroscopy,research/2026-09-11-yttop/evidence/assets/09f3962d5927dcb9.jpg,https://cdn.imweb.me/thumbnail/20250523/5df33ed410aa6.jpg,654,748,research/2026-09-11-yttop/evidence/ocr/09f3962d5927dcb9.jpg.txt,candidate_not_visually_approved
gastroscopy,research/2026-09-11-yttop/evidence/assets/1e566f97cb408f22.jpg,https://cdn.imweb.me/thumbnail/20250523/0f3a0a1efb3f6.jpg,654,748,research/2026-09-11-yttop/evidence/ocr/1e566f97cb408f22.jpg.txt,candidate_not_visually_approved
gastroscopy,research/2026-09-11-yttop/evidence/assets/c537de65fdce18dc.jpg,https://cdn.imweb.me/thumbnail/20250523/dda836b142325.jpg,654,748,research/2026-09-11-yttop/evidence/ocr/c537de65fdce18dc.jpg.txt,candidate_not_visually_approved
gastroscopy,research/2026-09-11-yttop/evidence/assets/2432f74bd2343e8e.png,https://cdn.imweb.me/thumbnail/20250523/8f7cf857c5bcc.png,600,366,research/2026-09-11-yttop/evidence/ocr/2432f74bd2343e8e.png.txt,candidate_not_visually_approved
gastroscopy,research/2026-09-11-yttop/evidence/assets/0ab2e90848ec6930.jpg,https://cdn.imweb.me/thumbnail/20250523/d19f817e595b4.jpg,654,748,research/2026-09-11-yttop/evidence/ocr/0ab2e90848ec6930.jpg.txt,candidate_not_visually_approved
gastroscopy,research/2026-09-11-yttop/evidence/assets/f8f3d145118ee28a.jpg,https://cdn.imweb.me/thumbnail/20250523/91432b0e5b183.jpg,654,748,research/2026-09-11-yttop/evidence/ocr/f8f3d145118ee28a.jpg.txt,candidate_not_visually_approved
gastroscopy,research/2026-09-11-yttop/evidence/assets/f48f826e84adeaf8.jpg,https://cdn.imweb.me/thumbnail/20250523/2ce0fae03706f.jpg,654,748,research/2026-09-11-yttop/evidence/ocr/f48f826e84adeaf8.jpg.txt,candidate_not_visually_approved
gastroscopy,research/2026-09-11-yttop/evidence/assets/40a1c8f6e6fc60ae.jpg,https://cdn.imweb.me/thumbnail/20250523/e9f99ce0fa137.jpg,654,748,research/2026-09-11-yttop/evidence/ocr/40a1c8f6e6fc60ae.jpg.txt,candidate_not_visually_approved
gastroscopy,research/2026-09-11-yttop/evidence/assets/354620999a00e2d2.jpg,https://cdn.imweb.me/thumbnail/20250523/89e2b2f7efd76.jpg,654,748,research/2026-09-11-yttop/evidence/ocr/354620999a00e2d2.jpg.txt,candidate_not_visually_approved
gastroscopy,research/2026-09-11-yttop/evidence/assets/56735d3cbe149710.png,https://cdn.imweb.me/thumbnail/20250530/365fa1a2f88ec.png,392,255,research/2026-09-11-yttop/evidence/ocr/56735d3cbe149710.png.txt,candidate_not_visually_approved
gastroscopy,research/2026-09-11-yttop/evidence/assets/b101f7e132241cf9.png,https://cdn.imweb.me/thumbnail/20250530/fa3d20bf1cd01.png,388,255,research/2026-09-11-yttop/evidence/ocr/b101f7e132241cf9.png.txt,candidate_not_visually_approved
gastroscopy,research/2026-09-11-yttop/evidence/assets/984f96a7b5b6e308.png,https://cdn.imweb.me/thumbnail/20250530/4b5a9eed6813c.png,298,255,research/2026-09-11-yttop/evidence/ocr/984f96a7b5b6e308.png.txt,candidate_not_visually_approved
gastroscopy,research/2026-09-11-yttop/evidence/assets/ca51e5c814411ffa.png,https://cdn.imweb.me/thumbnail/20250530/5df140921b260.png,303,255,research/2026-09-11-yttop/evidence/ocr/ca51e5c814411ffa.png.txt,candidate_not_visually_approved
gastroscopy,research/2026-09-11-yttop/evidence/assets/ae2c46343559732b.png,https://cdn.imweb.me/thumbnail/20250530/c6f3211492ac4.png,392,255,research/2026-09-11-yttop/evidence/ocr/ae2c46343559732b.png.txt,candidate_not_visually_approved
gastroscopy,research/2026-09-11-yttop/evidence/assets/bc0d4599d7976789.png,https://cdn.imweb.me/thumbnail/20250530/86d0711db945f.png,388,255,research/2026-09-11-yttop/evidence/ocr/bc0d4599d7976789.png.txt,candidate_not_visually_approved
gastroscopy,research/2026-09-11-yttop/evidence/assets/9a2e349b072cc815.png,https://cdn.imweb.me/thumbnail/20250530/7882c4ba23d2d.png,298,255,research/2026-09-11-yttop/evidence/ocr/9a2e349b072cc815.png.txt,candidate_not_visually_approved
gastroscopy,research/2026-09-11-yttop/evidence/assets/45728b3be01b06a7.png,https://cdn.imweb.me/thumbnail/20250530/fdeb0bf984d98.png,303,255,research/2026-09-11-yttop/evidence/ocr/45728b3be01b06a7.png.txt,candidate_not_visually_approved
gastroscopy,research/2026-09-11-yttop/evidence/assets/4d52388db56cc348.png,https://cdn.imweb.me/thumbnail/20250530/67d3406979327.png,392,255,research/2026-09-11-yttop/evidence/ocr/4d52388db56cc348.png.txt,candidate_not_visually_approved
gastroscopy,research/2026-09-11-yttop/evidence/assets/3b1faf25fbc919bc.png,https://cdn.imweb.me/thumbnail/20250530/8e5e5ad36eb5b.png,388,255,research/2026-09-11-yttop/evidence/ocr/3b1faf25fbc919bc.png.txt,candidate_not_visually_approved
gastroscopy,research/2026-09-11-yttop/evidence/assets/b0445f7e5c184164.png,https://cdn.imweb.me/thumbnail/20250530/640096ae4b61b.png,298,255,research/2026-09-11-yttop/evidence/ocr/b0445f7e5c184164.png.txt,candidate_not_visually_approved
gastroscopy,research/2026-09-11-yttop/evidence/assets/733fee6a162bb096.png,https://cdn.imweb.me/thumbnail/20250530/e72fef4ed5f27.png,303,255,research/2026-09-11-yttop/evidence/ocr/733fee6a162bb096.png.txt,candidate_not_visually_approved
colonoscopy,research/2026-09-11-yttop/evidence/assets/848e4b5ed43d2f95.png,https://cdn.imweb.me/thumbnail/20250523/4f4b3e1a40863.png,600,366,research/2026-09-11-yttop/evidence/ocr/848e4b5ed43d2f95.png.txt,candidate_not_visually_approved
colonoscopy,research/2026-09-11-yttop/evidence/assets/fb4fab92bac241ed.png,https://cdn.imweb.me/upload/S202304199e04167fc8c5a/de1e65c4c99d9.png,1538,1538,research/2026-09-11-yttop/evidence/ocr/fb4fab92bac241ed.png.txt,candidate_not_visually_approved
colonoscopy,research/2026-09-11-yttop/evidence/assets/bb70394f860f60c5.png,https://cdn.imweb.me/thumbnail/20250522/8452672be866f.png,500,420,research/2026-09-11-yttop/evidence/ocr/bb70394f860f60c5.png.txt,candidate_not_visually_approved
colonoscopy,research/2026-09-11-yttop/evidence/assets/f21548365a7d3641.png,https://cdn.imweb.me/thumbnail/20250522/db83bc485d6f1.png,500,420,research/2026-09-11-yttop/evidence/ocr/f21548365a7d3641.png.txt,candidate_not_visually_approved
colonoscopy,research/2026-09-11-yttop/evidence/assets/a3d3476ee3b65f8e.png,https://cdn.imweb.me/thumbnail/20250522/7f0d2847f9946.png,500,420,research/2026-09-11-yttop/evidence/ocr/a3d3476ee3b65f8e.png.txt,candidate_not_visually_approved
colonoscopy,research/2026-09-11-yttop/evidence/assets/ec256939ac2c0bc9.png,https://cdn.imweb.me/thumbnail/20250522/49a559190e1b9.png,500,420,research/2026-09-11-yttop/evidence/ocr/ec256939ac2c0bc9.png.txt,candidate_not_visually_approved
colonoscopy,research/2026-09-11-yttop/evidence/assets/f721eb1598abb327.png,https://cdn.imweb.me/thumbnail/20250523/a43a0a12c8424.png,600,366,research/2026-09-11-yttop/evidence/ocr/f721eb1598abb327.png.txt,candidate_not_visually_approved
colonoscopy,research/2026-09-11-yttop/evidence/assets/6c41e5cc5a028c5e.png,https://cdn.imweb.me/upload/S202304199e04167fc8c5a/c0401d7db3415.png,1538,1538,research/2026-09-11-yttop/evidence/ocr/6c41e5cc5a028c5e.png.txt,candidate_not_visually_approved
colonoscopy,research/2026-09-11-yttop/evidence/assets/41e5f7cfb866b62c.png,https://cdn.imweb.me/upload/S202304199e04167fc8c5a/57ece77e92efb.png,1538,1538,research/2026-09-11-yttop/evidence/ocr/41e5f7cfb866b62c.png.txt,candidate_not_visually_approved
colonoscopy,research/2026-09-11-yttop/evidence/assets/d6281e5fb3ab627a.png,https://cdn.imweb.me/thumbnail/20250522/ab3d3a4ab9f25.png,1400,340,research/2026-09-11-yttop/evidence/ocr/d6281e5fb3ab627a.png.txt,candidate_not_visually_approved
colonoscopy,research/2026-09-11-yttop/evidence/assets/3dc3a8739357b7d4.png,https://cdn.imweb.me/thumbnail/20250523/5471ceefca3b9.png,1920,500,research/2026-09-11-yttop/evidence/ocr/3dc3a8739357b7d4.png.txt,candidate_not_visually_approved
colonoscopy,research/2026-09-11-yttop/evidence/assets/ecf2de6cbca3a34c.png,https://cdn.imweb.me/thumbnail/20250523/88e858b8f4e0b.png,1920,500,research/2026-09-11-yttop/evidence/ocr/ecf2de6cbca3a34c.png.txt,candidate_not_visually_approved
colonoscopy,research/2026-09-11-yttop/evidence/assets/1edecc8eac265bcc.png,https://cdn.imweb.me/thumbnail/20250513/e284ab87408ab.png,1920,384,research/2026-09-11-yttop/evidence/ocr/1edecc8eac265bcc.png.txt,candidate_not_visually_approved
colonoscopy,research/2026-09-11-yttop/evidence/assets/7c07b0cfe310101b.png,https://cdn.imweb.me/thumbnail/20250428/82c81dd405035.png,1920,384,research/2026-09-11-yttop/evidence/ocr/7c07b0cfe310101b.png.txt,candidate_not_visually_approved
colonoscopy,research/2026-09-11-yttop/evidence/assets/a242b3ac69a0d9be.jpg,https://cdn.imweb.me/thumbnail/20250502/9fad61098c44b.jpg,1920,629,research/2026-09-11-yttop/evidence/ocr/a242b3ac69a0d9be.jpg.txt,candidate_not_visually_approved
colonoscopy,research/2026-09-11-yttop/evidence/assets/c573556c0c7bd6d7.png,https://cdn.imweb.me/thumbnail/20250513/a85a0da3abdb9.png,900,1300,research/2026-09-11-yttop/evidence/ocr/c573556c0c7bd6d7.png.txt,candidate_not_visually_approved
colonoscopy,research/2026-09-11-yttop/evidence/assets/a7a1a197cc195db5.png,https://cdn.imweb.me/thumbnail/20250530/5a51addc54d9d.png,179,43,research/2026-09-11-yttop/evidence/ocr/a7a1a197cc195db5.png.txt,candidate_not_visually_approved
colonoscopy,research/2026-09-11-yttop/evidence/assets/202448f2f54bfcac.png,https://cdn.imweb.me/thumbnail/20250522/6a2ea8631a4bf.png,1920,500,research/2026-09-11-yttop/evidence/ocr/202448f2f54bfcac.png.txt,candidate_not_visually_approved
colonoscopy,research/2026-09-11-yttop/evidence/assets/a5fd5f3b5d257282.png,https://cdn.imweb.me/thumbnail/20250522/8fbff2c1044b8.png,1920,500,research/2026-09-11-yttop/evidence/ocr/a5fd5f3b5d257282.png.txt,candidate_not_visually_approved
colonoscopy,research/2026-09-11-yttop/evidence/assets/c27358b623972ae5.png,https://cdn.imweb.me/thumbnail/20250523/035c92ab2d59d.png,600,366,research/2026-09-11-yttop/evidence/ocr/c27358b623972ae5.png.txt,candidate_not_visually_approved
colonoscopy,research/2026-09-11-yttop/evidence/assets/10af869b173766ce.jpg,https://cdn.imweb.me/thumbnail/20250523/a88fed00f070c.jpg,654,748,research/2026-09-11-yttop/evidence/ocr/10af869b173766ce.jpg.txt,candidate_not_visually_approved
colonoscopy,research/2026-09-11-yttop/evidence/assets/62a87bb31e20b9d6.jpg,https://cdn.imweb.me/thumbnail/20250523/c4ad7ac340664.jpg,654,748,research/2026-09-11-yttop/evidence/ocr/62a87bb31e20b9d6.jpg.txt,candidate_not_visually_approved
colonoscopy,research/2026-09-11-yttop/evidence/assets/09f3962d5927dcb9.jpg,https://cdn.imweb.me/thumbnail/20250523/5df33ed410aa6.jpg,654,748,research/2026-09-11-yttop/evidence/ocr/09f3962d5927dcb9.jpg.txt,candidate_not_visually_approved
colonoscopy,research/2026-09-11-yttop/evidence/assets/1e566f97cb408f22.jpg,https://cdn.imweb.me/thumbnail/20250523/0f3a0a1efb3f6.jpg,654,748,research/2026-09-11-yttop/evidence/ocr/1e566f97cb408f22.jpg.txt,candidate_not_visually_approved
colonoscopy,research/2026-09-11-yttop/evidence/assets/c537de65fdce18dc.jpg,https://cdn.imweb.me/thumbnail/20250523/dda836b142325.jpg,654,748,research/2026-09-11-yttop/evidence/ocr/c537de65fdce18dc.jpg.txt,candidate_not_visually_approved
colonoscopy,research/2026-09-11-yttop/evidence/assets/2432f74bd2343e8e.png,https://cdn.imweb.me/thumbnail/20250523/8f7cf857c5bcc.png,600,366,research/2026-09-11-yttop/evidence/ocr/2432f74bd2343e8e.png.txt,candidate_not_visually_approved
colonoscopy,research/2026-09-11-yttop/evidence/assets/0ab2e90848ec6930.jpg,https://cdn.imweb.me/thumbnail/20250523/d19f817e595b4.jpg,654,748,research/2026-09-11-yttop/evidence/ocr/0ab2e90848ec6930.jpg.txt,candidate_not_visually_approved
colonoscopy,research/2026-09-11-yttop/evidence/assets/f8f3d145118ee28a.jpg,https://cdn.imweb.me/thumbnail/20250523/91432b0e5b183.jpg,654,748,research/2026-09-11-yttop/evidence/ocr/f8f3d145118ee28a.jpg.txt,candidate_not_visually_approved
colonoscopy,research/2026-09-11-yttop/evidence/assets/f48f826e84adeaf8.jpg,https://cdn.imweb.me/thumbnail/20250523/2ce0fae03706f.jpg,654,748,research/2026-09-11-yttop/evidence/ocr/f48f826e84adeaf8.jpg.txt,candidate_not_visually_approved
colonoscopy,research/2026-09-11-yttop/evidence/assets/40a1c8f6e6fc60ae.jpg,https://cdn.imweb.me/thumbnail/20250523/e9f99ce0fa137.jpg,654,748,research/2026-09-11-yttop/evidence/ocr/40a1c8f6e6fc60ae.jpg.txt,candidate_not_visually_approved
colonoscopy,research/2026-09-11-yttop/evidence/assets/354620999a00e2d2.jpg,https://cdn.imweb.me/thumbnail/20250523/89e2b2f7efd76.jpg,654,748,research/2026-09-11-yttop/evidence/ocr/354620999a00e2d2.jpg.txt,candidate_not_visually_approved
colonoscopy,research/2026-09-11-yttop/evidence/assets/56735d3cbe149710.png,https://cdn.imweb.me/thumbnail/20250530/365fa1a2f88ec.png,392,255,research/2026-09-11-yttop/evidence/ocr/56735d3cbe149710.png.txt,candidate_not_visually_approved
colonoscopy,research/2026-09-11-yttop/evidence/assets/b101f7e132241cf9.png,https://cdn.imweb.me/thumbnail/20250530/fa3d20bf1cd01.png,388,255,research/2026-09-11-yttop/evidence/ocr/b101f7e132241cf9.png.txt,candidate_not_visually_approved
colonoscopy,research/2026-09-11-yttop/evidence/assets/984f96a7b5b6e308.png,https://cdn.imweb.me/thumbnail/20250530/4b5a9eed6813c.png,298,255,research/2026-09-11-yttop/evidence/ocr/984f96a7b5b6e308.png.txt,candidate_not_visually_approved
colonoscopy,research/2026-09-11-yttop/evidence/assets/ca51e5c814411ffa.png,https://cdn.imweb.me/thumbnail/20250530/5df140921b260.png,303,255,research/2026-09-11-yttop/evidence/ocr/ca51e5c814411ffa.png.txt,candidate_not_visually_approved
colonoscopy,research/2026-09-11-yttop/evidence/assets/ae2c46343559732b.png,https://cdn.imweb.me/thumbnail/20250530/c6f3211492ac4.png,392,255,research/2026-09-11-yttop/evidence/ocr/ae2c46343559732b.png.txt,candidate_not_visually_approved
colonoscopy,research/2026-09-11-yttop/evidence/assets/bc0d4599d7976789.png,https://cdn.imweb.me/thumbnail/20250530/86d0711db945f.png,388,255,research/2026-09-11-yttop/evidence/ocr/bc0d4599d7976789.png.txt,candidate_not_visually_approved
colonoscopy,research/2026-09-11-yttop/evidence/assets/9a2e349b072cc815.png,https://cdn.imweb.me/thumbnail/20250530/7882c4ba23d2d.png,298,255,research/2026-09-11-yttop/evidence/ocr/9a2e349b072cc815.png.txt,candidate_not_visually_approved
colonoscopy,research/2026-09-11-yttop/evidence/assets/45728b3be01b06a7.png,https://cdn.imweb.me/thumbnail/20250530/fdeb0bf984d98.png,303,255,research/2026-09-11-yttop/evidence/ocr/45728b3be01b06a7.png.txt,candidate_not_visually_approved
colonoscopy,research/2026-09-11-yttop/evidence/assets/4d52388db56cc348.png,https://cdn.imweb.me/thumbnail/20250530/67d3406979327.png,392,255,research/2026-09-11-yttop/evidence/ocr/4d52388db56cc348.png.txt,candidate_not_visually_approved
colonoscopy,research/2026-09-11-yttop/evidence/assets/3b1faf25fbc919bc.png,https://cdn.imweb.me/thumbnail/20250530/8e5e5ad36eb5b.png,388,255,research/2026-09-11-yttop/evidence/ocr/3b1faf25fbc919bc.png.txt,candidate_not_visually_approved
colonoscopy,research/2026-09-11-yttop/evidence/assets/b0445f7e5c184164.png,https://cdn.imweb.me/thumbnail/20250530/640096ae4b61b.png,298,255,research/2026-09-11-yttop/evidence/ocr/b0445f7e5c184164.png.txt,candidate_not_visually_approved
colonoscopy,research/2026-09-11-yttop/evidence/assets/733fee6a162bb096.png,https://cdn.imweb.me/thumbnail/20250530/e72fef4ed5f27.png,303,255,research/2026-09-11-yttop/evidence/ocr/733fee6a162bb096.png.txt,candidate_not_visually_approved
heart-test-differences,research/2026-09-11-yttop/evidence/assets/fb4fab92bac241ed.png,https://cdn.imweb.me/upload/S202304199e04167fc8c5a/de1e65c4c99d9.png,1538,1538,research/2026-09-11-yttop/evidence/ocr/fb4fab92bac241ed.png.txt,candidate_not_visually_approved
heart-test-differences,research/2026-09-11-yttop/evidence/assets/6c41e5cc5a028c5e.png,https://cdn.imweb.me/upload/S202304199e04167fc8c5a/c0401d7db3415.png,1538,1538,research/2026-09-11-yttop/evidence/ocr/6c41e5cc5a028c5e.png.txt,candidate_not_visually_approved
heart-test-differences,research/2026-09-11-yttop/evidence/assets/1edecc8eac265bcc.png,https://cdn.imweb.me/thumbnail/20250513/e284ab87408ab.png,1920,384,research/2026-09-11-yttop/evidence/ocr/1edecc8eac265bcc.png.txt,candidate_not_visually_approved
heart-test-differences,research/2026-09-11-yttop/evidence/assets/7c07b0cfe310101b.png,https://cdn.imweb.me/thumbnail/20250428/82c81dd405035.png,1920,384,research/2026-09-11-yttop/evidence/ocr/7c07b0cfe310101b.png.txt,candidate_not_visually_approved
heart-test-differences,research/2026-09-11-yttop/evidence/assets/a242b3ac69a0d9be.jpg,https://cdn.imweb.me/thumbnail/20250502/9fad61098c44b.jpg,1920,629,research/2026-09-11-yttop/evidence/ocr/a242b3ac69a0d9be.jpg.txt,candidate_not_visually_approved
heart-test-differences,research/2026-09-11-yttop/evidence/assets/c573556c0c7bd6d7.png,https://cdn.imweb.me/thumbnail/20250513/a85a0da3abdb9.png,900,1300,research/2026-09-11-yttop/evidence/ocr/c573556c0c7bd6d7.png.txt,candidate_not_visually_approved
heart-test-differences,research/2026-09-11-yttop/evidence/assets/401b714a206ed425.png,https://cdn.imweb.me/thumbnail/20250513/ea44c6d4064ed.png,600,366,research/2026-09-11-yttop/evidence/ocr/401b714a206ed425.png.txt,candidate_not_visually_approved
heart-test-differences,research/2026-09-11-yttop/evidence/assets/c87dc21b6dadfdc5.png,https://cdn.imweb.me/thumbnail/20250513/baede26abcf01.png,500,500,research/2026-09-11-yttop/evidence/ocr/c87dc21b6dadfdc5.png.txt,candidate_not_visually_approved
heart-test-differences,research/2026-09-11-yttop/evidence/assets/23bc7de6923642e9.png,https://cdn.imweb.me/thumbnail/20250513/b903a67a31789.png,500,500,research/2026-09-11-yttop/evidence/ocr/23bc7de6923642e9.png.txt,candidate_not_visually_approved
heart-test-differences,research/2026-09-11-yttop/evidence/assets/12fcfaa5d6bf8c2b.png,https://cdn.imweb.me/thumbnail/20250513/fed0add7ccc21.png,500,500,research/2026-09-11-yttop/evidence/ocr/12fcfaa5d6bf8c2b.png.txt,candidate_not_visually_approved
heart-test-differences,research/2026-09-11-yttop/evidence/assets/44d8e1f3c46753a5.png,https://cdn.imweb.me/thumbnail/20250513/3e286181cde3f.png,500,500,research/2026-09-11-yttop/evidence/ocr/44d8e1f3c46753a5.png.txt,candidate_not_visually_approved
heart-test-differences,research/2026-09-11-yttop/evidence/assets/4d29e8dbac40288d.png,https://cdn.imweb.me/thumbnail/20250513/a7fa9fa0c5279.png,500,500,research/2026-09-11-yttop/evidence/ocr/4d29e8dbac40288d.png.txt,candidate_not_visually_approved
heart-test-differences,research/2026-09-11-yttop/evidence/assets/347857ad2d949243.png,https://cdn.imweb.me/thumbnail/20250513/b26d8b746849e.png,500,500,research/2026-09-11-yttop/evidence/ocr/347857ad2d949243.png.txt,candidate_not_visually_approved
heart-test-differences,research/2026-09-11-yttop/evidence/assets/23fbf08d088f4ba9.png,https://cdn.imweb.me/thumbnail/20250513/af6b133cfe931.png,500,500,research/2026-09-11-yttop/evidence/ocr/23fbf08d088f4ba9.png.txt,candidate_not_visually_approved
heart-test-differences,research/2026-09-11-yttop/evidence/assets/ac9a241a21286cd5.png,https://cdn.imweb.me/thumbnail/20250513/4f968c10aebcc.png,500,500,research/2026-09-11-yttop/evidence/ocr/ac9a241a21286cd5.png.txt,candidate_not_visually_approved
heart-test-differences,research/2026-09-11-yttop/evidence/assets/fa07583252368149.png,https://cdn.imweb.me/thumbnail/20250513/b9f65039cc888.png,900,3139,research/2026-09-11-yttop/evidence/ocr/fa07583252368149.png.txt,candidate_not_visually_approved
heart-test-differences,research/2026-09-11-yttop/evidence/assets/0cdec520369e462c.png,https://cdn.imweb.me/thumbnail/20250502/3a470ebd3d98d.png,1032,366,research/2026-09-11-yttop/evidence/ocr/0cdec520369e462c.png.txt,candidate_not_visually_approved
heart-test-differences,research/2026-09-11-yttop/evidence/assets/4268ca9040874a19.png,https://cdn.imweb.me/thumbnail/20250428/3cb79234730ca.png,600,366,research/2026-09-11-yttop/evidence/ocr/4268ca9040874a19.png.txt,candidate_not_visually_approved
heart-test-differences,research/2026-09-11-yttop/evidence/assets/1e6aaae03b4e4ce1.png,https://cdn.imweb.me/thumbnail/20250502/c1e596cd3285e.png,600,748,research/2026-09-11-yttop/evidence/ocr/1e6aaae03b4e4ce1.png.txt,candidate_not_visually_approved
heart-test-differences,research/2026-09-11-yttop/evidence/assets/01ae39e2b17196d4.png,https://cdn.imweb.me/thumbnail/20250502/dd236314bcbaa.png,600,748,research/2026-09-11-yttop/evidence/ocr/01ae39e2b17196d4.png.txt,candidate_not_visually_approved
heart-test-differences,research/2026-09-11-yttop/evidence/assets/2e0fe9922b20ca8e.png,https://cdn.imweb.me/thumbnail/20250502/f38d4f0c249ad.png,600,748,research/2026-09-11-yttop/evidence/ocr/2e0fe9922b20ca8e.png.txt,candidate_not_visually_approved
heart-test-differences,research/2026-09-11-yttop/evidence/assets/db7494ded6cc6a03.png,https://cdn.imweb.me/thumbnail/20250502/af90a20a30ff6.png,600,748,research/2026-09-11-yttop/evidence/ocr/db7494ded6cc6a03.png.txt,candidate_not_visually_approved
heart-test-differences,research/2026-09-11-yttop/evidence/assets/7f6eb6d771b95b6b.png,https://cdn.imweb.me/thumbnail/20250502/f6136a1f0b794.png,600,748,research/2026-09-11-yttop/evidence/ocr/7f6eb6d771b95b6b.png.txt,candidate_not_visually_approved
heart-test-differences,research/2026-09-11-yttop/evidence/assets/c6407204b7116710.png,https://cdn.imweb.me/thumbnail/20250502/8320e0ca5770a.png,600,748,research/2026-09-11-yttop/evidence/ocr/c6407204b7116710.png.txt,candidate_not_visually_approved
heart-test-differences,research/2026-09-11-yttop/evidence/assets/159dfc84895e7884.jpg,https://cdn.imweb.me/thumbnail/20250513/b3affadae6f1f.jpg,654,748,research/2026-09-11-yttop/evidence/ocr/159dfc84895e7884.jpg.txt,candidate_not_visually_approved
heart-test-differences,research/2026-09-11-yttop/evidence/assets/9ca4a760a170065f.png,https://cdn.imweb.me/thumbnail/20250502/43536636c7f23.png,600,748,research/2026-09-11-yttop/evidence/ocr/9ca4a760a170065f.png.txt,candidate_not_visually_approved
heart-test-differences,research/2026-09-11-yttop/evidence/assets/2c88b3963e010a45.png,https://cdn.imweb.me/thumbnail/20250502/a575c8df160e3.png,1400,340,research/2026-09-11-yttop/evidence/ocr/2c88b3963e010a45.png.txt,candidate_not_visually_approved
heart-test-differences,research/2026-09-11-yttop/evidence/assets/205a1a56a2201a6b.png,https://cdn.imweb.me/thumbnail/20250513/c3bc3bfe07239.png,1400,340,research/2026-09-11-yttop/evidence/ocr/205a1a56a2201a6b.png.txt,candidate_not_visually_approved
heart-test-differences,research/2026-09-11-yttop/evidence/assets/a7a1a197cc195db5.png,https://cdn.imweb.me/thumbnail/20250530/5a51addc54d9d.png,179,43,research/2026-09-11-yttop/evidence/ocr/a7a1a197cc195db5.png.txt,candidate_not_visually_approved
heart-test-differences,research/2026-09-11-yttop/evidence/assets/de325fb6a508a4b1.png,https://cdn.imweb.me/thumbnail/20250428/6dcd967dd7758.png,1920,500,research/2026-09-11-yttop/evidence/ocr/de325fb6a508a4b1.png.txt,candidate_not_visually_approved
heart-test-differences,research/2026-09-11-yttop/evidence/assets/3cd5acfaef14d22f.png,https://cdn.imweb.me/thumbnail/20250513/93207dd0a77f1.png,1920,500,research/2026-09-11-yttop/evidence/ocr/3cd5acfaef14d22f.png.txt,candidate_not_visually_approved
heart-test-differences,research/2026-09-11-yttop/evidence/assets/ca2240e04ae06552.png,https://cdn.imweb.me/thumbnail/20250513/390ead6745dc9.png,1600,900,research/2026-09-11-yttop/evidence/ocr/ca2240e04ae06552.png.txt,candidate_not_visually_approved
heart-test-differences,research/2026-09-11-yttop/evidence/assets/d0be96acf94dc0fc.png,https://cdn.imweb.me/thumbnail/20250513/bc22b9d1c2714.png,1600,900,research/2026-09-11-yttop/evidence/ocr/d0be96acf94dc0fc.png.txt,candidate_not_visually_approved
heart-test-differences,research/2026-09-11-yttop/evidence/assets/cc377a275103b97a.png,https://cdn.imweb.me/thumbnail/20250513/2cfd84a161b45.png,1600,900,research/2026-09-11-yttop/evidence/ocr/cc377a275103b97a.png.txt,candidate_not_visually_approved
heart-test-differences,research/2026-09-11-yttop/evidence/assets/bf2bcb610a200e22.png,https://cdn.imweb.me/thumbnail/20250502/5d720659b03f7.png,800,500,research/2026-09-11-yttop/evidence/ocr/bf2bcb610a200e22.png.txt,candidate_not_visually_approved
heart-test-differences,research/2026-09-11-yttop/evidence/assets/3fa251ac7ce873a7.png,https://cdn.imweb.me/thumbnail/20250502/8aa1eb468a644.png,800,500,research/2026-09-11-yttop/evidence/ocr/3fa251ac7ce873a7.png.txt,candidate_not_visually_approved
heart-test-differences,research/2026-09-11-yttop/evidence/assets/0ce1054e82318d34.png,https://cdn.imweb.me/thumbnail/20250502/f78b9c8a2bea4.png,800,500,research/2026-09-11-yttop/evidence/ocr/0ce1054e82318d34.png.txt,candidate_not_visually_approved
heart-test-differences,research/2026-09-11-yttop/evidence/assets/07a9452462e2a257.png,https://cdn.imweb.me/thumbnail/20250502/2b76f4a8ff7b5.png,800,500,research/2026-09-11-yttop/evidence/ocr/07a9452462e2a257.png.txt,candidate_not_visually_approved
heart-test-differences,research/2026-09-11-yttop/evidence/assets/0a7d7cdc9a8fa18c.png,https://cdn.imweb.me/thumbnail/20250502/4def4aca2c374.png,800,500,research/2026-09-11-yttop/evidence/ocr/0a7d7cdc9a8fa18c.png.txt,candidate_not_visually_approved
heart-test-differences,research/2026-09-11-yttop/evidence/assets/4439418ec0fdf927.png,https://cdn.imweb.me/thumbnail/20250502/e7bd0e6ce1f12.png,800,500,research/2026-09-11-yttop/evidence/ocr/4439418ec0fdf927.png.txt,candidate_not_visually_approved
heart-test-differences,research/2026-09-11-yttop/evidence/assets/b8fa0f15c3c485f0.png,https://cdn.imweb.me/thumbnail/20250502/3483d6972a781.png,800,500,research/2026-09-11-yttop/evidence/ocr/b8fa0f15c3c485f0.png.txt,candidate_not_visually_approved
heart-test-differences,research/2026-09-11-yttop/evidence/assets/ffb5d768de75eb6e.png,https://cdn.imweb.me/thumbnail/20250530/68122cc25b8ec.png,388,255,research/2026-09-11-yttop/evidence/ocr/ffb5d768de75eb6e.png.txt,candidate_not_visually_approved
heart-test-differences,research/2026-09-11-yttop/evidence/assets/1ff9ac29ce1f9241.png,https://cdn.imweb.me/thumbnail/20250530/48891a042c1a9.png,383,255,research/2026-09-11-yttop/evidence/ocr/1ff9ac29ce1f9241.png.txt,candidate_not_visually_approved
heart-test-differences,research/2026-09-11-yttop/evidence/assets/3ace4f5c98aee067.png,https://cdn.imweb.me/thumbnail/20250530/c12b7ad4800cb.png,372,255,research/2026-09-11-yttop/evidence/ocr/3ace4f5c98aee067.png.txt,candidate_not_visually_approved
heart-test-differences,research/2026-09-11-yttop/evidence/assets/b2233de18a027dd5.png,https://cdn.imweb.me/thumbnail/20250530/e7a1cd0c6d193.png,379,255,research/2026-09-11-yttop/evidence/ocr/b2233de18a027dd5.png.txt,candidate_not_visually_approved
heart-test-differences,research/2026-09-11-yttop/evidence/assets/ba7f45a64bfac449.png,https://cdn.imweb.me/thumbnail/20250530/845bd969e7f4d.png,343,255,research/2026-09-11-yttop/evidence/ocr/ba7f45a64bfac449.png.txt,candidate_not_visually_approved
heart-test-differences,research/2026-09-11-yttop/evidence/assets/819b5fa6e10b4bbc.png,https://cdn.imweb.me/thumbnail/20250530/2ba32d574a409.png,343,255,research/2026-09-11-yttop/evidence/ocr/819b5fa6e10b4bbc.png.txt,candidate_not_visually_approved
heart-test-differences,research/2026-09-11-yttop/evidence/assets/aff2c53355f06096.png,https://cdn.imweb.me/thumbnail/20250530/8051118e847aa.png,340,255,research/2026-09-11-yttop/evidence/ocr/aff2c53355f06096.png.txt,candidate_not_visually_approved
heart-test-differences,research/2026-09-11-yttop/evidence/assets/ea2a2aec5a13d957.png,https://cdn.imweb.me/thumbnail/20250530/f1d2d7ecbd008.png,352,255,research/2026-09-11-yttop/evidence/ocr/ea2a2aec5a13d957.png.txt,candidate_not_visually_approved
heart-test-differences,research/2026-09-11-yttop/evidence/assets/7db965d71ba6ea66.png,https://cdn.imweb.me/thumbnail/20250530/134e620b1e114.png,357,255,research/2026-09-11-yttop/evidence/ocr/7db965d71ba6ea66.png.txt,candidate_not_visually_approved
heart-test-differences,research/2026-09-11-yttop/evidence/assets/055ed5d8c348e389.png,https://cdn.imweb.me/thumbnail/20250530/cbb92c4c48a77.png,253,170,research/2026-09-11-yttop/evidence/ocr/055ed5d8c348e389.png.txt,candidate_not_visually_approved
heart-test-differences,research/2026-09-11-yttop/evidence/assets/79b8b5b7d23d6716.png,https://cdn.imweb.me/thumbnail/20250530/e0085327ce444.png,316,170,research/2026-09-11-yttop/evidence/ocr/79b8b5b7d23d6716.png.txt,candidate_not_visually_approved
heart-test-differences,research/2026-09-11-yttop/evidence/assets/11c0345409280b26.png,https://cdn.imweb.me/thumbnail/20250530/c33fc4d5e1744.png,569,390,research/2026-09-11-yttop/evidence/ocr/11c0345409280b26.png.txt,candidate_not_visually_approved
heart-test-differences,research/2026-09-11-yttop/evidence/assets/ac6162d14b059fda.png,https://cdn.imweb.me/thumbnail/20250530/29962bbb5f536.png,292,170,research/2026-09-11-yttop/evidence/ocr/ac6162d14b059fda.png.txt,candidate_not_visually_approved
heart-test-differences,research/2026-09-11-yttop/evidence/assets/8beb093634548089.png,https://cdn.imweb.me/thumbnail/20250428/75ca4e22dc896.png,800,500,research/2026-09-11-yttop/evidence/ocr/8beb093634548089.png.txt,candidate_not_visually_approved
heart-test-differences,research/2026-09-11-yttop/evidence/assets/1c1648a873fdbd4f.png,https://cdn.imweb.me/thumbnail/20250428/0e75f2a1b1d20.png,800,500,research/2026-09-11-yttop/evidence/ocr/1c1648a873fdbd4f.png.txt,candidate_not_visually_approved
heart-test-differences,research/2026-09-11-yttop/evidence/assets/115d2ee12772a239.png,https://cdn.imweb.me/thumbnail/20250428/d0729a91ba60b.png,800,500,research/2026-09-11-yttop/evidence/ocr/115d2ee12772a239.png.txt,candidate_not_visually_approved
heart-test-differences,research/2026-09-11-yttop/evidence/assets/454527990e6ef3c1.png,https://cdn.imweb.me/thumbnail/20250428/6f2390a501e06.png,800,500,research/2026-09-11-yttop/evidence/ocr/454527990e6ef3c1.png.txt,candidate_not_visually_approved
heart-test-differences,research/2026-09-11-yttop/evidence/assets/533fd8efb15d809a.png,https://cdn.imweb.me/thumbnail/20250428/c61065968e3b0.png,800,500,research/2026-09-11-yttop/evidence/ocr/533fd8efb15d809a.png.txt,candidate_not_visually_approved
heart-test-differences,research/2026-09-11-yttop/evidence/assets/dbc5c4429a806c6b.png,https://cdn.imweb.me/thumbnail/20250428/5c4af7f9fee69.png,800,500,research/2026-09-11-yttop/evidence/ocr/dbc5c4429a806c6b.png.txt,candidate_not_visually_approved
heart-test-differences,research/2026-09-11-yttop/evidence/assets/c143d5b3e3f720a8.png,https://cdn.imweb.me/thumbnail/20250428/9f5cd6585a820.png,800,500,research/2026-09-11-yttop/evidence/ocr/c143d5b3e3f720a8.png.txt,candidate_not_visually_approved
heart-test-differences,research/2026-09-11-yttop/evidence/assets/4892a3cf22cb1abd.png,https://cdn.imweb.me/thumbnail/20250530/ca8c1b449d588.png,388,255,research/2026-09-11-yttop/evidence/ocr/4892a3cf22cb1abd.png.txt,candidate_not_visually_approved
heart-test-differences,research/2026-09-11-yttop/evidence/assets/dab44ea8e8e162d8.png,https://cdn.imweb.me/thumbnail/20250530/0dd8562e47d87.png,383,255,research/2026-09-11-yttop/evidence/ocr/dab44ea8e8e162d8.png.txt,candidate_not_visually_approved
heart-test-differences,research/2026-09-11-yttop/evidence/assets/0294cc8bb01ed68e.png,https://cdn.imweb.me/thumbnail/20250530/51d0589d9a591.png,372,255,research/2026-09-11-yttop/evidence/ocr/0294cc8bb01ed68e.png.txt,candidate_not_visually_approved
heart-test-differences,research/2026-09-11-yttop/evidence/assets/7b4508c93ea8472a.png,https://cdn.imweb.me/thumbnail/20250530/9cafc6ddd9d17.png,379,255,research/2026-09-11-yttop/evidence/ocr/7b4508c93ea8472a.png.txt,candidate_not_visually_approved
heart-test-differences,research/2026-09-11-yttop/evidence/assets/6514a9806dfce4e3.png,https://cdn.imweb.me/thumbnail/20250530/e9b6125ba47a5.png,343,255,research/2026-09-11-yttop/evidence/ocr/6514a9806dfce4e3.png.txt,candidate_not_visually_approved
heart-test-differences,research/2026-09-11-yttop/evidence/assets/96c21533c9ad7ae7.png,https://cdn.imweb.me/thumbnail/20250530/3d8fadda89df5.png,343,255,research/2026-09-11-yttop/evidence/ocr/96c21533c9ad7ae7.png.txt,candidate_not_visually_approved
heart-test-differences,research/2026-09-11-yttop/evidence/assets/9ac5695c9a93332e.png,https://cdn.imweb.me/thumbnail/20250530/74157c240d819.png,340,255,research/2026-09-11-yttop/evidence/ocr/9ac5695c9a93332e.png.txt,candidate_not_visually_approved
heart-test-differences,research/2026-09-11-yttop/evidence/assets/d2b65e3c98664493.png,https://cdn.imweb.me/thumbnail/20250530/ab691182188f5.png,352,255,research/2026-09-11-yttop/evidence/ocr/d2b65e3c98664493.png.txt,candidate_not_visually_approved
heart-test-differences,research/2026-09-11-yttop/evidence/assets/7011fd2cde48ea72.png,https://cdn.imweb.me/thumbnail/20250530/691bc53a5b1f7.png,357,255,research/2026-09-11-yttop/evidence/ocr/7011fd2cde48ea72.png.txt,candidate_not_visually_approved
heart-test-differences,research/2026-09-11-yttop/evidence/assets/b441dfb64fa7c5a8.png,https://cdn.imweb.me/thumbnail/20250530/03d60a28e3c8c.png,253,170,research/2026-09-11-yttop/evidence/ocr/b441dfb64fa7c5a8.png.txt,candidate_not_visually_approved
heart-test-differences,research/2026-09-11-yttop/evidence/assets/cf91d86eab40dbb1.png,https://cdn.imweb.me/thumbnail/20250530/0d9f9ea42543a.png,316,170,research/2026-09-11-yttop/evidence/ocr/cf91d86eab40dbb1.png.txt,candidate_not_visually_approved
heart-test-differences,research/2026-09-11-yttop/evidence/assets/3fe86058184483c4.png,https://cdn.imweb.me/thumbnail/20250530/2bee45a0a1afa.png,569,390,research/2026-09-11-yttop/evidence/ocr/3fe86058184483c4.png.txt,candidate_not_visually_approved
heart-test-differences,research/2026-09-11-yttop/evidence/assets/7db6ca60e3828c94.png,https://cdn.imweb.me/thumbnail/20250530/5aea63ec6b6b2.png,292,170,research/2026-09-11-yttop/evidence/ocr/7db6ca60e3828c94.png.txt,candidate_not_visually_approved
heart-test-differences,research/2026-09-11-yttop/evidence/assets/0d8720c72c89f634.png,https://cdn.imweb.me/thumbnail/20250513/30387ac540767.png,1600,900,research/2026-09-11-yttop/evidence/ocr/0d8720c72c89f634.png.txt,candidate_not_visually_approved
heart-test-differences,research/2026-09-11-yttop/evidence/assets/853e563551819f45.png,https://cdn.imweb.me/thumbnail/20250513/fc06a98cf8473.png,1600,900,research/2026-09-11-yttop/evidence/ocr/853e563551819f45.png.txt,candidate_not_visually_approved
heart-test-differences,research/2026-09-11-yttop/evidence/assets/07e8fba9f4e588fb.png,https://cdn.imweb.me/thumbnail/20250513/c5515c0fc5ac6.png,1600,900,research/2026-09-11-yttop/evidence/ocr/07e8fba9f4e588fb.png.txt,candidate_not_visually_approved
heart-test-differences,research/2026-09-11-yttop/evidence/assets/73eab099bc6f6381.png,https://cdn.imweb.me/thumbnail/20250428/22837b6706300.png,800,500,research/2026-09-11-yttop/evidence/ocr/73eab099bc6f6381.png.txt,candidate_not_visually_approved
heart-test-differences,research/2026-09-11-yttop/evidence/assets/8b66050e922fca88.png,https://cdn.imweb.me/thumbnail/20250428/aab8585c19826.png,800,500,research/2026-09-11-yttop/evidence/ocr/8b66050e922fca88.png.txt,candidate_not_visually_approved
heart-test-differences,research/2026-09-11-yttop/evidence/assets/d680f5f92e3691fc.png,https://cdn.imweb.me/thumbnail/20250428/72563498e2623.png,800,500,research/2026-09-11-yttop/evidence/ocr/d680f5f92e3691fc.png.txt,candidate_not_visually_approved
heart-test-differences,research/2026-09-11-yttop/evidence/assets/cbd34fdebb9da8de.png,https://cdn.imweb.me/thumbnail/20250428/ee806f339c5ea.png,800,500,research/2026-09-11-yttop/evidence/ocr/cbd34fdebb9da8de.png.txt,candidate_not_visually_approved
heart-test-differences,research/2026-09-11-yttop/evidence/assets/7ade082877593c4e.png,https://cdn.imweb.me/thumbnail/20250428/74baa279c5956.png,800,500,research/2026-09-11-yttop/evidence/ocr/7ade082877593c4e.png.txt,candidate_not_visually_approved
heart-test-differences,research/2026-09-11-yttop/evidence/assets/174ee032b6c62ca0.png,https://cdn.imweb.me/thumbnail/20250428/b559d36addd4c.png,800,500,research/2026-09-11-yttop/evidence/ocr/174ee032b6c62ca0.png.txt,candidate_not_visually_approved
heart-test-differences,research/2026-09-11-yttop/evidence/assets/4624c099c2f123c4.png,https://cdn.imweb.me/thumbnail/20250428/e1b40a25cf3ec.png,800,500,research/2026-09-11-yttop/evidence/ocr/4624c099c2f123c4.png.txt,candidate_not_visually_approved
heart-test-differences,research/2026-09-11-yttop/evidence/assets/fe4e780eccda2101.png,https://cdn.imweb.me/thumbnail/20250530/2322d19b631ed.png,372,255,research/2026-09-11-yttop/evidence/ocr/fe4e780eccda2101.png.txt,candidate_not_visually_approved
heart-test-differences,research/2026-09-11-yttop/evidence/assets/77a5fd55a2ab1482.png,https://cdn.imweb.me/thumbnail/20250530/f559cd348d96b.png,379,255,research/2026-09-11-yttop/evidence/ocr/77a5fd55a2ab1482.png.txt,candidate_not_visually_approved
heart-test-differences,research/2026-09-11-yttop/evidence/assets/8f94ac73b5c26834.png,https://cdn.imweb.me/thumbnail/20250530/f296246b760cf.png,388,255,research/2026-09-11-yttop/evidence/ocr/8f94ac73b5c26834.png.txt,candidate_not_visually_approved
heart-test-differences,research/2026-09-11-yttop/evidence/assets/222a71eac9701920.png,https://cdn.imweb.me/thumbnail/20250530/f938f2af01c58.png,383,255,research/2026-09-11-yttop/evidence/ocr/222a71eac9701920.png.txt,candidate_not_visually_approved
heart-test-differences,research/2026-09-11-yttop/evidence/assets/148d424809edb7cd.png,https://cdn.imweb.me/thumbnail/20250530/13f9070ff19d3.png,343,255,research/2026-09-11-yttop/evidence/ocr/148d424809edb7cd.png.txt,candidate_not_visually_approved
heart-test-differences,research/2026-09-11-yttop/evidence/assets/6702ff32f299bd73.png,https://cdn.imweb.me/thumbnail/20250530/012e8dc09a7cb.png,343,255,research/2026-09-11-yttop/evidence/ocr/6702ff32f299bd73.png.txt,candidate_not_visually_approved
heart-test-differences,research/2026-09-11-yttop/evidence/assets/94b9192daf0f3df8.png,https://cdn.imweb.me/thumbnail/20250530/ab5ff88ea0e37.png,340,255,research/2026-09-11-yttop/evidence/ocr/94b9192daf0f3df8.png.txt,candidate_not_visually_approved
heart-test-differences,research/2026-09-11-yttop/evidence/assets/88d207f989409f66.png,https://cdn.imweb.me/thumbnail/20250530/04baea8e97a2d.png,352,255,research/2026-09-11-yttop/evidence/ocr/88d207f989409f66.png.txt,candidate_not_visually_approved
heart-test-differences,research/2026-09-11-yttop/evidence/assets/275ee761578c62fd.png,https://cdn.imweb.me/thumbnail/20250530/8c6befff00d5a.png,357,255,research/2026-09-11-yttop/evidence/ocr/275ee761578c62fd.png.txt,candidate_not_visually_approved
heart-test-differences,research/2026-09-11-yttop/evidence/assets/63a742688bf26c44.png,https://cdn.imweb.me/thumbnail/20250530/b03508f98d52e.png,253,170,research/2026-09-11-yttop/evidence/ocr/63a742688bf26c44.png.txt,candidate_not_visually_approved
heart-test-differences,research/2026-09-11-yttop/evidence/assets/507214f29f8e32aa.png,https://cdn.imweb.me/thumbnail/20250530/686776aa7c7ab.png,316,170,research/2026-09-11-yttop/evidence/ocr/507214f29f8e32aa.png.txt,candidate_not_visually_approved
heart-test-differences,research/2026-09-11-yttop/evidence/assets/eda6b2325e8c888b.png,https://cdn.imweb.me/thumbnail/20250530/a39ed48bbec80.png,569,390,research/2026-09-11-yttop/evidence/ocr/eda6b2325e8c888b.png.txt,candidate_not_visually_approved
heart-test-differences,research/2026-09-11-yttop/evidence/assets/29480737713df9bd.png,https://cdn.imweb.me/thumbnail/20250530/fbefb70c8bed0.png,292,170,research/2026-09-11-yttop/evidence/ocr/29480737713df9bd.png.txt,candidate_not_visually_approved
heart-test-differences,research/2026-09-11-yttop/evidence/assets/85b337d698e401ca.png,https://cdn.imweb.me/thumbnail/20250526/7ea7ecc24e92c.png,600,366,research/2026-09-11-yttop/evidence/ocr/85b337d698e401ca.png.txt,candidate_not_visually_approved
heart-test-differences,research/2026-09-11-yttop/evidence/assets/761c8f5cb3aeb08a.png,https://cdn.imweb.me/thumbnail/20250526/ea1aaf62619fe.png,600,366,research/2026-09-11-yttop/evidence/ocr/761c8f5cb3aeb08a.png.txt,candidate_not_visually_approved
heart-test-differences,research/2026-09-11-yttop/evidence/assets/1d2184e0cd73dd46.png,https://cdn.imweb.me/thumbnail/20250530/055ec38893202.png,849,126,research/2026-09-11-yttop/evidence/ocr/1d2184e0cd73dd46.png.txt,candidate_not_visually_approved
heart-test-differences,research/2026-09-11-yttop/evidence/assets/f68a68254dc18fd4.png,https://cdn.imweb.me/thumbnail/20250530/6dc2db31be78a.png,849,126,research/2026-09-11-yttop/evidence/ocr/f68a68254dc18fd4.png.txt,candidate_not_visually_approved
heart-test-differences,research/2026-09-11-yttop/evidence/assets/34505dc8820d101b.png,https://cdn.imweb.me/thumbnail/20250530/f02c5034cfe6e.png,849,126,research/2026-09-11-yttop/evidence/ocr/34505dc8820d101b.png.txt,candidate_not_visually_approved
palpitations-followup,research/2026-09-11-yttop/evidence/assets/fb4fab92bac241ed.png,https://cdn.imweb.me/upload/S202304199e04167fc8c5a/de1e65c4c99d9.png,1538,1538,research/2026-09-11-yttop/evidence/ocr/fb4fab92bac241ed.png.txt,candidate_not_visually_approved
palpitations-followup,research/2026-09-11-yttop/evidence/assets/6c41e5cc5a028c5e.png,https://cdn.imweb.me/upload/S202304199e04167fc8c5a/c0401d7db3415.png,1538,1538,research/2026-09-11-yttop/evidence/ocr/6c41e5cc5a028c5e.png.txt,candidate_not_visually_approved
palpitations-followup,research/2026-09-11-yttop/evidence/assets/1edecc8eac265bcc.png,https://cdn.imweb.me/thumbnail/20250513/e284ab87408ab.png,1920,384,research/2026-09-11-yttop/evidence/ocr/1edecc8eac265bcc.png.txt,candidate_not_visually_approved
palpitations-followup,research/2026-09-11-yttop/evidence/assets/7c07b0cfe310101b.png,https://cdn.imweb.me/thumbnail/20250428/82c81dd405035.png,1920,384,research/2026-09-11-yttop/evidence/ocr/7c07b0cfe310101b.png.txt,candidate_not_visually_approved
palpitations-followup,research/2026-09-11-yttop/evidence/assets/a242b3ac69a0d9be.jpg,https://cdn.imweb.me/thumbnail/20250502/9fad61098c44b.jpg,1920,629,research/2026-09-11-yttop/evidence/ocr/a242b3ac69a0d9be.jpg.txt,candidate_not_visually_approved
palpitations-followup,research/2026-09-11-yttop/evidence/assets/c573556c0c7bd6d7.png,https://cdn.imweb.me/thumbnail/20250513/a85a0da3abdb9.png,900,1300,research/2026-09-11-yttop/evidence/ocr/c573556c0c7bd6d7.png.txt,candidate_not_visually_approved
palpitations-followup,research/2026-09-11-yttop/evidence/assets/fa07583252368149.png,https://cdn.imweb.me/thumbnail/20250513/b9f65039cc888.png,900,3139,research/2026-09-11-yttop/evidence/ocr/fa07583252368149.png.txt,candidate_not_visually_approved
palpitations-followup,research/2026-09-11-yttop/evidence/assets/2c88b3963e010a45.png,https://cdn.imweb.me/thumbnail/20250502/a575c8df160e3.png,1400,340,research/2026-09-11-yttop/evidence/ocr/2c88b3963e010a45.png.txt,candidate_not_visually_approved
palpitations-followup,research/2026-09-11-yttop/evidence/assets/205a1a56a2201a6b.png,https://cdn.imweb.me/thumbnail/20250513/c3bc3bfe07239.png,1400,340,research/2026-09-11-yttop/evidence/ocr/205a1a56a2201a6b.png.txt,candidate_not_visually_approved
palpitations-followup,research/2026-09-11-yttop/evidence/assets/a7a1a197cc195db5.png,https://cdn.imweb.me/thumbnail/20250530/5a51addc54d9d.png,179,43,research/2026-09-11-yttop/evidence/ocr/a7a1a197cc195db5.png.txt,candidate_not_visually_approved
palpitations-followup,research/2026-09-11-yttop/evidence/assets/de325fb6a508a4b1.png,https://cdn.imweb.me/thumbnail/20250428/6dcd967dd7758.png,1920,500,research/2026-09-11-yttop/evidence/ocr/de325fb6a508a4b1.png.txt,candidate_not_visually_approved
palpitations-followup,research/2026-09-11-yttop/evidence/assets/3cd5acfaef14d22f.png,https://cdn.imweb.me/thumbnail/20250513/93207dd0a77f1.png,1920,500,research/2026-09-11-yttop/evidence/ocr/3cd5acfaef14d22f.png.txt,candidate_not_visually_approved
palpitations-followup,research/2026-09-11-yttop/evidence/assets/202448f2f54bfcac.png,https://cdn.imweb.me/thumbnail/20250522/6a2ea8631a4bf.png,1920,500,research/2026-09-11-yttop/evidence/ocr/202448f2f54bfcac.png.txt,candidate_not_visually_approved
palpitations-followup,research/2026-09-11-yttop/evidence/assets/a5fd5f3b5d257282.png,https://cdn.imweb.me/thumbnail/20250522/8fbff2c1044b8.png,1920,500,research/2026-09-11-yttop/evidence/ocr/a5fd5f3b5d257282.png.txt,candidate_not_visually_approved
palpitations-followup,research/2026-09-11-yttop/evidence/assets/9ea2353d32afac43.png,https://cdn.imweb.me/thumbnail/20250523/260618f6ee219.png,600,366,research/2026-09-11-yttop/evidence/ocr/9ea2353d32afac43.png.txt,candidate_not_visually_approved
palpitations-followup,research/2026-09-11-yttop/evidence/assets/3d0c19ae56997b82.jpg,https://cdn.imweb.me/thumbnail/20250523/95acb729d509a.jpg,654,748,research/2026-09-11-yttop/evidence/ocr/3d0c19ae56997b82.jpg.txt,candidate_not_visually_approved
palpitations-followup,research/2026-09-11-yttop/evidence/assets/c216a433aad3449f.jpg,https://cdn.imweb.me/thumbnail/20250523/91b4d8ae32c31.jpg,654,748,research/2026-09-11-yttop/evidence/ocr/c216a433aad3449f.jpg.txt,candidate_not_visually_approved
palpitations-followup,research/2026-09-11-yttop/evidence/assets/fb994b3c2bf8d772.jpg,https://cdn.imweb.me/thumbnail/20250523/fa2152fd243a0.jpg,654,748,research/2026-09-11-yttop/evidence/ocr/fb994b3c2bf8d772.jpg.txt,candidate_not_visually_approved
palpitations-followup,research/2026-09-11-yttop/evidence/assets/04bfb59b156ec74b.jpg,https://cdn.imweb.me/thumbnail/20250523/c3ed8fa1508fe.jpg,654,748,research/2026-09-11-yttop/evidence/ocr/04bfb59b156ec74b.jpg.txt,candidate_not_visually_approved
palpitations-followup,research/2026-09-11-yttop/evidence/assets/676c858547cbf509.jpg,https://cdn.imweb.me/thumbnail/20250523/ba57e2133df54.jpg,654,748,research/2026-09-11-yttop/evidence/ocr/676c858547cbf509.jpg.txt,candidate_not_visually_approved
palpitations-followup,research/2026-09-11-yttop/evidence/assets/df2cd4e91834c520.jpg,https://cdn.imweb.me/thumbnail/20250523/e77de9b0f6744.jpg,654,748,research/2026-09-11-yttop/evidence/ocr/df2cd4e91834c520.jpg.txt,candidate_not_visually_approved
palpitations-followup,research/2026-09-11-yttop/evidence/assets/03daec9dfcce23aa.jpg,https://cdn.imweb.me/thumbnail/20250523/e888833247c27.jpg,654,748,research/2026-09-11-yttop/evidence/ocr/03daec9dfcce23aa.jpg.txt,candidate_not_visually_approved
palpitations-followup,research/2026-09-11-yttop/evidence/assets/6cafa162c6bd9230.jpg,https://cdn.imweb.me/thumbnail/20250523/d7bddbcb522b8.jpg,654,748,research/2026-09-11-yttop/evidence/ocr/6cafa162c6bd9230.jpg.txt,candidate_not_visually_approved
palpitations-followup,research/2026-09-11-yttop/evidence/assets/36eab4659233b4ad.jpg,https://cdn.imweb.me/thumbnail/20250523/2e0a40c94691f.jpg,654,748,research/2026-09-11-yttop/evidence/ocr/36eab4659233b4ad.jpg.txt,candidate_not_visually_approved
palpitations-followup,research/2026-09-11-yttop/evidence/assets/e7dbe984a243a695.png,https://cdn.imweb.me/thumbnail/20250523/5d65f87593f10.png,600,366,research/2026-09-11-yttop/evidence/ocr/e7dbe984a243a695.png.txt,candidate_not_visually_approved
palpitations-followup,research/2026-09-11-yttop/evidence/assets/e98f00c45d113091.jpg,https://cdn.imweb.me/thumbnail/20250523/5539729c9203e.jpg,654,748,research/2026-09-11-yttop/evidence/ocr/e98f00c45d113091.jpg.txt,candidate_not_visually_approved
palpitations-followup,research/2026-09-11-yttop/evidence/assets/2a89c312593923ae.jpg,https://cdn.imweb.me/thumbnail/20250523/3f032ec0a0d87.jpg,654,748,research/2026-09-11-yttop/evidence/ocr/2a89c312593923ae.jpg.txt,candidate_not_visually_approved
palpitations-followup,research/2026-09-11-yttop/evidence/assets/027c88eb92accbec.jpg,https://cdn.imweb.me/thumbnail/20250523/f3c9bc2fb9ca2.jpg,654,748,research/2026-09-11-yttop/evidence/ocr/027c88eb92accbec.jpg.txt,candidate_not_visually_approved
palpitations-followup,research/2026-09-11-yttop/evidence/assets/2c31fe9b26b0a223.jpg,https://cdn.imweb.me/thumbnail/20250523/b8639b3fa4c28.jpg,654,748,research/2026-09-11-yttop/evidence/ocr/2c31fe9b26b0a223.jpg.txt,candidate_not_visually_approved
palpitations-followup,research/2026-09-11-yttop/evidence/assets/7adeaa3e1c03e996.jpg,https://cdn.imweb.me/thumbnail/20250523/c8f440003cf33.jpg,654,748,research/2026-09-11-yttop/evidence/ocr/7adeaa3e1c03e996.jpg.txt,candidate_not_visually_approved
palpitations-followup,research/2026-09-11-yttop/evidence/assets/6290a805f279c210.jpg,https://cdn.imweb.me/thumbnail/20250523/dc9f68d3c8a70.jpg,654,748,research/2026-09-11-yttop/evidence/ocr/6290a805f279c210.jpg.txt,candidate_not_visually_approved
palpitations-followup,research/2026-09-11-yttop/evidence/assets/e4a5bf0bca412120.jpg,https://cdn.imweb.me/thumbnail/20250523/092917d3d6290.jpg,654,748,research/2026-09-11-yttop/evidence/ocr/e4a5bf0bca412120.jpg.txt,candidate_not_visually_approved
palpitations-followup,research/2026-09-11-yttop/evidence/assets/cfeff5612ba9b013.jpg,https://cdn.imweb.me/thumbnail/20250523/8fae125b0fab0.jpg,654,748,research/2026-09-11-yttop/evidence/ocr/cfeff5612ba9b013.jpg.txt,candidate_not_visually_approved
palpitations-followup,research/2026-09-11-yttop/evidence/assets/0c452e871c13281f.jpg,https://cdn.imweb.me/thumbnail/20250523/1feabe8d6f24b.jpg,654,748,research/2026-09-11-yttop/evidence/ocr/0c452e871c13281f.jpg.txt,candidate_not_visually_approved
palpitations-followup,research/2026-09-11-yttop/evidence/assets/85b337d698e401ca.png,https://cdn.imweb.me/thumbnail/20250526/7ea7ecc24e92c.png,600,366,research/2026-09-11-yttop/evidence/ocr/85b337d698e401ca.png.txt,candidate_not_visually_approved
palpitations-followup,research/2026-09-11-yttop/evidence/assets/761c8f5cb3aeb08a.png,https://cdn.imweb.me/thumbnail/20250526/ea1aaf62619fe.png,600,366,research/2026-09-11-yttop/evidence/ocr/761c8f5cb3aeb08a.png.txt,candidate_not_visually_approved
palpitations-followup,research/2026-09-11-yttop/evidence/assets/1d2184e0cd73dd46.png,https://cdn.imweb.me/thumbnail/20250530/055ec38893202.png,849,126,research/2026-09-11-yttop/evidence/ocr/1d2184e0cd73dd46.png.txt,candidate_not_visually_approved
palpitations-followup,research/2026-09-11-yttop/evidence/assets/f68a68254dc18fd4.png,https://cdn.imweb.me/thumbnail/20250530/6dc2db31be78a.png,849,126,research/2026-09-11-yttop/evidence/ocr/f68a68254dc18fd4.png.txt,candidate_not_visually_approved
palpitations-followup,research/2026-09-11-yttop/evidence/assets/34505dc8820d101b.png,https://cdn.imweb.me/thumbnail/20250530/f02c5034cfe6e.png,849,126,research/2026-09-11-yttop/evidence/ocr/34505dc8820d101b.png.txt,candidate_not_visually_approved
checkup-preparation,research/2026-09-11-yttop/evidence/assets/848e4b5ed43d2f95.png,https://cdn.imweb.me/thumbnail/20250523/4f4b3e1a40863.png,600,366,research/2026-09-11-yttop/evidence/ocr/848e4b5ed43d2f95.png.txt,candidate_not_visually_approved
checkup-preparation,research/2026-09-11-yttop/evidence/assets/fb4fab92bac241ed.png,https://cdn.imweb.me/upload/S202304199e04167fc8c5a/de1e65c4c99d9.png,1538,1538,research/2026-09-11-yttop/evidence/ocr/fb4fab92bac241ed.png.txt,candidate_not_visually_approved
checkup-preparation,research/2026-09-11-yttop/evidence/assets/bb70394f860f60c5.png,https://cdn.imweb.me/thumbnail/20250522/8452672be866f.png,500,420,research/2026-09-11-yttop/evidence/ocr/bb70394f860f60c5.png.txt,candidate_not_visually_approved
checkup-preparation,research/2026-09-11-yttop/evidence/assets/f21548365a7d3641.png,https://cdn.imweb.me/thumbnail/20250522/db83bc485d6f1.png,500,420,research/2026-09-11-yttop/evidence/ocr/f21548365a7d3641.png.txt,candidate_not_visually_approved
checkup-preparation,research/2026-09-11-yttop/evidence/assets/a3d3476ee3b65f8e.png,https://cdn.imweb.me/thumbnail/20250522/7f0d2847f9946.png,500,420,research/2026-09-11-yttop/evidence/ocr/a3d3476ee3b65f8e.png.txt,candidate_not_visually_approved
checkup-preparation,research/2026-09-11-yttop/evidence/assets/ec256939ac2c0bc9.png,https://cdn.imweb.me/thumbnail/20250522/49a559190e1b9.png,500,420,research/2026-09-11-yttop/evidence/ocr/ec256939ac2c0bc9.png.txt,candidate_not_visually_approved
checkup-preparation,research/2026-09-11-yttop/evidence/assets/f721eb1598abb327.png,https://cdn.imweb.me/thumbnail/20250523/a43a0a12c8424.png,600,366,research/2026-09-11-yttop/evidence/ocr/f721eb1598abb327.png.txt,candidate_not_visually_approved
checkup-preparation,research/2026-09-11-yttop/evidence/assets/6c41e5cc5a028c5e.png,https://cdn.imweb.me/upload/S202304199e04167fc8c5a/c0401d7db3415.png,1538,1538,research/2026-09-11-yttop/evidence/ocr/6c41e5cc5a028c5e.png.txt,candidate_not_visually_approved
checkup-preparation,research/2026-09-11-yttop/evidence/assets/41e5f7cfb866b62c.png,https://cdn.imweb.me/upload/S202304199e04167fc8c5a/57ece77e92efb.png,1538,1538,research/2026-09-11-yttop/evidence/ocr/41e5f7cfb866b62c.png.txt,candidate_not_visually_approved
checkup-preparation,research/2026-09-11-yttop/evidence/assets/d6281e5fb3ab627a.png,https://cdn.imweb.me/thumbnail/20250522/ab3d3a4ab9f25.png,1400,340,research/2026-09-11-yttop/evidence/ocr/d6281e5fb3ab627a.png.txt,candidate_not_visually_approved
checkup-preparation,research/2026-09-11-yttop/evidence/assets/3dc3a8739357b7d4.png,https://cdn.imweb.me/thumbnail/20250523/5471ceefca3b9.png,1920,500,research/2026-09-11-yttop/evidence/ocr/3dc3a8739357b7d4.png.txt,candidate_not_visually_approved
checkup-preparation,research/2026-09-11-yttop/evidence/assets/ecf2de6cbca3a34c.png,https://cdn.imweb.me/thumbnail/20250523/88e858b8f4e0b.png,1920,500,research/2026-09-11-yttop/evidence/ocr/ecf2de6cbca3a34c.png.txt,candidate_not_visually_approved
checkup-preparation,research/2026-09-11-yttop/evidence/assets/1edecc8eac265bcc.png,https://cdn.imweb.me/thumbnail/20250513/e284ab87408ab.png,1920,384,research/2026-09-11-yttop/evidence/ocr/1edecc8eac265bcc.png.txt,candidate_not_visually_approved
checkup-preparation,research/2026-09-11-yttop/evidence/assets/7c07b0cfe310101b.png,https://cdn.imweb.me/thumbnail/20250428/82c81dd405035.png,1920,384,research/2026-09-11-yttop/evidence/ocr/7c07b0cfe310101b.png.txt,candidate_not_visually_approved
checkup-preparation,research/2026-09-11-yttop/evidence/assets/a242b3ac69a0d9be.jpg,https://cdn.imweb.me/thumbnail/20250502/9fad61098c44b.jpg,1920,629,research/2026-09-11-yttop/evidence/ocr/a242b3ac69a0d9be.jpg.txt,candidate_not_visually_approved
checkup-preparation,research/2026-09-11-yttop/evidence/assets/c573556c0c7bd6d7.png,https://cdn.imweb.me/thumbnail/20250513/a85a0da3abdb9.png,900,1300,research/2026-09-11-yttop/evidence/ocr/c573556c0c7bd6d7.png.txt,candidate_not_visually_approved
checkup-preparation,research/2026-09-11-yttop/evidence/assets/40c3a314171efde0.png,https://cdn.imweb.me/thumbnail/20250526/0c98d2547046d.png,600,366,research/2026-09-11-yttop/evidence/ocr/40c3a314171efde0.png.txt,candidate_not_visually_approved
checkup-preparation,research/2026-09-11-yttop/evidence/assets/999f488d640c636c.png,https://cdn.imweb.me/thumbnail/20250526/925f9d2bfc899.png,600,366,research/2026-09-11-yttop/evidence/ocr/999f488d640c636c.png.txt,candidate_not_visually_approved
colonoscopy-preparation,research/2026-09-11-yttop/evidence/assets/848e4b5ed43d2f95.png,https://cdn.imweb.me/thumbnail/20250523/4f4b3e1a40863.png,600,366,research/2026-09-11-yttop/evidence/ocr/848e4b5ed43d2f95.png.txt,candidate_not_visually_approved
colonoscopy-preparation,research/2026-09-11-yttop/evidence/assets/fb4fab92bac241ed.png,https://cdn.imweb.me/upload/S202304199e04167fc8c5a/de1e65c4c99d9.png,1538,1538,research/2026-09-11-yttop/evidence/ocr/fb4fab92bac241ed.png.txt,candidate_not_visually_approved
colonoscopy-preparation,research/2026-09-11-yttop/evidence/assets/bb70394f860f60c5.png,https://cdn.imweb.me/thumbnail/20250522/8452672be866f.png,500,420,research/2026-09-11-yttop/evidence/ocr/bb70394f860f60c5.png.txt,candidate_not_visually_approved
colonoscopy-preparation,research/2026-09-11-yttop/evidence/assets/f21548365a7d3641.png,https://cdn.imweb.me/thumbnail/20250522/db83bc485d6f1.png,500,420,research/2026-09-11-yttop/evidence/ocr/f21548365a7d3641.png.txt,candidate_not_visually_approved
colonoscopy-preparation,research/2026-09-11-yttop/evidence/assets/a3d3476ee3b65f8e.png,https://cdn.imweb.me/thumbnail/20250522/7f0d2847f9946.png,500,420,research/2026-09-11-yttop/evidence/ocr/a3d3476ee3b65f8e.png.txt,candidate_not_visually_approved
colonoscopy-preparation,research/2026-09-11-yttop/evidence/assets/ec256939ac2c0bc9.png,https://cdn.imweb.me/thumbnail/20250522/49a559190e1b9.png,500,420,research/2026-09-11-yttop/evidence/ocr/ec256939ac2c0bc9.png.txt,candidate_not_visually_approved
colonoscopy-preparation,research/2026-09-11-yttop/evidence/assets/f721eb1598abb327.png,https://cdn.imweb.me/thumbnail/20250523/a43a0a12c8424.png,600,366,research/2026-09-11-yttop/evidence/ocr/f721eb1598abb327.png.txt,candidate_not_visually_approved
colonoscopy-preparation,research/2026-09-11-yttop/evidence/assets/6c41e5cc5a028c5e.png,https://cdn.imweb.me/upload/S202304199e04167fc8c5a/c0401d7db3415.png,1538,1538,research/2026-09-11-yttop/evidence/ocr/6c41e5cc5a028c5e.png.txt,candidate_not_visually_approved
colonoscopy-preparation,research/2026-09-11-yttop/evidence/assets/41e5f7cfb866b62c.png,https://cdn.imweb.me/upload/S202304199e04167fc8c5a/57ece77e92efb.png,1538,1538,research/2026-09-11-yttop/evidence/ocr/41e5f7cfb866b62c.png.txt,candidate_not_visually_approved
colonoscopy-preparation,research/2026-09-11-yttop/evidence/assets/d6281e5fb3ab627a.png,https://cdn.imweb.me/thumbnail/20250522/ab3d3a4ab9f25.png,1400,340,research/2026-09-11-yttop/evidence/ocr/d6281e5fb3ab627a.png.txt,candidate_not_visually_approved
colonoscopy-preparation,research/2026-09-11-yttop/evidence/assets/3dc3a8739357b7d4.png,https://cdn.imweb.me/thumbnail/20250523/5471ceefca3b9.png,1920,500,research/2026-09-11-yttop/evidence/ocr/3dc3a8739357b7d4.png.txt,candidate_not_visually_approved
colonoscopy-preparation,research/2026-09-11-yttop/evidence/assets/ecf2de6cbca3a34c.png,https://cdn.imweb.me/thumbnail/20250523/88e858b8f4e0b.png,1920,500,research/2026-09-11-yttop/evidence/ocr/ecf2de6cbca3a34c.png.txt,candidate_not_visually_approved
colonoscopy-preparation,research/2026-09-11-yttop/evidence/assets/1edecc8eac265bcc.png,https://cdn.imweb.me/thumbnail/20250513/e284ab87408ab.png,1920,384,research/2026-09-11-yttop/evidence/ocr/1edecc8eac265bcc.png.txt,candidate_not_visually_approved
colonoscopy-preparation,research/2026-09-11-yttop/evidence/assets/7c07b0cfe310101b.png,https://cdn.imweb.me/thumbnail/20250428/82c81dd405035.png,1920,384,research/2026-09-11-yttop/evidence/ocr/7c07b0cfe310101b.png.txt,candidate_not_visually_approved
colonoscopy-preparation,research/2026-09-11-yttop/evidence/assets/a242b3ac69a0d9be.jpg,https://cdn.imweb.me/thumbnail/20250502/9fad61098c44b.jpg,1920,629,research/2026-09-11-yttop/evidence/ocr/a242b3ac69a0d9be.jpg.txt,candidate_not_visually_approved
colonoscopy-preparation,research/2026-09-11-yttop/evidence/assets/c573556c0c7bd6d7.png,https://cdn.imweb.me/thumbnail/20250513/a85a0da3abdb9.png,900,1300,research/2026-09-11-yttop/evidence/ocr/c573556c0c7bd6d7.png.txt,candidate_not_visually_approved
colonoscopy-preparation,research/2026-09-11-yttop/evidence/assets/a7a1a197cc195db5.png,https://cdn.imweb.me/thumbnail/20250530/5a51addc54d9d.png,179,43,research/2026-09-11-yttop/evidence/ocr/a7a1a197cc195db5.png.txt,candidate_not_visually_approved
colonoscopy-preparation,research/2026-09-11-yttop/evidence/assets/202448f2f54bfcac.png,https://cdn.imweb.me/thumbnail/20250522/6a2ea8631a4bf.png,1920,500,research/2026-09-11-yttop/evidence/ocr/202448f2f54bfcac.png.txt,candidate_not_visually_approved
colonoscopy-preparation,research/2026-09-11-yttop/evidence/assets/a5fd5f3b5d257282.png,https://cdn.imweb.me/thumbnail/20250522/8fbff2c1044b8.png,1920,500,research/2026-09-11-yttop/evidence/ocr/a5fd5f3b5d257282.png.txt,candidate_not_visually_approved
colonoscopy-preparation,research/2026-09-11-yttop/evidence/assets/c27358b623972ae5.png,https://cdn.imweb.me/thumbnail/20250523/035c92ab2d59d.png,600,366,research/2026-09-11-yttop/evidence/ocr/c27358b623972ae5.png.txt,candidate_not_visually_approved
colonoscopy-preparation,research/2026-09-11-yttop/evidence/assets/10af869b173766ce.jpg,https://cdn.imweb.me/thumbnail/20250523/a88fed00f070c.jpg,654,748,research/2026-09-11-yttop/evidence/ocr/10af869b173766ce.jpg.txt,candidate_not_visually_approved
colonoscopy-preparation,research/2026-09-11-yttop/evidence/assets/62a87bb31e20b9d6.jpg,https://cdn.imweb.me/thumbnail/20250523/c4ad7ac340664.jpg,654,748,research/2026-09-11-yttop/evidence/ocr/62a87bb31e20b9d6.jpg.txt,candidate_not_visually_approved
colonoscopy-preparation,research/2026-09-11-yttop/evidence/assets/09f3962d5927dcb9.jpg,https://cdn.imweb.me/thumbnail/20250523/5df33ed410aa6.jpg,654,748,research/2026-09-11-yttop/evidence/ocr/09f3962d5927dcb9.jpg.txt,candidate_not_visually_approved
colonoscopy-preparation,research/2026-09-11-yttop/evidence/assets/1e566f97cb408f22.jpg,https://cdn.imweb.me/thumbnail/20250523/0f3a0a1efb3f6.jpg,654,748,research/2026-09-11-yttop/evidence/ocr/1e566f97cb408f22.jpg.txt,candidate_not_visually_approved
colonoscopy-preparation,research/2026-09-11-yttop/evidence/assets/c537de65fdce18dc.jpg,https://cdn.imweb.me/thumbnail/20250523/dda836b142325.jpg,654,748,research/2026-09-11-yttop/evidence/ocr/c537de65fdce18dc.jpg.txt,candidate_not_visually_approved
colonoscopy-preparation,research/2026-09-11-yttop/evidence/assets/2432f74bd2343e8e.png,https://cdn.imweb.me/thumbnail/20250523/8f7cf857c5bcc.png,600,366,research/2026-09-11-yttop/evidence/ocr/2432f74bd2343e8e.png.txt,candidate_not_visually_approved
colonoscopy-preparation,research/2026-09-11-yttop/evidence/assets/0ab2e90848ec6930.jpg,https://cdn.imweb.me/thumbnail/20250523/d19f817e595b4.jpg,654,748,research/2026-09-11-yttop/evidence/ocr/0ab2e90848ec6930.jpg.txt,candidate_not_visually_approved
colonoscopy-preparation,research/2026-09-11-yttop/evidence/assets/f8f3d145118ee28a.jpg,https://cdn.imweb.me/thumbnail/20250523/91432b0e5b183.jpg,654,748,research/2026-09-11-yttop/evidence/ocr/f8f3d145118ee28a.jpg.txt,candidate_not_visually_approved
colonoscopy-preparation,research/2026-09-11-yttop/evidence/assets/f48f826e84adeaf8.jpg,https://cdn.imweb.me/thumbnail/20250523/2ce0fae03706f.jpg,654,748,research/2026-09-11-yttop/evidence/ocr/f48f826e84adeaf8.jpg.txt,candidate_not_visually_approved
colonoscopy-preparation,research/2026-09-11-yttop/evidence/assets/40a1c8f6e6fc60ae.jpg,https://cdn.imweb.me/thumbnail/20250523/e9f99ce0fa137.jpg,654,748,research/2026-09-11-yttop/evidence/ocr/40a1c8f6e6fc60ae.jpg.txt,candidate_not_visually_approved
colonoscopy-preparation,research/2026-09-11-yttop/evidence/assets/354620999a00e2d2.jpg,https://cdn.imweb.me/thumbnail/20250523/89e2b2f7efd76.jpg,654,748,research/2026-09-11-yttop/evidence/ocr/354620999a00e2d2.jpg.txt,candidate_not_visually_approved
colonoscopy-preparation,research/2026-09-11-yttop/evidence/assets/56735d3cbe149710.png,https://cdn.imweb.me/thumbnail/20250530/365fa1a2f88ec.png,392,255,research/2026-09-11-yttop/evidence/ocr/56735d3cbe149710.png.txt,candidate_not_visually_approved
colonoscopy-preparation,research/2026-09-11-yttop/evidence/assets/b101f7e132241cf9.png,https://cdn.imweb.me/thumbnail/20250530/fa3d20bf1cd01.png,388,255,research/2026-09-11-yttop/evidence/ocr/b101f7e132241cf9.png.txt,candidate_not_visually_approved
colonoscopy-preparation,research/2026-09-11-yttop/evidence/assets/984f96a7b5b6e308.png,https://cdn.imweb.me/thumbnail/20250530/4b5a9eed6813c.png,298,255,research/2026-09-11-yttop/evidence/ocr/984f96a7b5b6e308.png.txt,candidate_not_visually_approved
colonoscopy-preparation,research/2026-09-11-yttop/evidence/assets/ca51e5c814411ffa.png,https://cdn.imweb.me/thumbnail/20250530/5df140921b260.png,303,255,research/2026-09-11-yttop/evidence/ocr/ca51e5c814411ffa.png.txt,candidate_not_visually_approved
colonoscopy-preparation,research/2026-09-11-yttop/evidence/assets/ae2c46343559732b.png,https://cdn.imweb.me/thumbnail/20250530/c6f3211492ac4.png,392,255,research/2026-09-11-yttop/evidence/ocr/ae2c46343559732b.png.txt,candidate_not_visually_approved
colonoscopy-preparation,research/2026-09-11-yttop/evidence/assets/bc0d4599d7976789.png,https://cdn.imweb.me/thumbnail/20250530/86d0711db945f.png,388,255,research/2026-09-11-yttop/evidence/ocr/bc0d4599d7976789.png.txt,candidate_not_visually_approved
colonoscopy-preparation,research/2026-09-11-yttop/evidence/assets/9a2e349b072cc815.png,https://cdn.imweb.me/thumbnail/20250530/7882c4ba23d2d.png,298,255,research/2026-09-11-yttop/evidence/ocr/9a2e349b072cc815.png.txt,candidate_not_visually_approved
colonoscopy-preparation,research/2026-09-11-yttop/evidence/assets/45728b3be01b06a7.png,https://cdn.imweb.me/thumbnail/20250530/fdeb0bf984d98.png,303,255,research/2026-09-11-yttop/evidence/ocr/45728b3be01b06a7.png.txt,candidate_not_visually_approved
colonoscopy-preparation,research/2026-09-11-yttop/evidence/assets/4d52388db56cc348.png,https://cdn.imweb.me/thumbnail/20250530/67d3406979327.png,392,255,research/2026-09-11-yttop/evidence/ocr/4d52388db56cc348.png.txt,candidate_not_visually_approved
colonoscopy-preparation,research/2026-09-11-yttop/evidence/assets/3b1faf25fbc919bc.png,https://cdn.imweb.me/thumbnail/20250530/8e5e5ad36eb5b.png,388,255,research/2026-09-11-yttop/evidence/ocr/3b1faf25fbc919bc.png.txt,candidate_not_visually_approved
colonoscopy-preparation,research/2026-09-11-yttop/evidence/assets/b0445f7e5c184164.png,https://cdn.imweb.me/thumbnail/20250530/640096ae4b61b.png,298,255,research/2026-09-11-yttop/evidence/ocr/b0445f7e5c184164.png.txt,candidate_not_visually_approved
colonoscopy-preparation,research/2026-09-11-yttop/evidence/assets/733fee6a162bb096.png,https://cdn.imweb.me/thumbnail/20250530/e72fef4ed5f27.png,303,255,research/2026-09-11-yttop/evidence/ocr/733fee6a162bb096.png.txt,candidate_not_visually_approved
sitemap,research/2026-09-11-yttop/evidence/assets/3940fdda35ddaccb.jpg,https://cdn.imweb.me/upload/S202304199e04167fc8c5a/7767393bab5dd.jpg,1080,1080,research/2026-09-11-yttop/evidence/ocr/3940fdda35ddaccb.jpg.txt,candidate_not_visually_approved
sitemap,research/2026-09-11-yttop/evidence/assets/f728d93fe9a7ac8b.jpg,https://cdn.imweb.me/upload/S202304199e04167fc8c5a/d2f35d7923d30.jpg,2160,1483,research/2026-09-11-yttop/evidence/ocr/f728d93fe9a7ac8b.jpg.txt,candidate_not_visually_approved
sitemap,research/2026-09-11-yttop/evidence/assets/4b07624a614ff2dd.jpg,https://cdn.imweb.me/upload/S202304199e04167fc8c5a/084170a0e76ee.jpg,900,900,research/2026-09-11-yttop/evidence/ocr/4b07624a614ff2dd.jpg.txt,candidate_not_visually_approved
sitemap,research/2026-09-11-yttop/evidence/assets/c4b7bcad82bb2f51.jpg,https://cdn.imweb.me/upload/S202304199e04167fc8c5a/0cb519f9a9f55.jpg,900,900,research/2026-09-11-yttop/evidence/ocr/c4b7bcad82bb2f51.jpg.txt,candidate_not_visually_approved
sitemap,research/2026-09-11-yttop/evidence/assets/62d1087812fbaa66.jpg,https://cdn.imweb.me/upload/S202304199e04167fc8c5a/9eb227a31e8b3.jpg,2480,3508,research/2026-09-11-yttop/evidence/ocr/62d1087812fbaa66.jpg.txt,candidate_not_visually_approved
sitemap,research/2026-09-11-yttop/evidence/assets/27f5b8915dcaa2af.png,https://cdn.imweb.me/thumbnail/20250725/6039576a713dd.png,691,751,research/2026-09-11-yttop/evidence/ocr/27f5b8915dcaa2af.png.txt,candidate_not_visually_approved
sitemap,research/2026-09-11-yttop/evidence/assets/589fa5799cadb78b.png,https://cdn.imweb.me/thumbnail/20250613/f8a69eaabfe64.png,661,615,research/2026-09-11-yttop/evidence/ocr/589fa5799cadb78b.png.txt,candidate_not_visually_approved
sitemap,research/2026-09-11-yttop/evidence/assets/509c6b62ad28af6b.png,https://cdn.imweb.me/thumbnail/20250613/c1a5c016695c9.png,705,615,research/2026-09-11-yttop/evidence/ocr/509c6b62ad28af6b.png.txt,candidate_not_visually_approved
sitemap,research/2026-09-11-yttop/evidence/assets/de8031c34528d485.png,https://cdn.imweb.me/thumbnail/20250613/bdbefde33e1e8.png,761,521,research/2026-09-11-yttop/evidence/ocr/de8031c34528d485.png.txt,candidate_not_visually_approved
sitemap,research/2026-09-11-yttop/evidence/assets/532e2a67541cd9b9.png,https://cdn.imweb.me/thumbnail/20250613/24ac1a41f9199.png,768,499,research/2026-09-11-yttop/evidence/ocr/532e2a67541cd9b9.png.txt,candidate_not_visually_approved
sitemap,research/2026-09-11-yttop/evidence/assets/fa93bd6250a67ae1.png,https://cdn.imweb.me/thumbnail/20250613/dc5f27bfcd872.png,694,627,research/2026-09-11-yttop/evidence/ocr/fa93bd6250a67ae1.png.txt,candidate_not_visually_approved
sitemap,research/2026-09-11-yttop/evidence/assets/8f6e26910aa32713.png,https://cdn.imweb.me/thumbnail/20250613/35a3463a43694.png,559,615,research/2026-09-11-yttop/evidence/ocr/8f6e26910aa32713.png.txt,candidate_not_visually_approved
sitemap,research/2026-09-11-yttop/evidence/assets/af0a4ebc8037466a.png,https://cdn.imweb.me/thumbnail/20250612/af734d5342314.png,761,611,research/2026-09-11-yttop/evidence/ocr/af0a4ebc8037466a.png.txt,candidate_not_visually_approved
sitemap,research/2026-09-11-yttop/evidence/assets/81d4ff8cdeca1cca.png,https://cdn.imweb.me/thumbnail/20250612/2082f65ed7cc4.png,761,532,research/2026-09-11-yttop/evidence/ocr/81d4ff8cdeca1cca.png.txt,candidate_not_visually_approved
sitemap,research/2026-09-11-yttop/evidence/assets/94e58259d43d1986.png,https://cdn.imweb.me/thumbnail/20250611/38aa4c2ef3609.png,565,615,research/2026-09-11-yttop/evidence/ocr/94e58259d43d1986.png.txt,candidate_not_visually_approved
sitemap,research/2026-09-11-yttop/evidence/assets/3f55c0d525c15988.png,https://cdn.imweb.me/thumbnail/20250611/69f037b79dc97.png,1000,397,research/2026-09-11-yttop/evidence/ocr/3f55c0d525c15988.png.txt,candidate_not_visually_approved
sitemap,research/2026-09-11-yttop/evidence/assets/37591871243a2027.png,https://cdn.imweb.me/thumbnail/20250611/0f0e181a30930.png,761,544,research/2026-09-11-yttop/evidence/ocr/37591871243a2027.png.txt,candidate_not_visually_approved
sitemap,research/2026-09-11-yttop/evidence/assets/81338dfdb7e91289.png,https://cdn.imweb.me/thumbnail/20250610/b6ddcfb25387a.png,705,615,research/2026-09-11-yttop/evidence/ocr/81338dfdb7e91289.png.txt,candidate_not_visually_approved
sitemap,research/2026-09-11-yttop/evidence/assets/ad1d8c2b18855695.png,https://cdn.imweb.me/thumbnail/20250610/2d10b393e93a2.png,605,615,research/2026-09-11-yttop/evidence/ocr/ad1d8c2b18855695.png.txt,candidate_not_visually_approved
sitemap,research/2026-09-11-yttop/evidence/assets/e45130ba62eae8f8.png,https://cdn.imweb.me/thumbnail/20250610/1f38eb939d517.png,761,499,research/2026-09-11-yttop/evidence/ocr/e45130ba62eae8f8.png.txt,candidate_not_visually_approved
sitemap,research/2026-09-11-yttop/evidence/assets/ce53f41e188a68dd.png,https://cdn.imweb.me/thumbnail/20250609/19f6798ab63de.png,677,615,research/2026-09-11-yttop/evidence/ocr/ce53f41e188a68dd.png.txt,candidate_not_visually_approved
sitemap,research/2026-09-11-yttop/evidence/assets/296d269043da0a56.png,https://cdn.imweb.me/thumbnail/20250609/2501eff306dce.png,623,615,research/2026-09-11-yttop/evidence/ocr/296d269043da0a56.png.txt,candidate_not_visually_approved
sitemap,research/2026-09-11-yttop/evidence/assets/28918b61b613d137.png,https://cdn.imweb.me/thumbnail/20250609/c088ae633a461.png,691,615,research/2026-09-11-yttop/evidence/ocr/28918b61b613d137.png.txt,candidate_not_visually_approved
sitemap,research/2026-09-11-yttop/evidence/assets/105d8ae204559430.png,https://cdn.imweb.me/thumbnail/20250609/7c58ebace80d9.png,761,495,research/2026-09-11-yttop/evidence/ocr/105d8ae204559430.png.txt,candidate_not_visually_approved
sitemap,research/2026-09-11-yttop/evidence/assets/4095fd699bc82026.png,https://cdn.imweb.me/thumbnail/20250530/0672442fb3fc5.png,381,255,research/2026-09-11-yttop/evidence/ocr/4095fd699bc82026.png.txt,candidate_not_visually_approved
sitemap,research/2026-09-11-yttop/evidence/assets/da94573e36336093.png,https://cdn.imweb.me/thumbnail/20250530/3b8e04d0e0578.png,393,255,research/2026-09-11-yttop/evidence/ocr/da94573e36336093.png.txt,candidate_not_visually_approved
sitemap,research/2026-09-11-yttop/evidence/assets/d5a80194c4cffeb2.png,https://cdn.imweb.me/thumbnail/20250530/6ea57406cf0c4.png,343,255,research/2026-09-11-yttop/evidence/ocr/d5a80194c4cffeb2.png.txt,candidate_not_visually_approved
sitemap,research/2026-09-11-yttop/evidence/assets/dff75d41957a5b09.png,https://cdn.imweb.me/thumbnail/20250605/1e044525b2e38.png,761,570,research/2026-09-11-yttop/evidence/ocr/dff75d41957a5b09.png.txt,candidate_not_visually_approved
sitemap,research/2026-09-11-yttop/evidence/assets/eea9a3b7e5ad1bc2.png,https://cdn.imweb.me/thumbnail/20250530/6b2d60ee48405.png,298,255,research/2026-09-11-yttop/evidence/ocr/eea9a3b7e5ad1bc2.png.txt,candidate_not_visually_approved
sitemap,research/2026-09-11-yttop/evidence/assets/97c9b3b8fc8de93d.png,https://cdn.imweb.me/thumbnail/20250530/365eef694d391.png,392,255,research/2026-09-11-yttop/evidence/ocr/97c9b3b8fc8de93d.png.txt,candidate_not_visually_approved
case-167025586,research/2026-09-11-yttop/evidence/assets/212b6d872a9bdf2e.png,https://cdn.imweb.me/thumbnail/20250530/0d8313fbbb73c.png,1920,500,research/2026-09-11-yttop/evidence/ocr/212b6d872a9bdf2e.png.txt,candidate_not_visually_approved
case-167025586,research/2026-09-11-yttop/evidence/assets/24f843c3c3275cc6.png,https://cdn.imweb.me/thumbnail/20250530/e8e68f0bf3d23.png,1920,500,research/2026-09-11-yttop/evidence/ocr/24f843c3c3275cc6.png.txt,candidate_not_visually_approved
case-167025586,research/2026-09-11-yttop/evidence/assets/7363ee9f69ea4bcf.png,https://cdn.imweb.me/upload/S202304199e04167fc8c5a/98f28056097f0.png,691,751,research/2026-09-11-yttop/evidence/ocr/7363ee9f69ea4bcf.png.txt,candidate_not_visually_approved
case-167025586,research/2026-09-11-yttop/evidence/assets/874f93e805c5110b.png,https://cdn.imweb.me/upload/S202304199e04167fc8c5a/840b9d16f8668.png,926,617,research/2026-09-11-yttop/evidence/ocr/874f93e805c5110b.png.txt,candidate_not_visually_approved
case-167025586,research/2026-09-11-yttop/evidence/assets/d990e41c701a4151.png,https://cdn.imweb.me/upload/S202304199e04167fc8c5a/e30198147ec15.png,617,617,research/2026-09-11-yttop/evidence/ocr/d990e41c701a4151.png.txt,candidate_not_visually_approved
case-167025586,research/2026-09-11-yttop/evidence/assets/ada5ccb589dbd4d0.png,https://cdn.imweb.me/upload/S202304199e04167fc8c5a/9166d89655365.png,764,617,research/2026-09-11-yttop/evidence/ocr/ada5ccb589dbd4d0.png.txt,candidate_not_visually_approved
case-167025586,research/2026-09-11-yttop/evidence/assets/a848a6252b6cfda1.png,https://cdn.imweb.me/upload/S202304199e04167fc8c5a/2e10056738410.png,1074,798,research/2026-09-11-yttop/evidence/ocr/a848a6252b6cfda1.png.txt,candidate_not_visually_approved
case-167025586,research/2026-09-11-yttop/evidence/assets/f98454e28db5a765.png,https://cdn.imweb.me/upload/S202304199e04167fc8c5a/278ca3f575a41.png,1030,768,research/2026-09-11-yttop/evidence/ocr/f98454e28db5a765.png.txt,candidate_not_visually_approved
case-167025586,research/2026-09-11-yttop/evidence/assets/f9ae95ac2ef6cd87.png,https://cdn.imweb.me/upload/S202304199e04167fc8c5a/c430a8bb761f9.png,835,617,research/2026-09-11-yttop/evidence/ocr/f9ae95ac2ef6cd87.png.txt,candidate_not_visually_approved
case-167025586,research/2026-09-11-yttop/evidence/assets/16362dc47a0a23b5.png,https://cdn.imweb.me/upload/S202304199e04167fc8c5a/f307862884089.png,1174,167,research/2026-09-11-yttop/evidence/ocr/16362dc47a0a23b5.png.txt,candidate_not_visually_approved
case-167025586,research/2026-09-11-yttop/evidence/assets/f042b1134142887c.jpg,https://cdn.imweb.me/upload/S202304199e04167fc8c5a/c2b14f54e35c7.jpg,1920,1080,research/2026-09-11-yttop/evidence/ocr/f042b1134142887c.jpg.txt,candidate_not_visually_approved
case-167025586,research/2026-09-11-yttop/evidence/assets/27070e473ed440b8.png,https://cdn.imweb.me/thumbnail/20250725/74beacab6a8ba.png,580,630,research/2026-09-11-yttop/evidence/ocr/27070e473ed440b8.png.txt,candidate_not_visually_approved
case-165407958,research/2026-09-11-yttop/evidence/assets/212b6d872a9bdf2e.png,https://cdn.imweb.me/thumbnail/20250530/0d8313fbbb73c.png,1920,500,research/2026-09-11-yttop/evidence/ocr/212b6d872a9bdf2e.png.txt,candidate_not_visually_approved
case-165407958,research/2026-09-11-yttop/evidence/assets/24f843c3c3275cc6.png,https://cdn.imweb.me/thumbnail/20250530/e8e68f0bf3d23.png,1920,500,research/2026-09-11-yttop/evidence/ocr/24f843c3c3275cc6.png.txt,candidate_not_visually_approved
case-165407958,research/2026-09-11-yttop/evidence/assets/538fdbc8dd173c5a.png,https://cdn.imweb.me/upload/S202304199e04167fc8c5a/a12b74def9275.png,661,615,research/2026-09-11-yttop/evidence/ocr/538fdbc8dd173c5a.png.txt,candidate_not_visually_approved
case-165407958,research/2026-09-11-yttop/evidence/assets/b29914b20c5ef1f8.png,https://cdn.imweb.me/upload/S202304199e04167fc8c5a/18a69fd2238af.png,699,615,research/2026-09-11-yttop/evidence/ocr/b29914b20c5ef1f8.png.txt,candidate_not_visually_approved
case-165407958,research/2026-09-11-yttop/evidence/assets/ee3e13de09b412d8.png,https://cdn.imweb.me/upload/S202304199e04167fc8c5a/93d2fd9b59879.png,689,615,research/2026-09-11-yttop/evidence/ocr/ee3e13de09b412d8.png.txt,candidate_not_visually_approved
case-165407958,research/2026-09-11-yttop/evidence/assets/1a80e22eecf36afc.png,https://cdn.imweb.me/thumbnail/20250613/4050a7a784198.png,661,615,research/2026-09-11-yttop/evidence/ocr/1a80e22eecf36afc.png.txt,candidate_not_visually_approved
case-165407885,research/2026-09-11-yttop/evidence/assets/212b6d872a9bdf2e.png,https://cdn.imweb.me/thumbnail/20250530/0d8313fbbb73c.png,1920,500,research/2026-09-11-yttop/evidence/ocr/212b6d872a9bdf2e.png.txt,candidate_not_visually_approved
case-165407885,research/2026-09-11-yttop/evidence/assets/24f843c3c3275cc6.png,https://cdn.imweb.me/thumbnail/20250530/e8e68f0bf3d23.png,1920,500,research/2026-09-11-yttop/evidence/ocr/24f843c3c3275cc6.png.txt,candidate_not_visually_approved
case-165407885,research/2026-09-11-yttop/evidence/assets/686d8930400f71d9.png,https://cdn.imweb.me/upload/S202304199e04167fc8c5a/b4c866d988c43.png,705,615,research/2026-09-11-yttop/evidence/ocr/686d8930400f71d9.png.txt,candidate_not_visually_approved
case-165407885,research/2026-09-11-yttop/evidence/assets/42801755e978b13d.png,https://cdn.imweb.me/upload/S202304199e04167fc8c5a/95303e6355ee7.png,695,615,research/2026-09-11-yttop/evidence/ocr/42801755e978b13d.png.txt,candidate_not_visually_approved
case-165407885,research/2026-09-11-yttop/evidence/assets/44896b6e5759d430.png,https://cdn.imweb.me/upload/S202304199e04167fc8c5a/5dc2a7a67080a.png,697,615,research/2026-09-11-yttop/evidence/ocr/44896b6e5759d430.png.txt,candidate_not_visually_approved
case-165407885,research/2026-09-11-yttop/evidence/assets/da6d48c2a7f1ca23.png,https://cdn.imweb.me/thumbnail/20250613/f7aa017e02b40.png,705,615,research/2026-09-11-yttop/evidence/ocr/da6d48c2a7f1ca23.png.txt,candidate_not_visually_approved
notice-screening-evaluation,research/2026-09-11-yttop/evidence/assets/27f204147f443b15.png,https://cdn.imweb.me/thumbnail/20250530/9c6822061d2fb.png,1920,500,research/2026-09-11-yttop/evidence/ocr/27f204147f443b15.png.txt,candidate_not_visually_approved
notice-screening-evaluation,research/2026-09-11-yttop/evidence/assets/8cd0566b02c3a055.png,https://cdn.imweb.me/thumbnail/20250530/93bf285e2fc4c.png,1920,500,research/2026-09-11-yttop/evidence/ocr/8cd0566b02c3a055.png.txt,candidate_not_visually_approved
notice-screening-evaluation,research/2026-09-11-yttop/evidence/assets/de3559e00beab695.jpg,https://cdn.imweb.me/upload/S202304199e04167fc8c5a/5f966777f49bd.jpg,900,900,research/2026-09-11-yttop/evidence/ocr/de3559e00beab695.jpg.txt,candidate_not_visually_approved
notice-drug-certificate,research/2026-09-11-yttop/evidence/assets/27f204147f443b15.png,https://cdn.imweb.me/thumbnail/20250530/9c6822061d2fb.png,1920,500,research/2026-09-11-yttop/evidence/ocr/27f204147f443b15.png.txt,candidate_not_visually_approved
notice-drug-certificate,research/2026-09-11-yttop/evidence/assets/8cd0566b02c3a055.png,https://cdn.imweb.me/thumbnail/20250530/93bf285e2fc4c.png,1920,500,research/2026-09-11-yttop/evidence/ocr/8cd0566b02c3a055.png.txt,candidate_not_visually_approved
notice-drug-certificate,research/2026-09-11-yttop/evidence/assets/659eeb037ef62b8f.jpg,https://cdn.imweb.me/upload/S202304199e04167fc8c5a/1a2d2327118f4.jpg,900,900,research/2026-09-11-yttop/evidence/ocr/659eeb037ef62b8f.jpg.txt,candidate_not_visually_approved
notice-pathfast,research/2026-09-11-yttop/evidence/assets/27f204147f443b15.png,https://cdn.imweb.me/thumbnail/20250530/9c6822061d2fb.png,1920,500,research/2026-09-11-yttop/evidence/ocr/27f204147f443b15.png.txt,candidate_not_visually_approved
notice-pathfast,research/2026-09-11-yttop/evidence/assets/8cd0566b02c3a055.png,https://cdn.imweb.me/thumbnail/20250530/93bf285e2fc4c.png,1920,500,research/2026-09-11-yttop/evidence/ocr/8cd0566b02c3a055.png.txt,candidate_not_visually_approved
notice-pathfast,research/2026-09-11-yttop/evidence/assets/c4b1dc0024e54b32.jpg,https://cdn.imweb.me/upload/S202304199e04167fc8c5a/ad3294f1b207b.jpg,900,900,research/2026-09-11-yttop/evidence/ocr/c4b1dc0024e54b32.jpg.txt,candidate_not_visually_approved
notice-pathfast,research/2026-09-11-yttop/evidence/assets/05f9daac77b89054.jpg,https://cdn.imweb.me/thumbnail/20250626/4d655e57f1bad.jpg,630,630,research/2026-09-11-yttop/evidence/ocr/05f9daac77b89054.jpg.txt,candidate_not_visually_approved
notice-closure-20250624,research/2026-09-11-yttop/evidence/assets/27f204147f443b15.png,https://cdn.imweb.me/thumbnail/20250530/9c6822061d2fb.png,1920,500,research/2026-09-11-yttop/evidence/ocr/27f204147f443b15.png.txt,candidate_not_visually_approved
notice-closure-20250624,research/2026-09-11-yttop/evidence/assets/8cd0566b02c3a055.png,https://cdn.imweb.me/thumbnail/20250530/93bf285e2fc4c.png,1920,500,research/2026-09-11-yttop/evidence/ocr/8cd0566b02c3a055.png.txt,candidate_not_visually_approved
notice-closure-20250624,research/2026-09-11-yttop/evidence/assets/dd486d2842e3fa96.jpg,https://cdn.imweb.me/upload/S202304199e04167fc8c5a/7d9bcdf140cb6.jpg,1000,1000,research/2026-09-11-yttop/evidence/ocr/dd486d2842e3fa96.jpg.txt,candidate_not_visually_approved
notice-closure-20250624,research/2026-09-11-yttop/evidence/assets/7449a0058b6e0021.jpg,https://cdn.imweb.me/thumbnail/20250620/5b4abfb84f5c7.jpg,630,630,research/2026-09-11-yttop/evidence/ocr/7449a0058b6e0021.jpg.txt,candidate_not_visually_approved
notice-mammography,research/2026-09-11-yttop/evidence/assets/27f204147f443b15.png,https://cdn.imweb.me/thumbnail/20250530/9c6822061d2fb.png,1920,500,research/2026-09-11-yttop/evidence/ocr/27f204147f443b15.png.txt,candidate_not_visually_approved
notice-mammography,research/2026-09-11-yttop/evidence/assets/8cd0566b02c3a055.png,https://cdn.imweb.me/thumbnail/20250530/93bf285e2fc4c.png,1920,500,research/2026-09-11-yttop/evidence/ocr/8cd0566b02c3a055.png.txt,candidate_not_visually_approved
notice-mammography,research/2026-09-11-yttop/evidence/assets/660cd26eace832ca.jpg,https://cdn.imweb.me/upload/S202304199e04167fc8c5a/6310908f5e1a8.jpg,900,900,research/2026-09-11-yttop/evidence/ocr/660cd26eace832ca.jpg.txt,candidate_not_visually_approved
notice-mammography,research/2026-09-11-yttop/evidence/assets/97d55f6dea816d6b.jpg,https://cdn.imweb.me/thumbnail/20250611/9f1404dbf2d35.jpg,630,630,research/2026-09-11-yttop/evidence/ocr/97d55f6dea816d6b.jpg.txt,candidate_not_visually_approved
case-165407798,research/2026-09-11-yttop/evidence/assets/212b6d872a9bdf2e.png,https://cdn.imweb.me/thumbnail/20250530/0d8313fbbb73c.png,1920,500,research/2026-09-11-yttop/evidence/ocr/212b6d872a9bdf2e.png.txt,candidate_not_visually_approved
case-165407798,research/2026-09-11-yttop/evidence/assets/24f843c3c3275cc6.png,https://cdn.imweb.me/thumbnail/20250530/e8e68f0bf3d23.png,1920,500,research/2026-09-11-yttop/evidence/ocr/24f843c3c3275cc6.png.txt,candidate_not_visually_approved
case-165407798,research/2026-09-11-yttop/evidence/assets/8bbd9a9885b95097.png,https://cdn.imweb.me/upload/S202304199e04167fc8c5a/ee258a2cfff51.png,761,521,research/2026-09-11-yttop/evidence/ocr/8bbd9a9885b95097.png.txt,candidate_not_visually_approved
case-165407798,research/2026-09-11-yttop/evidence/assets/911de060e399ef60.png,https://cdn.imweb.me/upload/S202304199e04167fc8c5a/3836128747417.png,761,443,research/2026-09-11-yttop/evidence/ocr/911de060e399ef60.png.txt,candidate_not_visually_approved
case-165407798,research/2026-09-11-yttop/evidence/assets/08536b5317598da3.png,https://cdn.imweb.me/upload/S202304199e04167fc8c5a/aefaaf9e1bb49.png,761,537,research/2026-09-11-yttop/evidence/ocr/08536b5317598da3.png.txt,candidate_not_visually_approved
case-165407798,research/2026-09-11-yttop/evidence/assets/842efc505f47229c.png,https://cdn.imweb.me/upload/S202304199e04167fc8c5a/a0cddcac7639b.png,761,553,research/2026-09-11-yttop/evidence/ocr/842efc505f47229c.png.txt,candidate_not_visually_approved
case-165407798,research/2026-09-11-yttop/evidence/assets/9d7b04cf75114ec1.png,https://cdn.imweb.me/thumbnail/20250613/219ca9313d6e5.png,761,521,research/2026-09-11-yttop/evidence/ocr/9d7b04cf75114ec1.png.txt,candidate_not_visually_approved
case-165396339,research/2026-09-11-yttop/evidence/assets/212b6d872a9bdf2e.png,https://cdn.imweb.me/thumbnail/20250530/0d8313fbbb73c.png,1920,500,research/2026-09-11-yttop/evidence/ocr/212b6d872a9bdf2e.png.txt,candidate_not_visually_approved
case-165396339,research/2026-09-11-yttop/evidence/assets/24f843c3c3275cc6.png,https://cdn.imweb.me/thumbnail/20250530/e8e68f0bf3d23.png,1920,500,research/2026-09-11-yttop/evidence/ocr/24f843c3c3275cc6.png.txt,candidate_not_visually_approved
case-165396339,research/2026-09-11-yttop/evidence/assets/6c11923506c8a43b.png,https://cdn.imweb.me/upload/S202304199e04167fc8c5a/a2416b3288529.png,768,499,research/2026-09-11-yttop/evidence/ocr/6c11923506c8a43b.png.txt,candidate_not_visually_approved
case-165396339,research/2026-09-11-yttop/evidence/assets/bfd73d8d27586a80.png,https://cdn.imweb.me/upload/S202304199e04167fc8c5a/b582d8ef9b6cb.png,761,511,research/2026-09-11-yttop/evidence/ocr/bfd73d8d27586a80.png.txt,candidate_not_visually_approved
case-165396339,research/2026-09-11-yttop/evidence/assets/2d758f6efb1606f9.png,https://cdn.imweb.me/upload/S202304199e04167fc8c5a/355145b407fe0.png,761,409,research/2026-09-11-yttop/evidence/ocr/2d758f6efb1606f9.png.txt,candidate_not_visually_approved
case-165396339,research/2026-09-11-yttop/evidence/assets/da112aedcf881d91.png,https://cdn.imweb.me/upload/S202304199e04167fc8c5a/97b055edee705.png,751,550,research/2026-09-11-yttop/evidence/ocr/da112aedcf881d91.png.txt,candidate_not_visually_approved
case-165396339,research/2026-09-11-yttop/evidence/assets/86816c5ac83bc53b.png,https://cdn.imweb.me/thumbnail/20250613/749747dfa5518.png,768,499,research/2026-09-11-yttop/evidence/ocr/86816c5ac83bc53b.png.txt,candidate_not_visually_approved
case-165396249,research/2026-09-11-yttop/evidence/assets/212b6d872a9bdf2e.png,https://cdn.imweb.me/thumbnail/20250530/0d8313fbbb73c.png,1920,500,research/2026-09-11-yttop/evidence/ocr/212b6d872a9bdf2e.png.txt,candidate_not_visually_approved
case-165396249,research/2026-09-11-yttop/evidence/assets/24f843c3c3275cc6.png,https://cdn.imweb.me/thumbnail/20250530/e8e68f0bf3d23.png,1920,500,research/2026-09-11-yttop/evidence/ocr/24f843c3c3275cc6.png.txt,candidate_not_visually_approved
case-165396249,research/2026-09-11-yttop/evidence/assets/50d02e0eadc21fea.png,https://cdn.imweb.me/upload/S202304199e04167fc8c5a/2e71d91d9cdf5.png,694,627,research/2026-09-11-yttop/evidence/ocr/50d02e0eadc21fea.png.txt,candidate_not_visually_approved
case-165396249,research/2026-09-11-yttop/evidence/assets/0d2f480a831a7624.png,https://cdn.imweb.me/thumbnail/20250613/73f23ec194782.png,694,627,research/2026-09-11-yttop/evidence/ocr/0d2f480a831a7624.png.txt,candidate_not_visually_approved
case-165396187,research/2026-09-11-yttop/evidence/assets/212b6d872a9bdf2e.png,https://cdn.imweb.me/thumbnail/20250530/0d8313fbbb73c.png,1920,500,research/2026-09-11-yttop/evidence/ocr/212b6d872a9bdf2e.png.txt,candidate_not_visually_approved
case-165396187,research/2026-09-11-yttop/evidence/assets/24f843c3c3275cc6.png,https://cdn.imweb.me/thumbnail/20250530/e8e68f0bf3d23.png,1920,500,research/2026-09-11-yttop/evidence/ocr/24f843c3c3275cc6.png.txt,candidate_not_visually_approved
case-165396187,research/2026-09-11-yttop/evidence/assets/e52c2453e6e51d1a.png,https://cdn.imweb.me/upload/S202304199e04167fc8c5a/401e7cacdd343.png,559,615,research/2026-09-11-yttop/evidence/ocr/e52c2453e6e51d1a.png.txt,candidate_not_visually_approved
case-165396187,research/2026-09-11-yttop/evidence/assets/8d916bdc2cf81b8f.png,https://cdn.imweb.me/upload/S202304199e04167fc8c5a/cb8083ef8fffc.png,761,505,research/2026-09-11-yttop/evidence/ocr/8d916bdc2cf81b8f.png.txt,candidate_not_visually_approved
case-165396187,research/2026-09-11-yttop/evidence/assets/eac1602d7390164f.png,https://cdn.imweb.me/upload/S202304199e04167fc8c5a/6e976bdfeb9ac.png,761,545,research/2026-09-11-yttop/evidence/ocr/eac1602d7390164f.png.txt,candidate_not_visually_approved
case-165396187,research/2026-09-11-yttop/evidence/assets/997fd9bc51d9c212.png,https://cdn.imweb.me/upload/S202304199e04167fc8c5a/f40763d163a4e.png,761,511,research/2026-09-11-yttop/evidence/ocr/997fd9bc51d9c212.png.txt,candidate_not_visually_approved
case-165396187,research/2026-09-11-yttop/evidence/assets/eb98c5e6a06dd806.png,https://cdn.imweb.me/upload/S202304199e04167fc8c5a/99b524ac7c825.png,761,557,research/2026-09-11-yttop/evidence/ocr/eb98c5e6a06dd806.png.txt,candidate_not_visually_approved
case-165396187,research/2026-09-11-yttop/evidence/assets/03effdf1a250c688.png,https://cdn.imweb.me/upload/S202304199e04167fc8c5a/2d11de98c4f7b.png,761,557,research/2026-09-11-yttop/evidence/ocr/03effdf1a250c688.png.txt,candidate_not_visually_approved
case-165396187,research/2026-09-11-yttop/evidence/assets/8316a979f4aad625.png,https://cdn.imweb.me/upload/S202304199e04167fc8c5a/30b4e9fb95964.png,761,565,research/2026-09-11-yttop/evidence/ocr/8316a979f4aad625.png.txt,candidate_not_visually_approved
case-165396187,research/2026-09-11-yttop/evidence/assets/045bc61908a16506.png,https://cdn.imweb.me/upload/S202304199e04167fc8c5a/6c4d086837fbf.png,761,551,research/2026-09-11-yttop/evidence/ocr/045bc61908a16506.png.txt,candidate_not_visually_approved
case-165396187,research/2026-09-11-yttop/evidence/assets/4d9b21c98d686999.png,https://cdn.imweb.me/upload/S202304199e04167fc8c5a/1112d9cc4774c.png,771,335,research/2026-09-11-yttop/evidence/ocr/4d9b21c98d686999.png.txt,candidate_not_visually_approved
case-165396187,research/2026-09-11-yttop/evidence/assets/2d6cf1d42cfb6d86.png,https://cdn.imweb.me/thumbnail/20250613/50c443925910b.png,559,615,research/2026-09-11-yttop/evidence/ocr/2d6cf1d42cfb6d86.png.txt,candidate_not_visually_approved
case-165338735,research/2026-09-11-yttop/evidence/assets/212b6d872a9bdf2e.png,https://cdn.imweb.me/thumbnail/20250530/0d8313fbbb73c.png,1920,500,research/2026-09-11-yttop/evidence/ocr/212b6d872a9bdf2e.png.txt,candidate_not_visually_approved
case-165338735,research/2026-09-11-yttop/evidence/assets/24f843c3c3275cc6.png,https://cdn.imweb.me/thumbnail/20250530/e8e68f0bf3d23.png,1920,500,research/2026-09-11-yttop/evidence/ocr/24f843c3c3275cc6.png.txt,candidate_not_visually_approved
case-165338735,research/2026-09-11-yttop/evidence/assets/7a46fc90ccd93b06.png,https://cdn.imweb.me/upload/S202304199e04167fc8c5a/80853f6ccea42.png,761,611,research/2026-09-11-yttop/evidence/ocr/7a46fc90ccd93b06.png.txt,candidate_not_visually_approved
case-165338735,research/2026-09-11-yttop/evidence/assets/02846b7761ced5a9.png,https://cdn.imweb.me/upload/S202304199e04167fc8c5a/496b241bed1c0.png,761,581,research/2026-09-11-yttop/evidence/ocr/02846b7761ced5a9.png.txt,candidate_not_visually_approved
case-165338735,research/2026-09-11-yttop/evidence/assets/648f5ac75010d4d8.png,https://cdn.imweb.me/upload/S202304199e04167fc8c5a/69259f4ea5983.png,761,599,research/2026-09-11-yttop/evidence/ocr/648f5ac75010d4d8.png.txt,candidate_not_visually_approved
case-165338735,research/2026-09-11-yttop/evidence/assets/dbdc1ee8e4438f16.png,https://cdn.imweb.me/upload/S202304199e04167fc8c5a/68ca211cd6e86.png,761,589,research/2026-09-11-yttop/evidence/ocr/dbdc1ee8e4438f16.png.txt,candidate_not_visually_approved
case-165338735,research/2026-09-11-yttop/evidence/assets/cb1a5dc26712b7ea.png,https://cdn.imweb.me/thumbnail/20250612/62fe1c2bccb74.png,761,611,research/2026-09-11-yttop/evidence/ocr/cb1a5dc26712b7ea.png.txt,candidate_not_visually_approved
case-165338662,research/2026-09-11-yttop/evidence/assets/212b6d872a9bdf2e.png,https://cdn.imweb.me/thumbnail/20250530/0d8313fbbb73c.png,1920,500,research/2026-09-11-yttop/evidence/ocr/212b6d872a9bdf2e.png.txt,candidate_not_visually_approved
case-165338662,research/2026-09-11-yttop/evidence/assets/24f843c3c3275cc6.png,https://cdn.imweb.me/thumbnail/20250530/e8e68f0bf3d23.png,1920,500,research/2026-09-11-yttop/evidence/ocr/24f843c3c3275cc6.png.txt,candidate_not_visually_approved
case-165338662,research/2026-09-11-yttop/evidence/assets/05ee42d5de97b0ac.png,https://cdn.imweb.me/upload/S202304199e04167fc8c5a/7ca4e452c00f3.png,761,532,research/2026-09-11-yttop/evidence/ocr/05ee42d5de97b0ac.png.txt,candidate_not_visually_approved
case-165338662,research/2026-09-11-yttop/evidence/assets/76fa1ded3a8b613a.png,https://cdn.imweb.me/upload/S202304199e04167fc8c5a/7944d88d79004.png,761,514,research/2026-09-11-yttop/evidence/ocr/76fa1ded3a8b613a.png.txt,candidate_not_visually_approved
case-165338662,research/2026-09-11-yttop/evidence/assets/942dbc6a5c16a4b5.png,https://cdn.imweb.me/thumbnail/20250612/a2e8d05dd9cde.png,761,532,research/2026-09-11-yttop/evidence/ocr/942dbc6a5c16a4b5.png.txt,candidate_not_visually_approved
case-165259921,research/2026-09-11-yttop/evidence/assets/212b6d872a9bdf2e.png,https://cdn.imweb.me/thumbnail/20250530/0d8313fbbb73c.png,1920,500,research/2026-09-11-yttop/evidence/ocr/212b6d872a9bdf2e.png.txt,candidate_not_visually_approved
case-165259921,research/2026-09-11-yttop/evidence/assets/24f843c3c3275cc6.png,https://cdn.imweb.me/thumbnail/20250530/e8e68f0bf3d23.png,1920,500,research/2026-09-11-yttop/evidence/ocr/24f843c3c3275cc6.png.txt,candidate_not_visually_approved
case-165259921,research/2026-09-11-yttop/evidence/assets/1a1e0090b631b988.png,https://cdn.imweb.me/upload/S202304199e04167fc8c5a/5dca6d72444f9.png,565,615,research/2026-09-11-yttop/evidence/ocr/1a1e0090b631b988.png.txt,candidate_not_visually_approved
case-165259921,research/2026-09-11-yttop/evidence/assets/d3919218575b5865.png,https://cdn.imweb.me/upload/S202304199e04167fc8c5a/aa4f11403a3d9.png,761,514,research/2026-09-11-yttop/evidence/ocr/d3919218575b5865.png.txt,candidate_not_visually_approved
case-165259921,research/2026-09-11-yttop/evidence/assets/40ec1cfffcd73d39.png,https://cdn.imweb.me/upload/S202304199e04167fc8c5a/b991b7a85c810.png,761,505,research/2026-09-11-yttop/evidence/ocr/40ec1cfffcd73d39.png.txt,candidate_not_visually_approved
case-165259921,research/2026-09-11-yttop/evidence/assets/c30976e2f1c0c7aa.png,https://cdn.imweb.me/upload/S202304199e04167fc8c5a/db8e03b8394a0.png,761,571,research/2026-09-11-yttop/evidence/ocr/c30976e2f1c0c7aa.png.txt,candidate_not_visually_approved
case-165259921,research/2026-09-11-yttop/evidence/assets/81b9c0e998967ea1.png,https://cdn.imweb.me/upload/S202304199e04167fc8c5a/4c025cc81945f.png,761,519,research/2026-09-11-yttop/evidence/ocr/81b9c0e998967ea1.png.txt,candidate_not_visually_approved
case-165259921,research/2026-09-11-yttop/evidence/assets/e26e0c803f878289.png,https://cdn.imweb.me/upload/S202304199e04167fc8c5a/22cf79904b7ba.png,761,573,research/2026-09-11-yttop/evidence/ocr/e26e0c803f878289.png.txt,candidate_not_visually_approved
case-165259921,research/2026-09-11-yttop/evidence/assets/ac60cb50b4b9ea80.png,https://cdn.imweb.me/upload/S202304199e04167fc8c5a/a50d068f5603f.png,761,579,research/2026-09-11-yttop/evidence/ocr/ac60cb50b4b9ea80.png.txt,candidate_not_visually_approved
case-165259921,research/2026-09-11-yttop/evidence/assets/c8075338536590e4.png,https://cdn.imweb.me/thumbnail/20250611/67408cb20cbc9.png,565,615,research/2026-09-11-yttop/evidence/ocr/c8075338536590e4.png.txt,candidate_not_visually_approved
case-165259783,research/2026-09-11-yttop/evidence/assets/212b6d872a9bdf2e.png,https://cdn.imweb.me/thumbnail/20250530/0d8313fbbb73c.png,1920,500,research/2026-09-11-yttop/evidence/ocr/212b6d872a9bdf2e.png.txt,candidate_not_visually_approved
case-165259783,research/2026-09-11-yttop/evidence/assets/24f843c3c3275cc6.png,https://cdn.imweb.me/thumbnail/20250530/e8e68f0bf3d23.png,1920,500,research/2026-09-11-yttop/evidence/ocr/24f843c3c3275cc6.png.txt,candidate_not_visually_approved
case-165259783,research/2026-09-11-yttop/evidence/assets/c24d153b10b04efd.png,https://cdn.imweb.me/upload/S202304199e04167fc8c5a/80ee3ae7c0b5d.png,1554,617,research/2026-09-11-yttop/evidence/ocr/c24d153b10b04efd.png.txt,candidate_not_visually_approved
case-165259783,research/2026-09-11-yttop/evidence/assets/122d44c88eacc615.png,https://cdn.imweb.me/thumbnail/20250611/1cf959f64df41.png,1199,476,research/2026-09-11-yttop/evidence/ocr/122d44c88eacc615.png.txt,candidate_not_visually_approved
case-165259713,research/2026-09-11-yttop/evidence/assets/212b6d872a9bdf2e.png,https://cdn.imweb.me/thumbnail/20250530/0d8313fbbb73c.png,1920,500,research/2026-09-11-yttop/evidence/ocr/212b6d872a9bdf2e.png.txt,candidate_not_visually_approved
case-165259713,research/2026-09-11-yttop/evidence/assets/24f843c3c3275cc6.png,https://cdn.imweb.me/thumbnail/20250530/e8e68f0bf3d23.png,1920,500,research/2026-09-11-yttop/evidence/ocr/24f843c3c3275cc6.png.txt,candidate_not_visually_approved
case-165259713,research/2026-09-11-yttop/evidence/assets/4a15821f62bbfe0c.png,https://cdn.imweb.me/upload/S202304199e04167fc8c5a/fe1b8922715d2.png,761,544,research/2026-09-11-yttop/evidence/ocr/4a15821f62bbfe0c.png.txt,candidate_not_visually_approved
case-165259713,research/2026-09-11-yttop/evidence/assets/464692bf16d297d8.png,https://cdn.imweb.me/upload/S202304199e04167fc8c5a/b8aa15742096e.png,761,518,research/2026-09-11-yttop/evidence/ocr/464692bf16d297d8.png.txt,candidate_not_visually_approved
case-165259713,research/2026-09-11-yttop/evidence/assets/c7a85b3d25e76671.png,https://cdn.imweb.me/upload/S202304199e04167fc8c5a/1a079ea210d2f.png,761,511,research/2026-09-11-yttop/evidence/ocr/c7a85b3d25e76671.png.txt,candidate_not_visually_approved
case-165259713,research/2026-09-11-yttop/evidence/assets/af1ee4d6a2a9d78f.png,https://cdn.imweb.me/thumbnail/20250611/27a346d0bfd84.png,761,544,research/2026-09-11-yttop/evidence/ocr/af1ee4d6a2a9d78f.png.txt,candidate_not_visually_approved
case-165204038,research/2026-09-11-yttop/evidence/assets/212b6d872a9bdf2e.png,https://cdn.imweb.me/thumbnail/20250530/0d8313fbbb73c.png,1920,500,research/2026-09-11-yttop/evidence/ocr/212b6d872a9bdf2e.png.txt,candidate_not_visually_approved
case-165204038,research/2026-09-11-yttop/evidence/assets/24f843c3c3275cc6.png,https://cdn.imweb.me/thumbnail/20250530/e8e68f0bf3d23.png,1920,500,research/2026-09-11-yttop/evidence/ocr/24f843c3c3275cc6.png.txt,candidate_not_visually_approved
case-165204038,research/2026-09-11-yttop/evidence/assets/6654f68efac8a499.png,https://cdn.imweb.me/upload/S202304199e04167fc8c5a/5efff42e6eac0.png,705,615,research/2026-09-11-yttop/evidence/ocr/6654f68efac8a499.png.txt,candidate_not_visually_approved
case-165204038,research/2026-09-11-yttop/evidence/assets/c03b8191851a31e8.png,https://cdn.imweb.me/thumbnail/20250610/2413ebdfc7ccf.png,705,615,research/2026-09-11-yttop/evidence/ocr/c03b8191851a31e8.png.txt,candidate_not_visually_approved
case-165203941,research/2026-09-11-yttop/evidence/assets/212b6d872a9bdf2e.png,https://cdn.imweb.me/thumbnail/20250530/0d8313fbbb73c.png,1920,500,research/2026-09-11-yttop/evidence/ocr/212b6d872a9bdf2e.png.txt,candidate_not_visually_approved
case-165203941,research/2026-09-11-yttop/evidence/assets/24f843c3c3275cc6.png,https://cdn.imweb.me/thumbnail/20250530/e8e68f0bf3d23.png,1920,500,research/2026-09-11-yttop/evidence/ocr/24f843c3c3275cc6.png.txt,candidate_not_visually_approved
case-165203941,research/2026-09-11-yttop/evidence/assets/8e72c5fb753cfa46.png,https://cdn.imweb.me/upload/S202304199e04167fc8c5a/6d65fe95d8f92.png,605,615,research/2026-09-11-yttop/evidence/ocr/8e72c5fb753cfa46.png.txt,candidate_not_visually_approved
case-165203941,research/2026-09-11-yttop/evidence/assets/e8bedf718c1f3014.png,https://cdn.imweb.me/upload/S202304199e04167fc8c5a/47b54be5a1959.png,761,496,research/2026-09-11-yttop/evidence/ocr/e8bedf718c1f3014.png.txt,candidate_not_visually_approved
case-165203941,research/2026-09-11-yttop/evidence/assets/080ac9a13e2b6664.png,https://cdn.imweb.me/upload/S202304199e04167fc8c5a/1b4eb90ac4dd0.png,761,566,research/2026-09-11-yttop/evidence/ocr/080ac9a13e2b6664.png.txt,candidate_not_visually_approved
case-165203941,research/2026-09-11-yttop/evidence/assets/698ea79ce11df159.png,https://cdn.imweb.me/upload/S202304199e04167fc8c5a/0ff66d832352a.png,761,571,research/2026-09-11-yttop/evidence/ocr/698ea79ce11df159.png.txt,candidate_not_visually_approved
case-165203941,research/2026-09-11-yttop/evidence/assets/62cc57d7fb017375.png,https://cdn.imweb.me/thumbnail/20250610/c030f929b420f.png,605,615,research/2026-09-11-yttop/evidence/ocr/62cc57d7fb017375.png.txt,candidate_not_visually_approved
case-165203625,research/2026-09-11-yttop/evidence/assets/212b6d872a9bdf2e.png,https://cdn.imweb.me/thumbnail/20250530/0d8313fbbb73c.png,1920,500,research/2026-09-11-yttop/evidence/ocr/212b6d872a9bdf2e.png.txt,candidate_not_visually_approved
case-165203625,research/2026-09-11-yttop/evidence/assets/24f843c3c3275cc6.png,https://cdn.imweb.me/thumbnail/20250530/e8e68f0bf3d23.png,1920,500,research/2026-09-11-yttop/evidence/ocr/24f843c3c3275cc6.png.txt,candidate_not_visually_approved
case-165203625,research/2026-09-11-yttop/evidence/assets/b4f5a3567b7414ce.png,https://cdn.imweb.me/upload/S202304199e04167fc8c5a/990bd3f697600.png,761,499,research/2026-09-11-yttop/evidence/ocr/b4f5a3567b7414ce.png.txt,candidate_not_visually_approved
case-165203625,research/2026-09-11-yttop/evidence/assets/957b2ac4241e55f7.png,https://cdn.imweb.me/upload/S202304199e04167fc8c5a/1faaad9f4a0e3.png,893,546,research/2026-09-11-yttop/evidence/ocr/957b2ac4241e55f7.png.txt,candidate_not_visually_approved
case-165203625,research/2026-09-11-yttop/evidence/assets/d88b530c4b2ed065.png,https://cdn.imweb.me/thumbnail/20250610/986e8172dd0f8.png,761,499,research/2026-09-11-yttop/evidence/ocr/d88b530c4b2ed065.png.txt,candidate_not_visually_approved
case-165151140,research/2026-09-11-yttop/evidence/assets/212b6d872a9bdf2e.png,https://cdn.imweb.me/thumbnail/20250530/0d8313fbbb73c.png,1920,500,research/2026-09-11-yttop/evidence/ocr/212b6d872a9bdf2e.png.txt,candidate_not_visually_approved
case-165151140,research/2026-09-11-yttop/evidence/assets/24f843c3c3275cc6.png,https://cdn.imweb.me/thumbnail/20250530/e8e68f0bf3d23.png,1920,500,research/2026-09-11-yttop/evidence/ocr/24f843c3c3275cc6.png.txt,candidate_not_visually_approved
case-165151140,research/2026-09-11-yttop/evidence/assets/cb3470350357f854.png,https://cdn.imweb.me/upload/S202304199e04167fc8c5a/2314e076c7aac.png,677,615,research/2026-09-11-yttop/evidence/ocr/cb3470350357f854.png.txt,candidate_not_visually_approved
case-165151140,research/2026-09-11-yttop/evidence/assets/7ba769708058be04.png,https://cdn.imweb.me/upload/S202304199e04167fc8c5a/ecef2090b3443.png,761,503,research/2026-09-11-yttop/evidence/ocr/7ba769708058be04.png.txt,candidate_not_visually_approved
case-165151140,research/2026-09-11-yttop/evidence/assets/e079b78413849db2.png,https://cdn.imweb.me/upload/S202304199e04167fc8c5a/979f2e105705a.png,761,522,research/2026-09-11-yttop/evidence/ocr/e079b78413849db2.png.txt,candidate_not_visually_approved
case-165151140,research/2026-09-11-yttop/evidence/assets/c2ef9e2fc3d999f9.png,https://cdn.imweb.me/upload/S202304199e04167fc8c5a/d635db4cb1f89.png,761,513,research/2026-09-11-yttop/evidence/ocr/c2ef9e2fc3d999f9.png.txt,candidate_not_visually_approved
case-165151140,research/2026-09-11-yttop/evidence/assets/d8c012109f1ff317.png,https://cdn.imweb.me/upload/S202304199e04167fc8c5a/d86ed33f1176e.png,761,500,research/2026-09-11-yttop/evidence/ocr/d8c012109f1ff317.png.txt,candidate_not_visually_approved
case-165151140,research/2026-09-11-yttop/evidence/assets/3e5615ddee291eb4.png,https://cdn.imweb.me/upload/S202304199e04167fc8c5a/08dda5002f8a7.png,761,507,research/2026-09-11-yttop/evidence/ocr/3e5615ddee291eb4.png.txt,candidate_not_visually_approved
case-165151140,research/2026-09-11-yttop/evidence/assets/1721cab5e8599832.png,https://cdn.imweb.me/upload/S202304199e04167fc8c5a/59638151b6142.png,732,428,research/2026-09-11-yttop/evidence/ocr/1721cab5e8599832.png.txt,candidate_not_visually_approved
case-165151140,research/2026-09-11-yttop/evidence/assets/7b8a0dbc8a7fce66.png,https://cdn.imweb.me/thumbnail/20250609/b23ccd083a0c3.png,677,615,research/2026-09-11-yttop/evidence/ocr/7b8a0dbc8a7fce66.png.txt,candidate_not_visually_approved
case-165150795,research/2026-09-11-yttop/evidence/assets/212b6d872a9bdf2e.png,https://cdn.imweb.me/thumbnail/20250530/0d8313fbbb73c.png,1920,500,research/2026-09-11-yttop/evidence/ocr/212b6d872a9bdf2e.png.txt,candidate_not_visually_approved
case-165150795,research/2026-09-11-yttop/evidence/assets/24f843c3c3275cc6.png,https://cdn.imweb.me/thumbnail/20250530/e8e68f0bf3d23.png,1920,500,research/2026-09-11-yttop/evidence/ocr/24f843c3c3275cc6.png.txt,candidate_not_visually_approved
case-165150795,research/2026-09-11-yttop/evidence/assets/8be1092630188b44.png,https://cdn.imweb.me/upload/S202304199e04167fc8c5a/9acd04ebc33d7.png,623,615,research/2026-09-11-yttop/evidence/ocr/8be1092630188b44.png.txt,candidate_not_visually_approved
case-165150795,research/2026-09-11-yttop/evidence/assets/4a6a57ef2f6ba34e.png,https://cdn.imweb.me/upload/S202304199e04167fc8c5a/33ff17f314922.png,761,477,research/2026-09-11-yttop/evidence/ocr/4a6a57ef2f6ba34e.png.txt,candidate_not_visually_approved
case-165150795,research/2026-09-11-yttop/evidence/assets/47892c3276ecab22.png,https://cdn.imweb.me/upload/S202304199e04167fc8c5a/1b40e7cbd020c.png,647,615,research/2026-09-11-yttop/evidence/ocr/47892c3276ecab22.png.txt,candidate_not_visually_approved
case-165150795,research/2026-09-11-yttop/evidence/assets/6c268f41809bb7b0.png,https://cdn.imweb.me/thumbnail/20250609/15d336f410549.png,623,615,research/2026-09-11-yttop/evidence/ocr/6c268f41809bb7b0.png.txt,candidate_not_visually_approved
case-165150549,research/2026-09-11-yttop/evidence/assets/212b6d872a9bdf2e.png,https://cdn.imweb.me/thumbnail/20250530/0d8313fbbb73c.png,1920,500,research/2026-09-11-yttop/evidence/ocr/212b6d872a9bdf2e.png.txt,candidate_not_visually_approved
case-165150549,research/2026-09-11-yttop/evidence/assets/24f843c3c3275cc6.png,https://cdn.imweb.me/thumbnail/20250530/e8e68f0bf3d23.png,1920,500,research/2026-09-11-yttop/evidence/ocr/24f843c3c3275cc6.png.txt,candidate_not_visually_approved
case-165150549,research/2026-09-11-yttop/evidence/assets/cabb16f460149fe1.png,https://cdn.imweb.me/upload/S202304199e04167fc8c5a/9d12e69ac4c5c.png,691,615,research/2026-09-11-yttop/evidence/ocr/cabb16f460149fe1.png.txt,candidate_not_visually_approved
case-165150549,research/2026-09-11-yttop/evidence/assets/b23d22c63473746b.png,https://cdn.imweb.me/upload/S202304199e04167fc8c5a/f0db2f69a85e2.png,719,615,research/2026-09-11-yttop/evidence/ocr/b23d22c63473746b.png.txt,candidate_not_visually_approved
case-165150549,research/2026-09-11-yttop/evidence/assets/d0ae687af548d0bc.png,https://cdn.imweb.me/upload/S202304199e04167fc8c5a/fef825c53640b.png,711,615,research/2026-09-11-yttop/evidence/ocr/d0ae687af548d0bc.png.txt,candidate_not_visually_approved
case-165150549,research/2026-09-11-yttop/evidence/assets/5dd8876ff7e80e2f.png,https://cdn.imweb.me/thumbnail/20250609/7333505ae351e.png,691,615,research/2026-09-11-yttop/evidence/ocr/5dd8876ff7e80e2f.png.txt,candidate_not_visually_approved
case-165150420,research/2026-09-11-yttop/evidence/assets/212b6d872a9bdf2e.png,https://cdn.imweb.me/thumbnail/20250530/0d8313fbbb73c.png,1920,500,research/2026-09-11-yttop/evidence/ocr/212b6d872a9bdf2e.png.txt,candidate_not_visually_approved
case-165150420,research/2026-09-11-yttop/evidence/assets/24f843c3c3275cc6.png,https://cdn.imweb.me/thumbnail/20250530/e8e68f0bf3d23.png,1920,500,research/2026-09-11-yttop/evidence/ocr/24f843c3c3275cc6.png.txt,candidate_not_visually_approved
case-165150420,research/2026-09-11-yttop/evidence/assets/5f0908ad5822f94d.png,https://cdn.imweb.me/upload/S202304199e04167fc8c5a/0c276bc0d86de.png,761,495,research/2026-09-11-yttop/evidence/ocr/5f0908ad5822f94d.png.txt,candidate_not_visually_approved
case-165150420,research/2026-09-11-yttop/evidence/assets/bea0367ccd81d48a.png,https://cdn.imweb.me/thumbnail/20250609/6d9a9248737d3.png,761,495,research/2026-09-11-yttop/evidence/ocr/bea0367ccd81d48a.png.txt,candidate_not_visually_approved
case-164673242,research/2026-09-11-yttop/evidence/assets/212b6d872a9bdf2e.png,https://cdn.imweb.me/thumbnail/20250530/0d8313fbbb73c.png,1920,500,research/2026-09-11-yttop/evidence/ocr/212b6d872a9bdf2e.png.txt,candidate_not_visually_approved
case-164673242,research/2026-09-11-yttop/evidence/assets/24f843c3c3275cc6.png,https://cdn.imweb.me/thumbnail/20250530/e8e68f0bf3d23.png,1920,500,research/2026-09-11-yttop/evidence/ocr/24f843c3c3275cc6.png.txt,candidate_not_visually_approved
case-164673242,research/2026-09-11-yttop/evidence/assets/04f89b5ca49e2a38.png,https://cdn.imweb.me/upload/S202304199e04167fc8c5a/029c1c5a54050.png,381,255,research/2026-09-11-yttop/evidence/ocr/04f89b5ca49e2a38.png.txt,candidate_not_visually_approved
case-164673242,research/2026-09-11-yttop/evidence/assets/bc8193e2f3d6fc80.png,https://cdn.imweb.me/upload/S202304199e04167fc8c5a/445b06d0e26b9.png,394,255,research/2026-09-11-yttop/evidence/ocr/bc8193e2f3d6fc80.png.txt,candidate_not_visually_approved
case-164673242,research/2026-09-11-yttop/evidence/assets/84202d3b160db616.png,https://cdn.imweb.me/upload/S202304199e04167fc8c5a/392ec27531f35.png,761,549,research/2026-09-11-yttop/evidence/ocr/84202d3b160db616.png.txt,candidate_not_visually_approved
case-164673242,research/2026-09-11-yttop/evidence/assets/00478af16bdf581b.png,https://cdn.imweb.me/upload/S202304199e04167fc8c5a/80294be500795.png,761,543,research/2026-09-11-yttop/evidence/ocr/00478af16bdf581b.png.txt,candidate_not_visually_approved
case-164673242,research/2026-09-11-yttop/evidence/assets/b88bc17b18151e6b.png,https://cdn.imweb.me/thumbnail/20250530/a9ac89cec0dd5.png,381,255,research/2026-09-11-yttop/evidence/ocr/b88bc17b18151e6b.png.txt,candidate_not_visually_approved
case-164673233,research/2026-09-11-yttop/evidence/assets/212b6d872a9bdf2e.png,https://cdn.imweb.me/thumbnail/20250530/0d8313fbbb73c.png,1920,500,research/2026-09-11-yttop/evidence/ocr/212b6d872a9bdf2e.png.txt,candidate_not_visually_approved
case-164673233,research/2026-09-11-yttop/evidence/assets/24f843c3c3275cc6.png,https://cdn.imweb.me/thumbnail/20250530/e8e68f0bf3d23.png,1920,500,research/2026-09-11-yttop/evidence/ocr/24f843c3c3275cc6.png.txt,candidate_not_visually_approved
case-164673233,research/2026-09-11-yttop/evidence/assets/fcb06669c337a2c4.png,https://cdn.imweb.me/upload/S202304199e04167fc8c5a/19951f5be3c34.png,393,255,research/2026-09-11-yttop/evidence/ocr/fcb06669c337a2c4.png.txt,candidate_not_visually_approved
case-164673233,research/2026-09-11-yttop/evidence/assets/af2bb2ee45a38023.png,https://cdn.imweb.me/thumbnail/20250530/34332383d4c81.png,393,255,research/2026-09-11-yttop/evidence/ocr/af2bb2ee45a38023.png.txt,candidate_not_visually_approved
case-164673218,research/2026-09-11-yttop/evidence/assets/212b6d872a9bdf2e.png,https://cdn.imweb.me/thumbnail/20250530/0d8313fbbb73c.png,1920,500,research/2026-09-11-yttop/evidence/ocr/212b6d872a9bdf2e.png.txt,candidate_not_visually_approved
case-164673218,research/2026-09-11-yttop/evidence/assets/24f843c3c3275cc6.png,https://cdn.imweb.me/thumbnail/20250530/e8e68f0bf3d23.png,1920,500,research/2026-09-11-yttop/evidence/ocr/24f843c3c3275cc6.png.txt,candidate_not_visually_approved
case-164673218,research/2026-09-11-yttop/evidence/assets/f4a5885b1a29adb8.png,https://cdn.imweb.me/upload/S202304199e04167fc8c5a/d0f34a32ff23e.png,343,255,research/2026-09-11-yttop/evidence/ocr/f4a5885b1a29adb8.png.txt,candidate_not_visually_approved
case-164673218,research/2026-09-11-yttop/evidence/assets/4e516a6d5e735cfb.png,https://cdn.imweb.me/upload/S202304199e04167fc8c5a/a6659884cffd4.png,330,255,research/2026-09-11-yttop/evidence/ocr/4e516a6d5e735cfb.png.txt,candidate_not_visually_approved
case-164673218,research/2026-09-11-yttop/evidence/assets/b4b0bf831842e110.png,https://cdn.imweb.me/thumbnail/20250530/8d9bdafb2c8b4.png,343,255,research/2026-09-11-yttop/evidence/ocr/b4b0bf831842e110.png.txt,candidate_not_visually_approved
case-164673206,research/2026-09-11-yttop/evidence/assets/212b6d872a9bdf2e.png,https://cdn.imweb.me/thumbnail/20250530/0d8313fbbb73c.png,1920,500,research/2026-09-11-yttop/evidence/ocr/212b6d872a9bdf2e.png.txt,candidate_not_visually_approved
case-164673206,research/2026-09-11-yttop/evidence/assets/24f843c3c3275cc6.png,https://cdn.imweb.me/thumbnail/20250530/e8e68f0bf3d23.png,1920,500,research/2026-09-11-yttop/evidence/ocr/24f843c3c3275cc6.png.txt,candidate_not_visually_approved
case-164673206,research/2026-09-11-yttop/evidence/assets/2029ddb5451cadd2.png,https://cdn.imweb.me/upload/S202304199e04167fc8c5a/45d7e31f369b4.png,761,570,research/2026-09-11-yttop/evidence/ocr/2029ddb5451cadd2.png.txt,candidate_not_visually_approved
case-164673206,research/2026-09-11-yttop/evidence/assets/4d058c35946b17e0.png,https://cdn.imweb.me/upload/S202304199e04167fc8c5a/57308f5c8ae2b.png,532,255,research/2026-09-11-yttop/evidence/ocr/4d058c35946b17e0.png.txt,candidate_not_visually_approved
case-164673206,research/2026-09-11-yttop/evidence/assets/cf25ba84f5cb1b34.png,https://cdn.imweb.me/thumbnail/20250604/d101eef59f542.png,761,570,research/2026-09-11-yttop/evidence/ocr/cf25ba84f5cb1b34.png.txt,candidate_not_visually_approved
case-164673131,research/2026-09-11-yttop/evidence/assets/fce0aadd16974509.png,https://cdn.imweb.me/upload/S202304199e04167fc8c5a/ded766325423c.png,298,255,research/2026-09-11-yttop/evidence/ocr/fce0aadd16974509.png.txt,candidate_not_visually_approved
case-164673131,research/2026-09-11-yttop/evidence/assets/32f6e9c3ca8aa539.png,https://cdn.imweb.me/upload/S202304199e04167fc8c5a/6f0855b284a71.png,303,255,research/2026-09-11-yttop/evidence/ocr/32f6e9c3ca8aa539.png.txt,candidate_not_visually_approved
case-164673131,research/2026-09-11-yttop/evidence/assets/d09a71a475327937.png,https://cdn.imweb.me/thumbnail/20250530/ed31932b07e42.png,298,255,research/2026-09-11-yttop/evidence/ocr/d09a71a475327937.png.txt,candidate_not_visually_approved
case-164673116,research/2026-09-11-yttop/evidence/assets/fcfe333cc21294cc.png,https://cdn.imweb.me/upload/S202304199e04167fc8c5a/0bf5925c8be9e.png,392,255,research/2026-09-11-yttop/evidence/ocr/fcfe333cc21294cc.png.txt,candidate_not_visually_approved
case-164673116,research/2026-09-11-yttop/evidence/assets/60fe19a405db9566.png,https://cdn.imweb.me/upload/S202304199e04167fc8c5a/f5ee479ed77b2.png,388,255,research/2026-09-11-yttop/evidence/ocr/60fe19a405db9566.png.txt,candidate_not_visually_approved
case-164673116,research/2026-09-11-yttop/evidence/assets/01cd27e98f44c429.png,https://cdn.imweb.me/upload/S202304199e04167fc8c5a/c4fd924d5afd6.png,761,497,research/2026-09-11-yttop/evidence/ocr/01cd27e98f44c429.png.txt,candidate_not_visually_approved
case-164673116,research/2026-09-11-yttop/evidence/assets/1d2099b148f1bd6e.png,https://cdn.imweb.me/upload/S202304199e04167fc8c5a/918aa6a649116.png,771,724,research/2026-09-11-yttop/evidence/ocr/1d2099b148f1bd6e.png.txt,candidate_not_visually_approved
case-164673116,research/2026-09-11-yttop/evidence/assets/a008c10d27978c49.png,https://cdn.imweb.me/thumbnail/20250530/9ca09f42d273a.png,392,255,research/2026-09-11-yttop/evidence/ocr/a008c10d27978c49.png.txt,candidate_not_visually_approved
